source_row,review_id,scopus_id,doi,title,journal,keywords,DB_policy_claim,db notes,EC_policy_claim,ec notes,concordance,Unnamed: 12,Unnamed: 13,db_double_checked,Unnamed: 15,ok,jev_p_yes,jev_policy_claim,jev_choice,jev_choice_p_yes,jev_choice_confidence,jev_input_tokens,jev_output_tokens,jev_cost_usd,jev_latency_ms,jev_attempts,jev_model,jev_request_id,jev_error,jev_questions_hash,jev_timestamp
0,S400-001,SCOPUS_ID:0031968704,10.2105/AJPH.88.3.364,Insurance or a regular physician: Which is the most powerful predictor of health care?,American Journal Of Public Health,[],False,,False,,,,,,,True,0.05,False,no,0.0,1.0,1660,50,6.972e-05,718.7845419975929,1,typesafe/jev-1.13-20260917,gen-dec-1789843186-hZNG1lqe1oLdr4qwlhw5,,1d16b25dcca8,2026-09-19T18:39:46+00:00
1,S400-002,SCOPUS_ID:84938780031,10.1093/aje/kwv064,"Analyzing seasonal variations in suicide with fourier poisson time-series regression: A registry-based study from Norway, 1969-2007",American Journal Of Epidemiology,"['seasonal variation', 'suicide']",False,,False,,,,,,,True,0.03,False,no,0.0,1.0,1616,50,6.7872e-05,673.9531249913853,1,typesafe/jev-1.13-20260917,gen-dec-1789843186-vf9GIQvz7YEoWnAkBJH1,,1d16b25dcca8,2026-09-19T18:39:46+00:00
2,S400-003,SCOPUS_ID:7644239491,10.1016/j.ypmed.2004.05.013,A breast-feeding promotion and support program a randomized trial in the Netherlands,Preventive Medicine,"['Attitude', 'Breast-feeding', 'I-change model', 'Self-efficacy', 'Social influences', 'Weaning']",False,,False,,,,,,,True,0.17,False,no,0.07,0.85,1659,50,6.9678e-05,731.5910840115976,1,typesafe/jev-1.13-20260917,gen-dec-1789843186-L0anhxATokQRavPlxND9,,1d16b25dcca8,2026-09-19T18:39:46+00:00
3,S400-004,SCOPUS_ID:0037764712,10.1093/eurpub/13.2.138,On the use of administrative databases to support planning activities: The case of the evaluation of neonatal case-mix in the Emilia-Romagna region using DRG and APR-DRG classification systems,European Journal Of Public Health,"['Administrative data', 'DRG', 'Neonatal intensive care', 'Planning']",False,,False,,,,,,,True,0.41,False,no,0.39,0.22,1570,50,6.594e-05,737.4622089846525,1,typesafe/jev-1.13-20260917,gen-dec-1789843186-gqFigqEmYBgjCUADTbZ0,,1d16b25dcca8,2026-09-19T18:39:46+00:00
4,S400-005,SCOPUS_ID:0035873404,10.1093/aje/153.10.969,Trends in nutrient intake of 10-year-old children over two decades (1973-1994): The Bogalusa heart study,American Journal Of Epidemiology,"['Child nutrition', 'Diet', 'Energy intake', 'Fats', 'Nutrition surveys']",False,,False,,,,,,,True,0.05,False,no,0.0,1.0,1687,50,7.0854e-05,733.579583989922,1,typesafe/jev-1.13-20260917,gen-dec-1789843186-AQOj0If0gfQ6vxyI0LM1,,1d16b25dcca8,2026-09-19T18:39:46+00:00
5,S400-006,SCOPUS_ID:0032523785,10.1093/oxfordjournals.aje.a009383,Exposure to environmental tobacco smoke and risk factors for heart disease among never smokers in the Third National Health and Nutrition Examination Survey,American Journal Of Epidemiology,"['Cardiovascular diseases', 'Cotinine', 'Environmental pollution, tobacco smoke', 'Heart diseases', 'Lipoproteins, HDL cholesterol', 'Risk factors']",False,,False,,,,,,,True,0.03,False,no,0.0,1.0,1761,50,7.3962e-05,1220.0077090237755,1,typesafe/jev-1.13-20260917,gen-dec-1789843186-61zyL4WXH0lDOpVEOXu7,,1d16b25dcca8,2026-09-19T18:39:47+00:00
6,S400-007,SCOPUS_ID:85121733067,10.1016/j.ypmed.2021.106934,Family's socioeconomic profile at birth and offspring mortality until midlife – The Northern Finland Birth Cohort 1966 study,Preventive Medicine,"['Birth cohort', 'Cohort studies', 'Latent class analysis', 'Mortality', 'Parent-offspring linkage', 'Socioeconomic status']",False,,False,,,,,,,True,0.03,False,no,0.0,1.0,1737,50,7.2954e-05,723.1789999932516,1,typesafe/jev-1.13-20260917,gen-dec-1789843186-leybcJjrMLrToLTIQbPm,,1d16b25dcca8,2026-09-19T18:39:46+00:00
7,S400-008,SCOPUS_ID:85087724115,10.1016/j.ypmed.2020.106176,History of child maltreatment and excessive dietary and screen time behaviors in young adults: Results from a nationally representative study,Preventive Medicine,"['African Americans', 'Child abuse', 'Diet', 'Hispanic Americans', 'Obesity', 'Screen time', 'Stress']",True,,True,,,,,,,True,0.44,False,no,0.49,0.02,1760,50,7.392e-05,661.3867499982007,1,typesafe/jev-1.13-20260917,gen-dec-1789843186-vpKMtRZEYcMLWYiQlgWV,,1d16b25dcca8,2026-09-19T18:39:46+00:00
8,S400-009,SCOPUS_ID:0242464932,10.1093/ije/dyg004,Relation of plasma folate and methylenetetrahydrofolate reductase C677T polymorphism to colorectal adenomas,International Journal Of Epidemiology,"['Genetic polymorphism colorectal adenomas', 'Methylenetetrahydrofolate reductase', 'Plasma folate']",False,,False,,,,,,,True,0.03,False,no,0.0,1.0,1707,50,7.1694e-05,282.58516697678715,1,typesafe/jev-1.13-20260917,gen-dec-1789843186-vJTpZJZKov4IOpu9TJQ7,,1d16b25dcca8,2026-09-19T18:39:46+00:00
9,S400-010,SCOPUS_ID:0025848976,10.2105/AJPH.81.5.592,Benzodiazepine anti-anxiety agents: Prevalence and correlates of use in a southern community,American Journal Of Public Health,[],False,,False,,,,,,,True,0.38,False,no,0.4,0.2,1625,50,6.825e-05,275.67483301390894,1,typesafe/jev-1.13-20260917,gen-dec-1789843186-yL0RmiWxqQquepSbBJCP,,1d16b25dcca8,2026-09-19T18:39:46+00:00
10,S400-011,SCOPUS_ID:84907339427,10.1016/j.ypmed.2014.07.019,"Multilevel evaluation of 'China Healthy Lifestyles for All', a nationwide initiative to promote lower intakes of salt and edible oil",Preventive Medicine,"['China', 'Edible oil', 'Geographic variations', 'Health literacy', 'Multilevel modelling', 'Preventive health', 'Salt']",True,,True,,,,,,,True,0.76,True,yes,0.9,0.8,1780,50,7.476e-05,284.9500410084147,1,typesafe/jev-1.13-20260917,gen-dec-1789843186-HheuNvrCGynonADcFbs1,,1d16b25dcca8,2026-09-19T18:39:46+00:00
11,S400-012,SCOPUS_ID:85017184849,10.1093/ije/dyw314,Triangulation in aetiological epidemiology,International Journal Of Epidemiology,"['Negative control studies', 'Aetiological epidemiology', 'Causality', 'Instrumental variables', 'Mendelian randomization', 'Natural experiments', 'RCTs', 'Triangulation', 'Within-sibships studies']",False,,False,,,,,,,True,0.03,False,no,0.0,1.0,1639,50,6.8838e-05,1272.0039160049055,1,typesafe/jev-1.13-20260917,gen-dec-1789843187-bw0Q6PUJJAV5sXyqDQ5g,,1d16b25dcca8,2026-09-19T18:39:47+00:00
12,S400-013,SCOPUS_ID:77958157041,10.1016/j.amepre.2010.07.009,Adoption of policies to treat tobacco dependence in U.S. medical groups,American Journal Of Preventive Medicine,[],True,,True,"the authors do not give specific recommendations though, so on the fence here",,,,,,True,0.65,True,yes,0.74,0.49,1735,50,7.287e-05,287.7512089908123,1,typesafe/jev-1.13-20260917,gen-dec-1789843186-1ItV20U3h1lLwq9cPFTC,,1d16b25dcca8,2026-09-19T18:39:46+00:00
13,S400-014,SCOPUS_ID:34548386735,10.1093/eurpub/ckl245,Trends in vigorous physical activity and TV watching of adolescents from 1986 to 2002 in seven European Countries,European Journal Of Public Health,"['Adolescents', 'Europe', 'Physical activity', 'Trends', 'TV watching']",False,,False,,,,,,,True,0.03,False,no,0.0,1.0,1694,50,7.1148e-05,294.2078339983709,1,typesafe/jev-1.13-20260917,gen-dec-1789843186-MgZRFBNFiflcyG2GKaKX,,1d16b25dcca8,2026-09-19T18:39:46+00:00
14,S400-015,SCOPUS_ID:0032794564,10.1097/00001648-199909000-00011,Menstrual and reproductive factors for salivary gland cancer risk in women,Epidemiology,"['Menstrual factors', 'Reproductive factors', 'Risk factors', 'Salivary gland cancer', 'Women']",False,,False,,,,,,,True,0.03,False,no,0.0,1.0,1590,50,6.678e-05,235.06950002047233,1,typesafe/jev-1.13-20260917,gen-dec-1789843186-og85AhSfWDSU70TnWEvD,,1d16b25dcca8,2026-09-19T18:39:46+00:00
15,S400-016,SCOPUS_ID:85061033867,10.1097/EDE.0000000000000945,Comparison of Methods for Algorithmic Classification of Dementia Status in the Health and Retirement Study,Epidemiology,"['Algorithms', ""Alzheimer's disease"", 'Dementia', 'Health and Retirement Study']",False,,False,,,,,,,True,0.15,False,no,0.06,0.89,1804,50,7.5768e-05,264.85383399995044,1,typesafe/jev-1.13-20260917,gen-dec-1789843186-TPa0nKvuf69FNJyxOV6d,,1d16b25dcca8,2026-09-19T18:39:47+00:00
16,S400-017,SCOPUS_ID:0025975542,10.2105/AJPH.81.1.101,The status of restrictive smoking policies: A survey of medical schools in the United States and Canada,American Journal Of Public Health,[],False,,False,,,,,,,True,0.03,False,no,0.0,1.0,1494,50,6.2748e-05,884.7430419991724,1,typesafe/jev-1.13-20260917,gen-dec-1789843187-9uP8mbq2RLCsyjF2zE1w,,1d16b25dcca8,2026-09-19T18:39:47+00:00
17,S400-018,SCOPUS_ID:85138127378,10.1016/j.ypmed.2022.107223,Rural and urban disparities in potentially preventable hospitalizations among US patients with Alzheimer's Disease and Related Dementias: Evidence of hospital-based telehealth and enabling services,Preventive Medicine,"[""Alzheimer's disease and related dementias"", 'Enabling services', 'Preventable hospitalizations', 'Telehealth']",True,,True,,,,,,,True,0.72,True,yes,0.86,0.72,1827,50,7.6734e-05,242.22904202179052,1,typesafe/jev-1.13-20260917,gen-dec-1789843186-m5dUQbhFJ1jpLbwHXKbh,,1d16b25dcca8,2026-09-19T18:39:47+00:00
18,S400-019,SCOPUS_ID:85026467281,10.1093/eurpub/ckx042,Whether people believe that overweight is unhealthy depends on their BMI,European Journal Of Public Health,[],False,,False,,,,,,,True,0.08,False,no,0.01,0.98,1442,50,6.0564e-05,250.83266699220985,1,typesafe/jev-1.13-20260917,gen-dec-1789843186-3IALZe8DEzR3f7VqNqFM,,1d16b25dcca8,2026-09-19T18:39:47+00:00
19,S400-020,SCOPUS_ID:0034049918,10.1006/pmed.2000.0665,Total Quality Leadership in the U.S. Navy: Effective for health promotion activities?,Preventive Medicine,"['Disease prevention', 'Health survey', 'Military', 'Navy', 'Total Quality Leadership', 'Worksite health promotion']",False,,False,,,,,,,True,0.04,False,no,0.0,1.0,1642,50,6.8964e-05,253.98458298877813,1,typesafe/jev-1.13-20260917,gen-dec-1789843186-OUWgtIp6bfKZajxTHC2V,,1d16b25dcca8,2026-09-19T18:39:47+00:00
20,S400-021,SCOPUS_ID:77952306138,10.1093/ije/dyp229,"Resting heart rate and blood pressure, independent of each other, proportionally raise the risk for type-2 diabetes mellitus",International Journal Of Epidemiology,"['Blood pressure', 'Diabetes', 'Follow-up study', 'Heart rate', 'Risk factors']",False,,False,,,,,,,True,0.03,False,no,0.0,1.0,1789,50,7.5138e-05,305.6775830045808,1,typesafe/jev-1.13-20260917,gen-dec-1789843187-pSnzQTpinp1iQqLJ9lAk,,1d16b25dcca8,2026-09-19T18:39:47+00:00
21,S400-022,SCOPUS_ID:0031863645,10.1023/A:1007427925583,Prevalence of bovine verotoxin-producing Escherichia coli in Argentina,European Journal Of Epidemiology,"['Cattle', 'Escherichia coli', 'Intimin', 'Shiga-like toxins', 'Verotoxins']",False,,False,"not a human study, surprised it's even included",,,,,,True,0.04,False,no,0.0,1.0,1750,50,7.35e-05,305.8334579982329,1,typesafe/jev-1.13-20260917,gen-dec-1789843187-skxJdvC2oJOYiGVYg2uz,,1d16b25dcca8,2026-09-19T18:39:47+00:00
22,S400-023,SCOPUS_ID:0006096230,10.1093/eurpub/3.4.290,A case-control assessment of risk factors for Haemophilus influenzae type b meningitis,European Journal Of Public Health,"['Children', 'Haemophilis influenzae type b', 'Meningitis', 'Risk factors']",True,,True,,,,,,,True,0.77,True,yes,0.89,0.78,1505,50,6.321e-05,273.42558398959227,1,typesafe/jev-1.13-20260917,gen-dec-1789843187-ZyceeSecvwKRXcxWPpP1,,1d16b25dcca8,2026-09-19T18:39:47+00:00
23,S400-024,SCOPUS_ID:85184817755,10.1016/j.ypmed.2024.107892,"Identifying overlaps and disconnects between media reports and official records of nonfatal firearm injuries in Indianapolis, Indiana, 2021–2022",Preventive Medicine,"['Communities', 'Data linkage', 'Firearm injuries', 'Media', 'Structural disadvantage']",True,,True,,,,,,,True,0.97,True,yes,1.0,1.0,1699,50,7.1358e-05,274.9484579835553,1,typesafe/jev-1.13-20260917,gen-dec-1789843187-0rbD9fZH40pIPZLEe3Ql,,1d16b25dcca8,2026-09-19T18:39:47+00:00
24,S400-025,SCOPUS_ID:84866321529,10.2105/AJPH.2012.300934,Effects of home visiting on adolescent mothers' parenting attitudes,American Journal Of Public Health,[],False,didn't extract full abstract,False,https://ajph.aphapublications.org/doi/full/10.2105/AJPH.2012.300934,,,,,,True,0.03,False,no,0.0,1.0,1462,50,6.1404e-05,1231.9800410186872,1,typesafe/jev-1.13-20260917,gen-dec-1789843188-QjwLIil5rfWXi19D6zus,,1d16b25dcca8,2026-09-19T18:39:48+00:00
25,S400-026,SCOPUS_ID:33645464863,10.1093/eurpub/cki199,Breastfeeding duration is determined by only a few factors,European Journal Of Public Health,"['Breastfeeding', 'Influencing factors', 'Outcome prognosis', 'Resource allocation']",True,,True,although they do say that their findings need to be confrimed,,,,,,True,0.85,True,yes,0.98,0.96,1706,50,7.1652e-05,281.83416699175723,1,typesafe/jev-1.13-20260917,gen-dec-1789843187-1mvM21H4aQd1NPDLMhbR,,1d16b25dcca8,2026-09-19T18:39:47+00:00
26,S400-027,SCOPUS_ID:20544447667,10.1093/aje/kwi141,"Large-scale comparative analysis of pertussis population dynamics: Periodicity, synchrony, and impact of vaccination",American Journal Of Epidemiology,"['Comparative analysis', 'Periodicity', 'Population surveillance', 'Vaccination', 'Wavelet methods', 'Whooping cough']",True,,False,"to me, they suggest further research rather than a policy implication?",!!!,,,False,,True,0.11,False,no,0.01,0.98,1562,50,6.5604e-05,311.79533299291506,1,typesafe/jev-1.13-20260917,gen-dec-1789843187-JG1R4BSUxccMzI3iFZc7,,1d16b25dcca8,2026-09-19T18:39:47+00:00
27,S400-028,SCOPUS_ID:0035148770,10.1136/jech.55.2.80,An explanation of the persistent doctor-mortality association,Journal Of Epidemiology And Community Health,[],False,,False,,,,,,,True,0.04,False,no,0.0,1.0,1632,50,6.8544e-05,928.5202920145821,1,typesafe/jev-1.13-20260917,gen-dec-1789843188-391hH9gyZf48Jz7KrGW3,,1d16b25dcca8,2026-09-19T18:39:48+00:00
28,S400-029,SCOPUS_ID:0034535398,10.1023/A:1026793615987,Childhood cancer survival in Cuba,European Journal Of Epidemiology,"['Cancer Registry', 'Childhood cancer', 'Survival']",False,,False,,,,,,,True,0.17,False,no,0.04,0.92,1750,50,7.35e-05,252.76379098067991,1,typesafe/jev-1.13-20260917,gen-dec-1789843187-veoWK26q8OjpDAF6TG5G,,1d16b25dcca8,2026-09-19T18:39:47+00:00
29,S400-030,SCOPUS_ID:57149102085,10.2105/AJPH.2008.137018,Anabolic-androgenic steroid use and involvement in violent behavior in a nationally representative sample of young adult males in the United States,American Journal Of Public Health,[],False,,False,,,,,,,True,0.02,False,no,0.0,1.0,1472,50,6.1824e-05,338.383291993523,1,typesafe/jev-1.13-20260917,gen-dec-1789843187-ARYeod4ERvY7UaByv2IJ,,1d16b25dcca8,2026-09-19T18:39:47+00:00
30,S400-031,SCOPUS_ID:0029557074,10.1136/jech.49.6.575,Seasonal variation in coronary heart disease in Scotland,Journal Of Epidemiology And Community Health,[],False,,False,,,,,,,True,0.03,False,no,0.0,1.0,1823,50,7.6566e-05,358.989833999658,1,typesafe/jev-1.13-20260917,gen-dec-1789843187-AHzr2fiULKyjiBUpQGMo,,1d16b25dcca8,2026-09-19T18:39:47+00:00
31,S400-032,SCOPUS_ID:0036876412,10.1016/S0749-3797(02)00513-5,"Seatbelt use, attitudes, and changes in legislation - An international study",American Journal Of Preventive Medicine,"['Attitude', 'Motor vehicles', 'Public health', 'Seat belts', 'Students', 'Wounds and injuries']",True,,True,,,,,,,True,0.62,True,yes,0.69,0.38,1722,50,7.2324e-05,290.76408297987655,1,typesafe/jev-1.13-20260917,gen-dec-1789843187-1ZDBChhwPG9lw2jmZJSb,,1d16b25dcca8,2026-09-19T18:39:47+00:00
32,S400-033,SCOPUS_ID:74549114742,10.1097/EDE.0b013e3181b5f3b0,Mental vulnerability and survival after cancer,Epidemiology,[],False,,False,,,,,,,True,0.02,False,no,0.0,1.0,1602,50,6.7284e-05,315.5649580003228,1,typesafe/jev-1.13-20260917,gen-dec-1789843187-GXWaVxLOIeJUwYVn3BUx,,1d16b25dcca8,2026-09-19T18:39:47+00:00
33,S400-034,SCOPUS_ID:84960395680,10.1093/aje/kwv299,"The potential trajectory of carbapenem-resistant enterobacteriaceae, an emerging threat to health-care facilities, and the impact of the centers for disease control and prevention toolkit",American Journal Of Epidemiology,"['carbapenem-resistant Enterobacteriaceae', 'control measures', 'coordinated responses', 'regional spread', 'surveillance']",True,,True,,,,,,,True,0.33,False,no,0.19,0.63,1667,50,7.0014e-05,252.1372499759309,1,typesafe/jev-1.13-20260917,gen-dec-1789843187-71HnxhbGDThM1hwFxR22,,1d16b25dcca8,2026-09-19T18:39:47+00:00
34,S400-035,SCOPUS_ID:0036230530,10.1097/00001648-200205000-00020,The urban spread of visceral leishmaniasis: Clues from spatial analysis,Epidemiology,"['Brazil', 'Clustering', 'Geographic information systems', 'Infectious disease', 'Smoothing', 'Spatial analysis', 'Visceral leishmaniasis']",False,,False,,,,,,,True,0.82,True,yes,0.96,0.92,1502,50,6.3084e-05,347.30550000676885,1,typesafe/jev-1.13-20260917,gen-dec-1789843187-FZVvkBblZTNotWBvsLs3,,1d16b25dcca8,2026-09-19T18:39:48+00:00
35,S400-036,SCOPUS_ID:35648998938,10.1093/eurpub/ckl262,Diet and exercise intervention in a general population - Mediators of participation and adherence: The Inter99 study,European Journal Of Public Health,"['Community participation', 'Diet', 'Exercise', 'Intervention study', 'Mediators']",True,,False,They seem to ask for more research?,!!!,,,False,,True,0.17,False,no,0.05,0.9,1700,50,7.14e-05,266.55629198648967,1,typesafe/jev-1.13-20260917,gen-dec-1789843187-y7jPW4PNZnbbsrwAclx8,,1d16b25dcca8,2026-09-19T18:39:48+00:00
36,S400-037,SCOPUS_ID:0033024558,10.1023/A:1007535722726,How do general practitioners approach hepatitis C virus screening in France?,European Journal Of Epidemiology,"['Anti-HCV testing', 'Blood transfusion', 'France', 'General practice', 'Sentinel network']",True,,True,,,,,,,True,0.09,False,no,0.02,0.97,1846,50,7.7532e-05,235.89037501369603,1,typesafe/jev-1.13-20260917,gen-dec-1789843187-OgK1k9saw67Z1T9QI5qH,,1d16b25dcca8,2026-09-19T18:39:48+00:00
37,S400-038,SCOPUS_ID:85028983494,10.1007/s10654-017-0298-z,Relationship of very low serum 25-hydroxyvitamin D<inf>3</inf> levels with long-term survival in a large cohort of colorectal cancer patients from Germany,European Journal Of Epidemiology,"['Colorectal cancer', 'Dose–response relationship', 'Survival', 'Vitamin D']",False,,False,borderline,,,,,,True,0.19,False,no,0.08,0.85,1862,50,7.8204e-05,273.25299999210984,1,typesafe/jev-1.13-20260917,gen-dec-1789843187-pG497rhI54eiJJjmsW9H,,1d16b25dcca8,2026-09-19T18:39:48+00:00
38,S400-039,SCOPUS_ID:34548309485,10.1016/j.ypmed.2007.06.014,The effectiveness of brief advice and extended smoking cessation counseling programs when implemented routinely in hospitals,Preventive Medicine,"['Brief intervention', 'Counseling', 'Hospital', 'Implementation', 'In-patient', 'Smoking cessation']",True,,True,,,,,,,True,0.56,True,yes,0.68,0.36,1678,50,7.0476e-05,471.46308299852535,1,typesafe/jev-1.13-20260917,gen-dec-1789843188-hXUTFX82NXTUL7c9AQMh,,1d16b25dcca8,2026-09-19T18:39:48+00:00
39,S400-040,SCOPUS_ID:0034880586,10.1016/S0091-7435(01)80002-5,Factors associated with daily smoking among Israeli adolescents: A prospective cohort study with a 3-year follow-up,Preventive Medicine,"['Adolescents', 'Predictor variables', 'Smoking']",True,,True,,,,,,,True,0.91,True,yes,0.99,0.98,1856,50,7.7952e-05,408.1471250101458,1,typesafe/jev-1.13-20260917,gen-dec-1789843188-h9lyOovVzO55AQHc9MYe,,1d16b25dcca8,2026-09-19T18:39:48+00:00
40,S400-041,SCOPUS_ID:33751575201,10.2105/AJPH.2005.071035,Racial/ethnic disparities in report of physician-provided smoking cessation advice: Analysis of the 2000 National Health Interview Survey,American Journal Of Public Health,[],True,,True,,,,,,,True,0.86,True,yes,0.97,0.95,1665,50,6.993e-05,322.35808300902136,1,typesafe/jev-1.13-20260917,gen-dec-1789843188-mNt8YOfiWFfP1gAheYsr,,1d16b25dcca8,2026-09-19T18:39:48+00:00
41,S400-042,SCOPUS_ID:0035283430,10.1093/aje/153.5.453,"Associations of blood lead, dimercaptosuccinic acid-chelatable lead, and tibia lead with neurobehavioral test scores in South Korean lead workers",American Journal Of Epidemiology,"['Cross-sectional studies', 'Lead', 'Lead poisoning, nervous system, adult', 'Nervous system', 'Neurobehavioral manifestations', 'Neurologic manifestations', 'Occupational exposure', 'Spectrometry, x-ray emission']",False,,False,,,,,,,True,0.03,False,no,0.0,1.0,1661,50,6.9762e-05,266.87970900093205,1,typesafe/jev-1.13-20260917,gen-dec-1789843188-PuiM1WZpA7G03X6epe68,,1d16b25dcca8,2026-09-19T18:39:48+00:00
42,S400-043,SCOPUS_ID:0033047729,10.1093/ije/28.1.113,Capture-recapture method for estimating misclassification errors: Application to the measurement of vaccine efficacy in randomized controlled trials,International Journal Of Epidemiology,"['Capture-recapture', 'Efficacy', 'Log-linear models', 'Misclassification', 'Pertussis', 'Vaccine']",False,,False,,,,,,,True,0.04,False,no,0.0,1.0,1673,50,7.0266e-05,299.2474999919068,1,typesafe/jev-1.13-20260917,gen-dec-1789843188-9wy38uaCDSfJvVl1MtEl,,1d16b25dcca8,2026-09-19T18:39:48+00:00
43,S400-044,SCOPUS_ID:0036605502,10.1093/aje/155.11.1007,Lower limb venous insufficiency and tobacco smoking: A case-control study,American Journal Of Epidemiology,"['Case-control studies', 'Leg', 'Risk factors', 'Smoking', 'Tobacco', 'Venous insufficiency']",False,,False,,,,,,,True,0.03,False,no,0.0,1.0,1708,50,7.1736e-05,281.8439159891568,1,typesafe/jev-1.13-20260917,gen-dec-1789843188-HxAgoB2XPmhh2bHfsdmn,,1d16b25dcca8,2026-09-19T18:39:48+00:00
44,S400-045,SCOPUS_ID:0032810632,10.2105/AJPH.89.9.1406,Prevalence and correlates of survival sex among runaway and homeless youth,American Journal Of Public Health,[],True,,True,,,,,,,True,0.95,True,yes,1.0,1.0,1482,50,6.2244e-05,346.99716698378325,1,typesafe/jev-1.13-20260917,gen-dec-1789843188-slmOAa4JMuEnQOHMkuQ7,,1d16b25dcca8,2026-09-19T18:39:48+00:00
45,S400-046,SCOPUS_ID:84880143281,10.2105/AJPH.2012.301075,Measles vaccination: Before the measles-mumps-rubella vaccine,American Journal Of Public Health,[],True,non-empirical,True,,,,,,,True,0.61,True,yes,0.68,0.35,1578,50,6.6276e-05,246.53991698869504,1,typesafe/jev-1.13-20260917,gen-dec-1789843188-qXYMkGmjFTLD9KvUMwpM,,1d16b25dcca8,2026-09-19T18:39:48+00:00
46,S400-047,SCOPUS_ID:84960193645,10.1093/aje/kwv175,Correlates of Peripheral Blood Mitochondrial DNA Content in a General Population,American Journal Of Epidemiology,"['General population', 'mitochondrial DNA', 'peripheral blood']",False,,False,,,,,,,True,0.03,False,no,0.0,1.0,1722,50,7.2324e-05,240.87412501103245,1,typesafe/jev-1.13-20260917,gen-dec-1789843188-aowGAMsbaEhWohxvVWzR,,1d16b25dcca8,2026-09-19T18:39:48+00:00
47,S400-048,SCOPUS_ID:1942445076,10.1093/eurpub/14.1.19,The incidence and repetition of attempted suicide in Ireland,European Journal Of Public Health,"['Attempted suicide', 'Incidence', 'Ireland']",False,,False,,,,,,,True,0.12,False,no,0.03,0.95,1775,50,7.455e-05,285.64808299415745,1,typesafe/jev-1.13-20260917,gen-dec-1789843188-Vc55l5fEXxppnIUwtEk6,,1d16b25dcca8,2026-09-19T18:39:48+00:00
48,S400-049,SCOPUS_ID:0030297061,10.1006/pmed.1996.9998,Home apnea monitoring and sudden infant death syndrome,Preventive Medicine,"['apnea monitor', 'race', 'Sudden Infant Death Syndrome']",False,,False,,,,,,,True,0.05,False,no,0.0,1.0,1759,50,7.3878e-05,285.10091599309817,1,typesafe/jev-1.13-20260917,gen-dec-1789843188-NEoWzPKm9wf8TlhK95SI,,1d16b25dcca8,2026-09-19T18:39:48+00:00
49,S400-050,SCOPUS_ID:84872530047,10.2105/AJPH.2012.300743,Fundamental causes of colorectal cancer mortality in the United States: Understanding the importance of socioeconomic status in creating inequality in mortality,American Journal Of Public Health,[],False,,False,,,,,,,True,0.04,False,no,0.0,1.0,1563,50,6.5646e-05,287.5327500223648,1,typesafe/jev-1.13-20260917,gen-dec-1789843188-bRLh6a5nopXdKNjAgo5S,,1d16b25dcca8,2026-09-19T18:39:48+00:00
50,S400-051,SCOPUS_ID:85040967357,10.1016/j.amepre.2017.12.005,Nonfatal Injuries to Law Enforcement Officers: A Rise in Assaults,American Journal Of Preventive Medicine,[],True,,True,,,,,,,True,0.76,True,yes,0.89,0.78,1758,50,7.3836e-05,284.167832985986,1,typesafe/jev-1.13-20260917,gen-dec-1789843188-Si7qQKEnKGjZ6fDoNNis,,1d16b25dcca8,2026-09-19T18:39:48+00:00
51,S400-052,SCOPUS_ID:84964047116,10.1097/eDe.0000000000000449,Evaluating additive interaction using survival percentiles,Epidemiology,[],False,,False,,,,,,,True,0.03,False,no,0.0,1.0,1647,50,6.9174e-05,300.53391700494103,1,typesafe/jev-1.13-20260917,gen-dec-1789843188-ormOJegRgYI30QbcWHQV,,1d16b25dcca8,2026-09-19T18:39:48+00:00
52,S400-053,SCOPUS_ID:84879879356,10.1097/EDE.0b013e3182949ce5,Does ambient air pollution trigger stillbirth?,Epidemiology,[],False,,False,,,,,,,True,0.05,False,no,0.0,1.0,1785,50,7.497e-05,303.157165995799,1,typesafe/jev-1.13-20260917,gen-dec-1789843188-LG7PRD1foQ1alnplMBGL,,1d16b25dcca8,2026-09-19T18:39:48+00:00
53,S400-054,SCOPUS_ID:84863718076,10.1007/s10654-012-9675-9,Early respiratory morbidity in a multicultural birth cohort: The Generation R Study,European Journal Of Epidemiology,"['Ethnicity', 'Infants', 'Pre and postnatal exposures', 'Prospective birth cohort', 'Respiratory symptoms']",False,,False,,,,,,,True,0.03,False,no,0.0,1.0,1749,50,7.3458e-05,258.1617080140859,1,typesafe/jev-1.13-20260917,gen-dec-1789843188-6bHXKkDGyTVx8k2AKoaq,,1d16b25dcca8,2026-09-19T18:39:48+00:00
54,S400-055,SCOPUS_ID:0036197215,10.1136/jech.56.4.301,Comparing hospital discharge records with death certificates: Can the differences be explained?,Journal Of Epidemiology And Community Health,[],False,,False,,,,,,,True,0.05,False,no,0.0,1.0,1662,50,6.9804e-05,342.2204999951646,1,typesafe/jev-1.13-20260917,gen-dec-1789843188-8p84bYLuCxwEpdovGdlE,,1d16b25dcca8,2026-09-19T18:39:49+00:00
55,S400-056,SCOPUS_ID:0028972474,10.1093/oxfordjournals.aje.a117495,"Family history and prostate cancer risk in black, white, and Asian men in the United States and Canada",American Journal Of Epidemiology,"['Androgens;', 'Asian-Americans;', 'Blacks;', 'Ethnic groups;', 'Family;', 'Prostatic neoplasms;', 'Whites.']",False,,False,,,,,,,True,0.02,False,no,0.0,1.0,1719,50,7.2198e-05,318.72958299936727,1,typesafe/jev-1.13-20260917,gen-dec-1789843188-N8EKQ2BcSP7SJcRw1ngd,,1d16b25dcca8,2026-09-19T18:39:49+00:00
56,S400-057,SCOPUS_ID:85024399831,10.1093/aje/kwx059,Are Lowered Socioeconomic Circumstances Causally Related to Tooth Loss? A Natural Experiment Involving the 2011 Great East Japan Earthquake,American Journal Of Epidemiology,"['change in economic status', 'instrumental variable analyses', 'natural disaster', 'natural experiment', 'oral health', 'tooth loss']",False,,False,,,,,,,True,0.04,False,no,0.0,1.0,1647,50,6.9174e-05,313.57483300962485,1,typesafe/jev-1.13-20260917,gen-dec-1789843188-HiuNTzc0bSbCNPrP7BfA,,1d16b25dcca8,2026-09-19T18:39:49+00:00
57,S400-058,SCOPUS_ID:85099499256,10.1016/j.ypmed.2020.106355,Racial disparities in occupational risks and lung cancer incidence: Analysis of the National Lung Screening Trial,Preventive Medicine,[],True,,True,,,,,,,True,0.98,True,yes,1.0,1.0,1741,50,7.3122e-05,303.887540998403,1,typesafe/jev-1.13-20260917,gen-dec-1789843188-xFJGUW19YeU4yYp3Gh4c,,1d16b25dcca8,2026-09-19T18:39:49+00:00
58,S400-059,SCOPUS_ID:84878536226,10.1093/aje/kws373,The healthy worker effect in cancer incidence studies,American Journal Of Epidemiology,"['cancer incidence', 'cohort studies', 'educational level', 'healthy worker effect', 'mortality']",False,,False,,,,,,,True,0.04,False,no,0.0,1.0,1781,50,7.4802e-05,321.3727910188027,1,typesafe/jev-1.13-20260917,gen-dec-1789843188-rhPfYGsLFhIEiobOPKK5,,1d16b25dcca8,2026-09-19T18:39:49+00:00
59,S400-060,SCOPUS_ID:34047194090,10.1093/eurpub/ckl103,The four ages of Down syndrome,European Journal Of Public Health,"['Comorbidity', 'Data linkage', 'Down syndrome', 'Life expectancy', 'Life stages', 'Mortality']",True,,True,,,,,,,True,0.94,True,yes,1.0,1.0,1764,50,7.4088e-05,296.23862498556264,1,typesafe/jev-1.13-20260917,gen-dec-1789843188-Amp8oVSPuxaa6DekBNir,,1d16b25dcca8,2026-09-19T18:39:49+00:00
60,S400-061,SCOPUS_ID:85214397946,10.1136/jech-2024-223072,Trends in physical fitness among Lithuanian adolescents aged 11-17 years between 1992 and 2022,Journal Of Epidemiology And Community Health,"['ADOLESCENT', 'EXERCISE', 'HEALTH PROMOTION', 'HEALTH STATUS', 'POLICY']",True,,True,,,,,,,True,0.98,True,yes,1.0,1.0,1751,50,7.3542e-05,305.6317919981666,1,typesafe/jev-1.13-20260917,gen-dec-1789843188-ZRPwZ6MzQt0XQz63ZJE0,,1d16b25dcca8,2026-09-19T18:39:49+00:00
61,S400-062,SCOPUS_ID:85159570565,10.1016/j.ypmed.2023.107544,"Family structure and living arrangements as indicators of social isolation, and prostate cancer risk",Preventive Medicine,"['Case-control study', 'Family structure', 'Living arrangements', 'Marital status', 'Prostate cancer', 'Social isolation']",False,,False,,,,,,,True,0.03,False,no,0.0,1.0,1697,50,7.1274e-05,1074.473125016084,1,typesafe/jev-1.13-20260917,gen-dec-1789843189-t8QeZgToc4UMg5MKujBo,,1d16b25dcca8,2026-09-19T18:39:49+00:00
62,S400-063,SCOPUS_ID:85038918024,10.1016/j.ypmed.2017.11.023,"Cervical cancer screening uptake among HIV-positive women in Ontario, Canada: A population-based retrospective cohort study",Preventive Medicine,"['Cervical cancer screening', 'HIV', 'HPV', 'Mass screening', 'Women']",True,,True,,,,,,,True,0.92,True,yes,0.99,0.99,1740,50,7.308e-05,254.95370899443515,1,typesafe/jev-1.13-20260917,gen-dec-1789843189-ewWZqb2OzghEkCKpHD80,,1d16b25dcca8,2026-09-19T18:39:49+00:00
63,S400-064,SCOPUS_ID:27744533536,10.1007/s10654-005-2148-7,Collecting saliva by mail for genetic and cotinine analyses in participants recruited through the internet,European Journal Of Epidemiology,"['Cotinine', 'Epidemiology', 'Internet', 'Nicotine Dependence', 'Nicotinic Receptors', 'Smoking']",False,,False,,,,,,,True,0.07,False,no,0.01,0.98,1669,50,7.0098e-05,245.62274999334477,1,typesafe/jev-1.13-20260917,gen-dec-1789843189-JgIqVmdaNyWzj3SbBN6B,,1d16b25dcca8,2026-09-19T18:39:49+00:00
64,S400-065,SCOPUS_ID:0026696145,10.1093/oxfordjournals.aje.a116348,Intensive surveillance for infections in a three-year study of nursing home patients,American Journal Of Epidemiology,"['Aged', 'Cross infection', 'Diagnosis', 'Disease outbreaks', 'Nursing homes']",False,,False,,,,,,,True,0.03,False,no,0.0,1.0,1708,50,7.1736e-05,352.3583750065882,1,typesafe/jev-1.13-20260917,gen-dec-1789843189-saWtAh2z6z2eaIc0DY4u,,1d16b25dcca8,2026-09-19T18:39:49+00:00
65,S400-066,SCOPUS_ID:0031895713,10.1097/00001648-199803000-00008,The relation between income and mortality in U.S. blacks and whites,Epidemiology,"['Income', 'Kernel smoothing', 'Methods', 'Mortality', 'Poverty', 'Race', 'Socioeconomic factors']",False,,False,,,,,,,True,0.03,False,no,0.0,1.0,1620,50,6.804e-05,602.9007500037551,1,typesafe/jev-1.13-20260917,gen-dec-1789843189-QylUuKp42sQXTdwRZw84,,1d16b25dcca8,2026-09-19T18:39:49+00:00
66,S400-067,SCOPUS_ID:0026665612,10.1093/oxfordjournals.aje.a116216,Methods for inference on transmission in seroprevalence data for multiple infections,American Journal Of Epidemiology,"['Cross-sectional studies', 'Epidemiologic methods', 'Hepatitis B virus', 'Hepatitis C virus', 'Models', 'Prevalence', 'Serology', 'Statistical']",False,,False,,,,,,,True,0.04,False,no,0.0,1.0,1652,50,6.9384e-05,336.20070799952373,1,typesafe/jev-1.13-20260917,gen-dec-1789843189-qu7Inuh5J4u9NVAdYVgO,,1d16b25dcca8,2026-09-19T18:39:49+00:00
67,S400-068,SCOPUS_ID:3042686522,10.1093/eurpub/14.2.168,"Sport involvement, sport violence and health behaviours of Greek adolescents",European Journal Of Public Health,"['Age', 'Exercise', 'Greece', 'Health-risks', 'Sport violence']",True,,True,,,,,,,True,0.97,True,yes,1.0,1.0,1653,50,6.9426e-05,355.3720420168247,1,typesafe/jev-1.13-20260917,gen-dec-1789843189-YLgnhJYOqbKCn35vN9AK,,1d16b25dcca8,2026-09-19T18:39:49+00:00
68,S400-069,SCOPUS_ID:85147834666,10.1136/jech-2022-219829,Exploring the associations of daily movement behaviours and mid-life cognition: A compositional analysis of the 1970 British Cohort Study,Journal Of Epidemiology And Community Health,"['AGING', 'COGNITION', 'DEMENTIA', 'EXERCISE', 'SLEEP']",True,,True,,,,,,,True,0.82,True,yes,0.95,0.91,1779,50,7.4718e-05,240.5512080003973,1,typesafe/jev-1.13-20260917,gen-dec-1789843189-bU3Krr4q8GjQpU25c0pI,,1d16b25dcca8,2026-09-19T18:39:49+00:00
69,S400-070,SCOPUS_ID:9344236905,10.1093/eurpub/2.1.29,Evolution and distribution of childhood leukemia mortality in Greece: Etiological implications,European Journal Of Public Health,"['Childhood leukemia', 'Herd immunity', 'Place clustering']",False,,False,,,,,,,True,0.03,False,no,0.0,1.0,1652,50,6.9384e-05,249.2118749942165,1,typesafe/jev-1.13-20260917,gen-dec-1789843189-BCBMIE6dCZpBymkj8twe,,1d16b25dcca8,2026-09-19T18:39:49+00:00
70,S400-071,SCOPUS_ID:84983488780,10.1136/jech-2015-207138,"Short-term and long-term effects of GDP on traffic deaths in 18 OECD countries, 1960-2011",Journal Of Epidemiology And Community Health,[],False,,False,,,,,,,True,0.04,False,no,0.0,1.0,1728,50,7.2576e-05,273.25583301717415,1,typesafe/jev-1.13-20260917,gen-dec-1789843189-GUvAnp23Sb6O94UkERFY,,1d16b25dcca8,2026-09-19T18:39:49+00:00
71,S400-072,SCOPUS_ID:0026551460,10.2105/AJPH.82.2.191,Attitudes about infertility interventions among fertile and infertile couples,American Journal Of Public Health,[],False,,False,,,,,,,True,0.03,False,no,0.0,1.0,1575,50,6.615e-05,240.2838339912705,1,typesafe/jev-1.13-20260917,gen-dec-1789843189-Qv7FDOA8F9SNP8x3LUJ6,,1d16b25dcca8,2026-09-19T18:39:49+00:00
72,S400-073,SCOPUS_ID:0029998449,10.1097/00001648-199607000-00007,The effect of maternal drinking before conception and in early pregnancy on infant birthweight,Epidemiology,"['alcohol drinking', 'birthweight', 'cohort studies', 'maternal behavior', 'pregnancy']",False,,False,,,,,,,True,0.02,False,no,0.0,1.0,1516,50,6.3672e-05,285.0629170134198,1,typesafe/jev-1.13-20260917,gen-dec-1789843189-vxuEeRIqbumeXi76P46u,,1d16b25dcca8,2026-09-19T18:39:49+00:00
73,S400-074,SCOPUS_ID:0027717196,10.1136/jech.47.6.450,"Marital status, indicators of sexual activity and prostatic cancer",Journal Of Epidemiology And Community Health,[],False,,False,,,,,,,True,0.03,False,no,0.0,1.0,1716,50,7.2072e-05,352.1042500215117,1,typesafe/jev-1.13-20260917,gen-dec-1789843189-NXDV3lEmDM7G98oYEglt,,1d16b25dcca8,2026-09-19T18:39:49+00:00
74,S400-075,SCOPUS_ID:84907818355,10.2105/AJPH.2014.302131,Enhancing condom use among black male youths: A randomized controlled trial,American Journal Of Public Health,[],True,,True,,,,,,,True,0.45,False,no,0.45,0.09,1675,50,7.035e-05,233.49520898773335,1,typesafe/jev-1.13-20260917,gen-dec-1789843189-Z9qzTctMnNnw4OQjFT7o,,1d16b25dcca8,2026-09-19T18:39:49+00:00
75,S400-076,SCOPUS_ID:0026354316,10.1093/ije/20.4.921,A method for estimating alcohol-related liver cirrhosis mortality in Japan,International Journal Of Epidemiology,[],False,,False,,,,,,,True,0.03,False,no,0.0,1.0,1621,50,6.8082e-05,874.60199999623,1,typesafe/jev-1.13-20260917,gen-dec-1789843190-H7G3Q5zi6i29TgYtaEdq,,1d16b25dcca8,2026-09-19T18:39:50+00:00
76,S400-077,SCOPUS_ID:0029760312,10.1093/ije/25.4.829,Relationship between morbidity and extreme values of body mass index in adolescents,International Journal Of Epidemiology,"['Adolescents', 'BMI', 'Medical conditions', 'Overweight', 'Underweight']",True,,True,,,,,,,True,0.96,True,yes,1.0,1.0,1650,50,6.93e-05,255.0206669839099,1,typesafe/jev-1.13-20260917,gen-dec-1789843189-UkvcTN30yjgGGR3fW8sj,,1d16b25dcca8,2026-09-19T18:39:49+00:00
77,S400-078,SCOPUS_ID:85026463152,10.1093/eurpub/ckw234,Adherence to cancer treatment guidelines: Influence of general and cancer-specific guideline characteristics,European Journal Of Public Health,[],True,,True,,,,,,,True,0.76,True,yes,0.91,0.83,1668,50,7.0056e-05,284.4915409805253,1,typesafe/jev-1.13-20260917,gen-dec-1789843189-GmzNyMowzhBFJeN0ofrW,,1d16b25dcca8,2026-09-19T18:39:49+00:00
78,S400-079,SCOPUS_ID:0028306581,10.1093/ije/23.3.624,"Measles control in Kinshasa, Zaire improved with high coverage and use of medium titre edmonston zagreb vaccine at age 6 months",International Journal Of Epidemiology,[],False,,False,,,,,,,True,0.11,False,no,0.01,0.98,1818,50,7.6356e-05,270.38899998296984,1,typesafe/jev-1.13-20260917,gen-dec-1789843189-wBnWQifpV3UTFH0HPvyr,,1d16b25dcca8,2026-09-19T18:39:49+00:00
79,S400-080,SCOPUS_ID:0033385724,10.1093/ije/28.6.1032,Cohort analysis of cigarette smoking and lung cancer incidence among Norwegian women,International Journal Of Epidemiology,"['Ecological study', 'Lung cancer', 'Non-smokers', 'Smoking cessation', 'Tobacco', 'Women']",False,,False,,,,,,,True,0.04,False,no,0.0,1.0,1650,50,6.93e-05,254.5959999843035,1,typesafe/jev-1.13-20260917,gen-dec-1789843189-9QwwoF4pE3QfBzs9LAhS,,1d16b25dcca8,2026-09-19T18:39:49+00:00
80,S400-081,SCOPUS_ID:85122245290,10.1007/s10654-021-00829-2,"Lifestyle risk factors and all-cause and cause-specific mortality: assessing the influence of reverse causation in a prospective cohort of 457,021 US adults",European Journal Of Epidemiology,"['Bias', 'Lifestyle risk factors', 'Mortality', 'Prospective study']",False,,False,,,,,,,True,0.1,False,no,0.03,0.95,1868,50,7.8456e-05,285.645707976073,1,typesafe/jev-1.13-20260917,gen-dec-1789843189-Qn1WstIS3d6VbZy2HbcD,,1d16b25dcca8,2026-09-19T18:39:49+00:00
81,S400-082,SCOPUS_ID:85125662200,10.1016/j.ypmed.2022.107004,"Trends in risk factors and management strategies used by people with type 2 diabetes in New South Wales, Australia",Preventive Medicine,"['Nutrition', 'Obesity', 'Physical activity', 'Secondary prevention', 'Self-management behaviours', 'Type 2 diabetes']",True,,True,,,,,,,True,0.93,True,yes,1.0,0.99,1729,50,7.2618e-05,412.4707500159275,1,typesafe/jev-1.13-20260917,gen-dec-1789843189-j0Zik1jt8oFu1vhiWNAW,,1d16b25dcca8,2026-09-19T18:39:50+00:00
82,S400-083,SCOPUS_ID:66149134485,10.1097/EDE.0b013e3181931515,"Self-administered semiquantitative food frequency questionnaires: Patterns, predictors, and interpretation of omitted items",Epidemiology,[],False,,False,,,,,,,True,0.05,False,no,0.0,1.0,1718,50,7.2156e-05,300.4544999857899,1,typesafe/jev-1.13-20260917,gen-dec-1789843189-HWMvyHbbIBGu228eTIUH,,1d16b25dcca8,2026-09-19T18:39:50+00:00
83,S400-084,SCOPUS_ID:85196041254,10.1016/j.amepre.2024.05.016,Communication Policy to Reduce Health Disparities: A Cross-Language Content Analysis of YouTube Television Advertising,American Journal Of Preventive Medicine,[],True,,True,,,,,,,True,0.98,True,yes,1.0,1.0,1828,50,7.6776e-05,282.8668750007637,1,typesafe/jev-1.13-20260917,gen-dec-1789843189-D4ZLHprCJB42CKLuqkba,,1d16b25dcca8,2026-09-19T18:39:50+00:00
84,S400-085,SCOPUS_ID:29044431976,10.1093/eurpub/cki035,Quality control of automatically defined cancer cases by the automated registration system of the Venetian Tumour Registry: Quality control of cancer cases automatically registered,European Journal Of Public Health,"['Automated registration', 'Cancer incidence', 'Quality control']",False,,False,,,,,,,True,0.59,True,yes,0.65,0.3,1637,50,6.8754e-05,310.0207919778768,1,typesafe/jev-1.13-20260917,gen-dec-1789843189-7JbawWbdY0DeqIi1sFXz,,1d16b25dcca8,2026-09-19T18:39:50+00:00
85,S400-086,SCOPUS_ID:0031053641,10.1023/A:1007336609638,An outbreak of hepatitis A in a French day-care center and efforts to combat it,European Journal Of Epidemiology,"['Epidemic', 'Hepatitis A', 'Management of outbreak', 'Transmission']",False,,False,,,,,,,True,0.09,False,no,0.01,0.98,1557,50,6.5394e-05,391.01412502350286,1,typesafe/jev-1.13-20260917,gen-dec-1789843189-Hy4qabDlkdOAip4z053j,,1d16b25dcca8,2026-09-19T18:39:50+00:00
86,S400-087,SCOPUS_ID:84881175717,10.1093/aje/kws478,Changes in fish consumption in midlife and the risk of coronary heart disease in men and women,American Journal Of Epidemiology,"['causal inference', 'causal model', 'cohort', 'coronary artery disease', 'diet', 'intervention', 'lifestyle']",False,,False,,,,,,,True,0.08,False,no,0.01,0.98,1690,50,7.098e-05,317.50637499499135,1,typesafe/jev-1.13-20260917,gen-dec-1789843190-LnB4E1p4zf5JOaRSHX7z,,1d16b25dcca8,2026-09-19T18:39:50+00:00
87,S400-088,SCOPUS_ID:85184833995,10.2105/AJPH.2023.307500,"COVID-19 Vaccination Rates Among North Dakota Residents Who Gave Birth Between April 1, 2021, and July 15, 2022",American Journal Of Public Health,[],True,,True,,,,,,,True,0.81,True,yes,0.96,0.93,1576,50,6.6192e-05,492.5660000008065,1,typesafe/jev-1.13-20260917,gen-dec-1789843190-0hHnTfrjZC89nMqD22Ia,,1d16b25dcca8,2026-09-19T18:39:50+00:00
88,S400-089,SCOPUS_ID:0031021219,10.1097/00001648-199701000-00012,"Reproductive factors, oral contraceptive use, and risk of colorectal cancer",Epidemiology,"['cohort studies', 'colorectal cancer', 'menarche', 'menopause', 'oral contraceptive use', 'parity', 'reproductive factors']",False,,False,,,,,,,True,0.03,False,no,0.0,1.0,1642,50,6.8964e-05,227.2070420149248,1,typesafe/jev-1.13-20260917,gen-dec-1789843190-Us3Z4loxUY5Fu1midRuJ,,1d16b25dcca8,2026-09-19T18:39:50+00:00
89,S400-090,SCOPUS_ID:67749135506,10.1093/aje/kwp146,"The physical and mental health of australian vietnam veterans 3 decades after the war and its relation to military service, combat, and post-traumatic stress disorder",American Journal Of Epidemiology,"['Combat disorders', 'Health status', 'Psychiatry', 'Stress disorders, post-traumatic', 'Veterans', 'Vietnam']",False,,False,,,,,,,True,0.04,False,no,0.0,1.0,1632,50,6.8544e-05,261.39679198968224,1,typesafe/jev-1.13-20260917,gen-dec-1789843190-Jwohdc90Us1PwJMrToVv,,1d16b25dcca8,2026-09-19T18:39:50+00:00
90,S400-091,SCOPUS_ID:0035740601,10.1023/A:1015622016579,American cutaneous leishmaniasis as a rare imported disease in Europe: A case report favourably treated with antimonial derivatives,European Journal Of Epidemiology,"['American cutaneous leishmaniasis', 'Imported disease', 'Italy', 'Meglumine antimoniate', 'Travel']",True,,True,"unclear if this is an empirical paper, sounds like it is just the description of a medical case study?",,,,,,True,0.47,False,yes,0.58,0.15,1437,50,6.0354e-05,458.74841601471417,1,typesafe/jev-1.13-20260917,gen-dec-1789843190-3PaX14h4ViBDw1Kh1rDs,,1d16b25dcca8,2026-09-19T18:39:50+00:00
91,S400-092,SCOPUS_ID:77950416585,10.1093/aje/kwp467,Dietary calcium and magnesium intake and mortality: A prospective study of men,American Journal Of Epidemiology,"['Calcium', 'Dietary supplements', 'Eating', 'Magnesium', 'Men', 'Mortality']",False,,False,,,,,,,True,0.05,False,no,0.0,0.99,1772,50,7.4424e-05,266.97870902717113,1,typesafe/jev-1.13-20260917,gen-dec-1789843190-D4RRzttgBNPjVWpG7oOP,,1d16b25dcca8,2026-09-19T18:39:50+00:00
92,S400-093,SCOPUS_ID:0344562873,10.1093/ije/28.4.640,Increasing inequality in ischaemic heart disease morbidity among employed men in Denmark 1981-1993: The need for a new preventive policy,International Journal Of Epidemiology,"['Bus driver', 'Cohort study', 'Hospitalization', 'Inequality', 'Ischaemic heart disease']",True,,True,,,,,,,True,0.97,True,yes,1.0,1.0,1696,50,7.1232e-05,279.30433402070776,1,typesafe/jev-1.13-20260917,gen-dec-1789843190-dYk7f3DShH3D2X2mwUwk,,1d16b25dcca8,2026-09-19T18:39:50+00:00
93,S400-094,SCOPUS_ID:0032785256,10.2105/AJPH.89.8.1244,Adolescent reproductive events and subsequent breast cancer risk,American Journal Of Public Health,[],False,,False,,,,,,,True,0.04,False,no,0.0,1.0,1522,50,6.3924e-05,296.6942919883877,1,typesafe/jev-1.13-20260917,gen-dec-1789843190-Iphj0fvucXgxFl2B03eA,,1d16b25dcca8,2026-09-19T18:39:50+00:00
94,S400-095,SCOPUS_ID:85193744517,10.1007/s10654-024-01131-7,Serum neurofilament light chain as a prognostic marker of all-cause mortality in a national sample of US adults,European Journal Of Epidemiology,"['Aging', 'Biomarker', 'Mortality', 'Neurodegenerative disease', 'Neurofilament light chain', 'Population', 'Prognostic markers']",False,,False,,,,,,,True,0.03,False,no,0.0,1.0,1788,50,7.5096e-05,351.35983300278895,1,typesafe/jev-1.13-20260917,gen-dec-1789843190-dc5pdxB8G5F6SdtztXoq,,1d16b25dcca8,2026-09-19T18:39:50+00:00
95,S400-096,SCOPUS_ID:0028917862,10.2105/ajph.85.1.61,What if Americans drank less? The potential effect on the prevalence of alcohol abuse and dependence,American Journal Of Public Health,[],True,,False,they only mention direction of future resaerch,!!!,,,False,,True,0.47,False,no,0.35,0.3,1573,50,6.6066e-05,271.85116600594483,1,typesafe/jev-1.13-20260917,gen-dec-1789843190-Gc1bP3tQdrzl1RAtWwJ4,,1d16b25dcca8,2026-09-19T18:39:50+00:00
96,S400-097,SCOPUS_ID:85047116797,10.1007/s10654-018-0410-z,Subjective social status and mortality: the English Longitudinal Study of Ageing,European Journal Of Epidemiology,"['Ageing', 'Inequalities', 'Mortality', 'Social status', 'Socioeconomic position']",False,,False,,,,,,,True,0.03,False,no,0.0,1.0,1709,50,7.1778e-05,332.9550830239896,1,typesafe/jev-1.13-20260917,gen-dec-1789843190-oM80sXTwJ8332qxRkYOW,,1d16b25dcca8,2026-09-19T18:39:50+00:00
97,S400-098,SCOPUS_ID:85098472022,10.1093/eurpub/ckaa094,Parental mortality following the loss of a child to a drug-related death,European Journal Of Public Health,[],False,,False,,,,,,,True,0.04,False,no,0.0,1.0,1705,50,7.161e-05,318.760124995606,1,typesafe/jev-1.13-20260917,gen-dec-1789843190-Kfw8jz9hB62LAul5AB4v,,1d16b25dcca8,2026-09-19T18:39:50+00:00
98,S400-099,SCOPUS_ID:85083852821,10.1136/jech-2019-213014,Association of big-5 personality traits with cognitive impairment and dementia: A longitudinal study,Journal Of Epidemiology And Community Health,[],False,,False,,,,,,,True,0.03,False,no,0.0,1.0,1850,50,7.77e-05,344.6525420004036,1,typesafe/jev-1.13-20260917,gen-dec-1789843190-G2lXhN4QYRLrxWHRlbuI,,1d16b25dcca8,2026-09-19T18:39:50+00:00
99,S400-100,SCOPUS_ID:0031886269,10.2105/AJPH.88.1.68,Two alternative job stress models and the risk of coronary heart disease,American Journal Of Public Health,[],False,,False,,,,,,,True,0.03,False,no,0.0,1.0,1637,50,6.8754e-05,365.4076669772621,1,typesafe/jev-1.13-20260917,gen-dec-1789843190-p8jPWJdZxSOZmxsfVVcv,,1d16b25dcca8,2026-09-19T18:39:50+00:00
100,S400-101,SCOPUS_ID:84935498474,10.1016/j.ypmed.2015.06.007,Perceived effectiveness of HPV test as a primary screening modality among US providers,Preventive Medicine,"['Cervical cancer', 'Health care providers', 'Human papillomavirus DNA test', 'Screening']",False,,False,,,,,,,True,0.15,False,no,0.04,0.92,1713,50,7.1946e-05,322.7794160193298,1,typesafe/jev-1.13-20260917,gen-dec-1789843190-Mlt5hczmhxDZFjq0RbtX,,1d16b25dcca8,2026-09-19T18:39:50+00:00
101,S400-102,SCOPUS_ID:0029980199,10.1007/BF00144423,"Prevalence of hepatitis b and c viruses infection in chronic alcoholics with or without liver disease in ioannina, greece: Low incidence of HCV infection",European Journal Of Epidemiology,"['Alcoholism', 'Hepatitis B virus', 'Hepatitis C virus', 'Heroin addiction']",False,,False,,,,,,,True,0.03,False,no,0.0,1.0,1686,50,7.0812e-05,253.6022920103278,1,typesafe/jev-1.13-20260917,gen-dec-1789843190-FVIeR2DRBjxCUKl45yHN,,1d16b25dcca8,2026-09-19T18:39:50+00:00
102,S400-103,SCOPUS_ID:85096967937,10.1136/jech-2020-214259,Overview of retrospective data harmonisation in the MINDMAP project: Process and results,Journal Of Epidemiology And Community Health,"['Cohort studies', 'epidemiology', 'longitudinal studies', 'methodology']",False,,False,,,,,,,True,0.03,False,no,0.0,1.0,1689,50,7.0938e-05,270.1731249981094,1,typesafe/jev-1.13-20260917,gen-dec-1789843190-bz3OCyu8nVkeAl9Qi5ds,,1d16b25dcca8,2026-09-19T18:39:50+00:00
103,S400-104,SCOPUS_ID:0041663950,10.1016/S0091-7435(03)00122-1,Social support reduces the impact of partner violence on health: Application of structural equation models,Preventive Medicine,"['Health', 'Modeling', 'Social support', 'Spouse abuse', 'Violence']",True,,True,,,,,,,True,0.89,True,yes,0.99,0.98,1766,50,7.4172e-05,277.06104097887874,1,typesafe/jev-1.13-20260917,gen-dec-1789843190-EXrN1uyYzDEpFKF8m59S,,1d16b25dcca8,2026-09-19T18:39:50+00:00
104,S400-105,SCOPUS_ID:85167823364,10.1016/j.amepre.2023.05.004,Development of a Protocol for Objectively Measuring Digital Device Use in Youth,American Journal Of Preventive Medicine,[],False,,False,,,,,,,True,0.03,False,no,0.0,1.0,1767,50,7.4214e-05,235.2362920064479,1,typesafe/jev-1.13-20260917,gen-dec-1789843190-QyQuqGcsghBA4aCDptCx,,1d16b25dcca8,2026-09-19T18:39:50+00:00
105,S400-106,SCOPUS_ID:0026613837,10.1093/ije/21.1.82,"Perinatal mortality in Jeddah, Saudia Arabia",International Journal Of Epidemiology,[],True,,True,,,,,,,True,0.94,True,yes,1.0,1.0,1762,50,7.4004e-05,255.115666979691,1,typesafe/jev-1.13-20260917,gen-dec-1789843190-89Z2rCpVb0NvFcnUSvDN,,1d16b25dcca8,2026-09-19T18:39:51+00:00
106,S400-107,SCOPUS_ID:84886431585,10.1093/ije/dyt168,"Skin cancer as a marker of sun exposure associates with myocardial infarction, hip fracture and death from any cause",International Journal Of Epidemiology,"['Hip fracture', 'Mortality', 'Myocardial infarction', 'Nationwide study', 'Skin cancer', 'Sun exposure']",False,,False,,,,,,,True,0.04,False,no,0.0,1.0,1875,50,7.875e-05,249.9398329819087,1,typesafe/jev-1.13-20260917,gen-dec-1789843190-RO8ox4toOgy72FPPNNRQ,,1d16b25dcca8,2026-09-19T18:39:51+00:00
107,S400-108,SCOPUS_ID:84893865482,10.1016/j.amepre.2013.11.008,From the bench to public health: Population-level implementation intentions in colorectal cancer screening,American Journal Of Preventive Medicine,[],True,,True,,,,,,,True,0.67,True,yes,0.77,0.54,1766,50,7.4172e-05,284.2476249788888,1,typesafe/jev-1.13-20260917,gen-dec-1789843190-7hKTFaPxgVf1UWXoKQ4x,,1d16b25dcca8,2026-09-19T18:39:51+00:00
108,S400-109,SCOPUS_ID:84885847742,10.1016/j.ypmed.2013.06.023,Joint associations of poor diet quality and prolonged television viewing time with abnormal glucose metabolism in Australian men and women,Preventive Medicine,"['Food habits', 'Glucose metabolism disorders', 'Sedentary lifestyle', 'Television']",True,marginal,False,They only suggest future research?,!!!,,,True,,True,0.69,True,yes,0.88,0.75,1625,50,6.825e-05,383.9279590174556,1,typesafe/jev-1.13-20260917,gen-dec-1789843190-uNYuPx1KAUDnN7qje4wW,,1d16b25dcca8,2026-09-19T18:39:51+00:00
109,S400-110,SCOPUS_ID:0030470141,10.1093/ije/25.6.1227,Asthma presentations to emergency departments in western Sydney during the January 1994 bushfires,International Journal Of Epidemiology,"['Asthma', 'Emergency department', 'Epidemiology', 'Fires', 'Particulate air pollution', 'Smoke']",False,,False,,,,,,,True,0.03,False,no,0.0,1.0,1741,50,7.3122e-05,275.20616599940695,1,typesafe/jev-1.13-20260917,gen-dec-1789843190-YaCQ1zagkKaV2xkEWfiK,,1d16b25dcca8,2026-09-19T18:39:51+00:00
110,S400-111,SCOPUS_ID:84880155431,10.2105/AJPH.2013.301429,State politics and the creation of health insurance exchanges,American Journal Of Public Health,[],True,non-emperical,True,,,,,,,True,0.91,True,yes,0.99,0.98,1456,50,6.1152e-05,339.2669169988949,1,typesafe/jev-1.13-20260917,gen-dec-1789843191-w02a1oO6HX4K1ZsR8DuZ,,1d16b25dcca8,2026-09-19T18:39:51+00:00
111,S400-112,SCOPUS_ID:0033911501,10.1016/S0749-3797(00)00183-5,The cost to providers of participating in an immunization registry,American Journal Of Preventive Medicine,[],False,borderline,False,,,,,,,True,0.64,True,yes,0.75,0.5,1640,50,6.888e-05,313.4262500097975,1,typesafe/jev-1.13-20260917,gen-dec-1789843191-epywPnWTY6uDSTIQWDNT,,1d16b25dcca8,2026-09-19T18:39:51+00:00
112,S400-113,SCOPUS_ID:84958244588,10.1016/j.ypmed.2016.01.022,Triglyceride-glucose index (TyG index) in comparison with fasting plasma glucose improved diabetes prediction in patients with normal fasting glucose: The Vascular-Metabolic CUN cohort,Preventive Medicine,"['Glucose', 'Insulin resistance', 'Prevention', 'Risk factor', 'Triglycerides', 'Type 2 diabetes']",False,,False,,,,,,,True,0.06,False,no,0.0,0.99,1809,50,7.5978e-05,253.72049998259172,1,typesafe/jev-1.13-20260917,gen-dec-1789843191-o79wOkmgZkWRL44wo901,,1d16b25dcca8,2026-09-19T18:39:51+00:00
113,S400-114,SCOPUS_ID:0030829999,10.2105/AJPH.87.9.1515,Mortality in Chicago attributed to the July 1995 heat wave,American Journal Of Public Health,[],False,,False,,,,,,,True,0.05,False,no,0.0,1.0,1516,50,6.3672e-05,265.66604198887944,1,typesafe/jev-1.13-20260917,gen-dec-1789843191-3cqKKpLYdzPIp9L0hW4k,,1d16b25dcca8,2026-09-19T18:39:51+00:00
114,S400-115,SCOPUS_ID:0026563526,10.1093/oxfordjournals.aje.a116270,Cigarette smoking and the risk of anogenital cancer,American Journal Of Epidemiology,"['Anus neoplasms', 'Cervix neoplasms', 'Papillomaviruses', 'Penile neoplasms', 'Smoking', 'Vaginal neoplasms', 'Vulval neoplasms']",False,,False,,,,,,,True,0.03,False,no,0.0,1.0,1655,50,6.951e-05,329.18466700357385,1,typesafe/jev-1.13-20260917,gen-dec-1789843191-9zzY8sUgY4PAWNamIAD4,,1d16b25dcca8,2026-09-19T18:39:51+00:00
115,S400-116,SCOPUS_ID:85086524875,10.1093/eurpub/ckz155,Training community health nurses to measure parent-child interaction: A mixed-methods study,European Journal Of Public Health,[],True,,True,,,,,,,True,0.5,True,yes,0.59,0.18,1760,50,7.392e-05,311.3079160102643,1,typesafe/jev-1.13-20260917,gen-dec-1789843191-ZZBFltn9jHaXJq4WdFdW,,1d16b25dcca8,2026-09-19T18:39:51+00:00
116,S400-117,SCOPUS_ID:84942772548,10.1097/EDE.0000000000000301,Obesity and Risk of Infection: Results from the Danish Blood Donor Study,Epidemiology,[],False,,False,,,,,,,True,0.04,False,no,0.0,1.0,1810,50,7.602e-05,306.96029198588803,1,typesafe/jev-1.13-20260917,gen-dec-1789843191-CPdHO6FUe0CfVaclIDn4,,1d16b25dcca8,2026-09-19T18:39:51+00:00
117,S400-118,SCOPUS_ID:34447123255,10.1093/aje/kwk119,Reproducibility and validity of the Shanghai Men's Health Study physical activity questionnaire,American Journal Of Epidemiology,"['Exercise', 'Questionnaires', 'Reproducibility of results', 'Validation studies']",False,,False,,,,,,,True,0.02,False,no,0.0,1.0,1758,50,7.3836e-05,345.95229200203903,1,typesafe/jev-1.13-20260917,gen-dec-1789843191-im60EwFPKVqfJSkQh2og,,1d16b25dcca8,2026-09-19T18:39:51+00:00
118,S400-119,SCOPUS_ID:50849090269,10.1016/j.amepre.2008.06.039,We Are What We Do. Research Outputs of Public Health,American Journal Of Preventive Medicine,[],False,,False,,,,,,,True,0.08,False,no,0.0,0.99,1931,50,8.1102e-05,279.6744579973165,1,typesafe/jev-1.13-20260917,gen-dec-1789843191-fvaWOX6jZIRJ4S915ZDL,,1d16b25dcca8,2026-09-19T18:39:51+00:00
119,S400-120,SCOPUS_ID:78650915630,10.1136/jech.2009.097592,The influence of social capital on health in eight former Soviet countries: Why does it differ?,Journal Of Epidemiology And Community Health,[],True,,True,,,,,,,True,0.91,True,yes,0.99,0.99,1626,50,6.8292e-05,322.2185829945374,1,typesafe/jev-1.13-20260917,gen-dec-1789843191-AqrzVJ4KMgrqdBRLX8Mn,,1d16b25dcca8,2026-09-19T18:39:51+00:00
120,S400-121,SCOPUS_ID:85066855164,10.1093/eurpub/cky240,Gender differences in common mental disorders: A comparison of social risk factors across four European welfare regimes,European Journal Of Public Health,[],False,,False,,,,,,,True,0.04,False,no,0.0,1.0,1657,50,6.9594e-05,348.14854100113735,1,typesafe/jev-1.13-20260917,gen-dec-1789843191-COl58XfHgLbhj6Vbijw5,,1d16b25dcca8,2026-09-19T18:39:51+00:00
121,S400-122,SCOPUS_ID:12344250773,10.1093/ije/dyh215,Household water source and the risk of childhood brain tumours: Results of the SEARCH International Brain Tumor Study,International Journal Of Epidemiology,"['Childhood brain tumours', 'Drinking water', 'Environmental exposures', 'Nitrates', 'Nitrites']",True,marginal,False,closer observation only?,!!!,,,False,,True,0.35,False,no,0.38,0.24,1739,50,7.3038e-05,299.00254201493226,1,typesafe/jev-1.13-20260917,gen-dec-1789843191-COlnMRG1DgN254zbS9d6,,1d16b25dcca8,2026-09-19T18:39:51+00:00
122,S400-123,SCOPUS_ID:85068683010,10.2105/AJPH.2019.305150,Potential impact of 2020 US decennial census data collection on disaster preparedness and population mental health,American Journal Of Public Health,[],True,non-emperical,True,,,,,,,True,0.43,False,no,0.36,0.27,1540,50,6.468e-05,309.52395900385454,1,typesafe/jev-1.13-20260917,gen-dec-1789843191-0YsDeJvVJKXMPFCYDlx2,,1d16b25dcca8,2026-09-19T18:39:51+00:00
123,S400-124,SCOPUS_ID:85107081723,10.1093/ije/dyaa220,Categories and health impacts of intimate partner violence in the World Health Organization multi-country study on women’s health and domestic violence,International Journal Of Epidemiology,"['combined abuse/ violence', 'emotional abuse/ violence', 'health', 'Intimate partner violence (IPV)', 'measurement', 'physical abuse/ violence', 'psychological abuse/ violence', 'sexual abuse/ violence']",True,,True,,,,,,,True,0.76,True,yes,0.88,0.76,1768,50,7.4256e-05,262.0844589837361,1,typesafe/jev-1.13-20260917,gen-dec-1789843191-5lSTmFeAeVaL7GsQHijK,,1d16b25dcca8,2026-09-19T18:39:51+00:00
124,S400-125,SCOPUS_ID:84884940749,10.1093/aje/kwt093,Increased asthma risk and asthma-related health care complications associated with childhood obesity,American Journal Of Epidemiology,"['asthma', 'body mass index', 'cohort studies', 'obesity', 'overweight', 'severe asthma']",False,,False,,,,,,,True,0.04,False,no,0.0,1.0,1753,50,7.3626e-05,265.4923329828307,1,typesafe/jev-1.13-20260917,gen-dec-1789843191-6UkM8tg0tNVnyt3hKQ4W,,1d16b25dcca8,2026-09-19T18:39:51+00:00
125,S400-126,SCOPUS_ID:7244228050,10.1007/s10654-004-5760-z,Serum carotenoids and vitamins in relation to markers of endothelial,European Journal Of Epidemiology,"['Carotenoids', 'Endothelial function', 'Humans', 'Inflammation', 'Vitamins']",False,,False,,,,,,,True,0.03,False,no,0.0,1.0,1852,50,7.7784e-05,268.2529999874532,1,typesafe/jev-1.13-20260917,gen-dec-1789843191-aVnKzgjc1zaKGsykuCIj,,1d16b25dcca8,2026-09-19T18:39:51+00:00
126,S400-127,SCOPUS_ID:27144491868,10.1093/ije/dyi069,Covariance components models for longitudinal family data,International Journal Of Epidemiology,"['Bayesian', 'Family studies', 'Genetic epidemiology', 'Gibbs sampling', 'Longitudinal', 'MCMC']",False,,False,,,,,,,True,0.02,False,no,0.0,1.0,1691,50,7.1022e-05,278.73308400739916,1,typesafe/jev-1.13-20260917,gen-dec-1789843191-viBEy32bv9po4p4FGIBq,,1d16b25dcca8,2026-09-19T18:39:51+00:00
127,S400-128,SCOPUS_ID:85092529671,10.2105/AJPH.2020.305827,HPV vaccine searches on pinterest: Before and after pinterest's actions to moderate content,American Journal Of Public Health,[],False,,False,,,,,,,True,0.09,False,no,0.01,0.99,1586,50,6.6612e-05,275.23775000008754,1,typesafe/jev-1.13-20260917,gen-dec-1789843191-r8rkIPyL6207Eh957ADs,,1d16b25dcca8,2026-09-19T18:39:51+00:00
128,S400-129,SCOPUS_ID:0027338509,10.1093/ije/22.5.917,A community-based randomized trial of home-made oral rehydration therapies,International Journal Of Epidemiology,[],False,borderline,False,,,,,,,True,0.12,False,no,0.02,0.95,1691,50,7.1022e-05,303.3771250047721,1,typesafe/jev-1.13-20260917,gen-dec-1789843191-5ooGkbGGlu94xjUXpJNm,,1d16b25dcca8,2026-09-19T18:39:51+00:00
129,S400-130,SCOPUS_ID:84900298398,10.1093/aje/kwu029,"Age, period, and cohort effects in psychological distress in the United States and Canada",American Journal Of Epidemiology,"['age-period-cohort effects', 'anxiety', 'Canada', 'Canadian Community Health Surveys', 'depression', 'National Health Interview Surveys', 'psychological distress', 'United States']",False,,False,,,,,,,True,0.1,False,no,0.02,0.96,1796,50,7.5432e-05,309.5853750128299,1,typesafe/jev-1.13-20260917,gen-dec-1789843191-zH9a7kVWRkXJDXqsRMTc,,1d16b25dcca8,2026-09-19T18:39:51+00:00
130,S400-131,SCOPUS_ID:0034804759,10.1093/eurpub/11.3.257,Aids and contraception: Unanticipated effects of AIDS prevention campaigns,European Journal Of Public Health,"['AIDS', 'Contraception', 'Prevention campaigns']",False,,False,,,,,,,True,0.2,False,no,0.1,0.8,1510,50,6.342e-05,303.30525001045316,1,typesafe/jev-1.13-20260917,gen-dec-1789843191-JNWctcIzb3DmYfW0lfqS,,1d16b25dcca8,2026-09-19T18:39:52+00:00
131,S400-132,SCOPUS_ID:42049099245,10.1093/aje/kwm394,Associations of the local food environment with diet quality - A comparison of assessments based on surveys and geographic information systems,American Journal Of Epidemiology,"['Diet', 'Food', 'Residence characteristics', 'Social class']",True,,True,,,,,,,True,0.74,True,yes,0.91,0.82,1738,50,7.2996e-05,267.57658302085474,1,typesafe/jev-1.13-20260917,gen-dec-1789843191-jHYRY3NtpNtAUO2dkfoj,,1d16b25dcca8,2026-09-19T18:39:52+00:00
132,S400-133,SCOPUS_ID:84905645636,10.1093/ije/dyu091,Weight status in young adulthood and survival after cardiovascular diseases and cancer,International Journal Of Epidemiology,"['Cancer', 'Cardiovascular diseases', 'Fatality', 'Mortality', 'Overweight']",True,,False,"I was not sure for this one, they mainly say important public health issue?",!!!,,,True,"I agree, let's put TRUE",True,0.85,True,yes,0.95,0.91,1894,50,7.9548e-05,438.0642079922836,1,typesafe/jev-1.13-20260917,gen-dec-1789843191-WlIO0n5bxTfDzJYujQrd,,1d16b25dcca8,2026-09-19T18:39:52+00:00
133,S400-134,SCOPUS_ID:23844439274,10.1136/jech.2004.031674,Oil combustion and childhood cancers,Journal Of Epidemiology And Community Health,[],False,,False,,,,,,,True,0.05,False,no,0.0,0.99,1761,50,7.3962e-05,256.36133301304653,1,typesafe/jev-1.13-20260917,gen-dec-1789843191-T5HmrbdO1iRKIJ6sVsV8,,1d16b25dcca8,2026-09-19T18:39:52+00:00
134,S400-135,SCOPUS_ID:0028596030,10.1093/ije/23.6.1262,Pattern of drug use in a general population—prevalence and predicting factors: The tromsø study,International Journal Of Epidemiology,[],False,,False,,,,,,,True,0.03,False,no,0.0,1.0,1845,50,7.749e-05,395.16320801340044,1,typesafe/jev-1.13-20260917,gen-dec-1789843191-MrEs3BdaEML20jA8Cihn,,1d16b25dcca8,2026-09-19T18:39:52+00:00
135,S400-136,SCOPUS_ID:0000517489,10.1093/eurpub/5.3.215,Dilemmas in sickness certification among Swedish physicians,European Journal Of Public Health,"['Critical incident technique', 'Physicians', 'Sickness certification', 'Sickness insurance system']",True,,True,,,,,,,True,0.93,True,yes,1.0,0.99,1642,50,6.8964e-05,914.5363749994431,1,typesafe/jev-1.13-20260917,gen-dec-1789843191-Zwr3kYmRCPcTFw1h5QGe,,1d16b25dcca8,2026-09-19T18:39:52+00:00
136,S400-137,SCOPUS_ID:84941347345,10.2105/AJPH.2015.302751,Public support for family smoking prevention and tobacco control act point-of-sale provisions: Results of a national study,American Journal Of Public Health,[],True,,True,,,,,,,True,0.97,True,yes,1.0,1.0,1599,50,6.7158e-05,223.03579200524837,1,typesafe/jev-1.13-20260917,gen-dec-1789843191-529BZp3zqH1jpUM3XvYl,,1d16b25dcca8,2026-09-19T18:39:52+00:00
137,S400-138,SCOPUS_ID:78650896445,10.2105/AJPH.2009.184895,Health care capacity and allocations among South Africa's provinces: Infrastructure-inequality traps after the end of apartheid,American Journal Of Public Health,[],False,,False,,,,,,,True,0.21,False,no,0.09,0.81,1668,50,7.0056e-05,240.79162502312101,1,typesafe/jev-1.13-20260917,gen-dec-1789843192-TwQICuodOf1xsFN4XaR0,,1d16b25dcca8,2026-09-19T18:39:52+00:00
138,S400-139,SCOPUS_ID:84939491186,10.1093/eurpub/cku158,Information preferences of the general population when faced with life-limiting illness,European Journal Of Public Health,[],True,,True,,,,,,,True,0.78,True,yes,0.94,0.87,1673,50,7.0266e-05,271.5061250200961,1,typesafe/jev-1.13-20260917,gen-dec-1789843192-O013wfUbx8e6LRNSZ1wa,,1d16b25dcca8,2026-09-19T18:39:52+00:00
139,S400-140,SCOPUS_ID:84957435170,10.1097/EDE.0000000000000417,Amyotrophic lateral sclerosis and the military: A population-based study in the danish registries,Epidemiology,[],False,,False,,,,,,,True,0.03,False,no,0.0,1.0,1722,50,7.2324e-05,336.54124999884516,1,typesafe/jev-1.13-20260917,gen-dec-1789843192-w1l4NZmu2HSxs1AMExX9,,1d16b25dcca8,2026-09-19T18:39:52+00:00
140,S400-141,SCOPUS_ID:68849109738,10.2105/AJPH.2007.127886,Changes in cigarette use and nicotine dependence in the United States: Evidence from the 2001-2002 wave of the national epidemiologic survey of alcoholism and related conditions,American Journal Of Public Health,[],True,,True,,,,,,,True,0.8,True,yes,0.93,0.86,1542,50,6.4764e-05,269.9882089800667,1,typesafe/jev-1.13-20260917,gen-dec-1789843192-bWkkD1SewW9xX6Spn587,,1d16b25dcca8,2026-09-19T18:39:52+00:00
141,S400-142,SCOPUS_ID:0346725916,10.1136/jech.58.1.71,Neighbourhood deprivation and incidence of coronary heart disease: A multilevel study of 2.6 million women and men in Sweden,Journal Of Epidemiology And Community Health,[],True,,True,,,,,,,True,0.88,True,yes,0.98,0.96,1647,50,6.9174e-05,257.9208329843823,1,typesafe/jev-1.13-20260917,gen-dec-1789843192-J3noPQfp3jSZY1MmELuE,,1d16b25dcca8,2026-09-19T18:39:52+00:00
142,S400-143,SCOPUS_ID:37349111038,10.1097/EDE.0b013e31815be01c,Nested randomized trials in large cohorts and biobanks: Studying the health effects of lifestyle factors,Epidemiology,[],False,,False,,,,,,,True,0.1,False,no,0.02,0.96,1691,50,7.1022e-05,296.3014999986626,1,typesafe/jev-1.13-20260917,gen-dec-1789843192-0cPgmvnRurSUpzEJbMV7,,1d16b25dcca8,2026-09-19T18:39:52+00:00
143,S400-144,SCOPUS_ID:0037371014,10.2105/AJPH.93.3.447,Disparities in trends of hospitalization for potentially preventable chronic conditions among African Americans during the 1990s: Implications and benchmarks,American Journal Of Public Health,[],False,,False,,,,,,,True,0.12,False,no,0.03,0.94,1527,50,6.4134e-05,295.74054200202227,1,typesafe/jev-1.13-20260917,gen-dec-1789843192-kS82zDqmz1sejx7JYiPs,,1d16b25dcca8,2026-09-19T18:39:52+00:00
144,S400-145,SCOPUS_ID:77149160365,10.1016/j.ypmed.2009.12.008,Telephone intervention promoting weight-related health behaviors,Preventive Medicine,"['Fruit and vegetable consumption', 'Physical activity', 'Telephone intervention', 'Weight management', 'Worksite behavioral medicine']",True,,True,,,,,,,True,0.08,False,no,0.01,0.99,1632,50,6.8544e-05,294.70049997325987,1,typesafe/jev-1.13-20260917,gen-dec-1789843192-jId58QZtT8z7iqQeODce,,1d16b25dcca8,2026-09-19T18:39:52+00:00
145,S400-146,SCOPUS_ID:0031695431,10.1016/S0749-3797(98)00056-7,The wisconsin firearm-related injury surveillance system,American Journal Of Preventive Medicine,[],False,,False,,,,,,,True,0.16,False,no,0.07,0.87,1672,50,7.0224e-05,322.9029589856509,1,typesafe/jev-1.13-20260917,gen-dec-1789843192-xuLvrRYmFDz7uSG62O6p,,1d16b25dcca8,2026-09-19T18:39:52+00:00
146,S400-147,SCOPUS_ID:0031951803,10.1016/S0749-3797(97)00018-4,Work organization and atherosclerosis: Findings from the ARIC study,American Journal Of Preventive Medicine,"['Atherosclerosis', 'Cardiovascular disease', 'Occupational health', 'Socioeconomic factors', 'Stress', 'Stressful events']",False,,False,,,,,,,True,0.03,False,no,0.0,1.0,1641,50,6.8922e-05,347.1929159713909,1,typesafe/jev-1.13-20260917,gen-dec-1789843192-6PtevjPAQqNdmavk87sO,,1d16b25dcca8,2026-09-19T18:39:52+00:00
147,S400-148,SCOPUS_ID:85008455048,10.1016/j.amepre.2016.10.039,Sexual Orientation and Sleep in the U.S.: A National Profile,American Journal Of Preventive Medicine,[],True,,True,,,,,,,True,0.94,True,yes,1.0,1.0,1669,50,7.0098e-05,297.65266698086634,1,typesafe/jev-1.13-20260917,gen-dec-1789843192-acxN5p4ByT3QmzFSLxwH,,1d16b25dcca8,2026-09-19T18:39:52+00:00
148,S400-149,SCOPUS_ID:0028268490,10.1093/oxfordjournals.aje.a117048,"Air pollution and hospital admissions for the elderly in Birmingham, Alabama",American Journal Of Epidemiology,"['Air pollutants', 'Hospital admissions', 'Inhalable particles', 'Lung diseases', 'Ozone']",False,,False,,,,,,,True,0.03,False,no,0.0,1.0,1791,50,7.5222e-05,296.57787500764243,1,typesafe/jev-1.13-20260917,gen-dec-1789843192-tEiM2liOMiyS62DpOBGg,,1d16b25dcca8,2026-09-19T18:39:52+00:00
149,S400-150,SCOPUS_ID:78650474664,10.1093/aje/kwq334,Relation of children's dietary reporting accuracy to cognitive ability,American Journal Of Epidemiology,"['bias (epidemiology)', 'child', 'diet surveys', 'intelligence', 'mental recall']",False,,False,,,,,,,True,0.05,False,no,0.0,0.99,1614,50,6.7788e-05,284.56145798554644,1,typesafe/jev-1.13-20260917,gen-dec-1789843192-pWh5HYg7KdWgAv305H9x,,1d16b25dcca8,2026-09-19T18:39:52+00:00
150,S400-151,SCOPUS_ID:0030999126,10.1006/pmed.1996.9996,Nutrition guidance by primary-care physicians: LISREL analysis improves understanding,Preventive Medicine,"['determinants', 'LISREL', 'mechanism of action', 'nutrition guidance', 'primary-care physician']",False,,False,,,,,,,True,0.9,True,yes,0.98,0.97,1637,50,6.8754e-05,325.2501669921912,1,typesafe/jev-1.13-20260917,gen-dec-1789843192-mUd6us5SXfIamgWaZXjG,,1d16b25dcca8,2026-09-19T18:39:52+00:00
151,S400-152,SCOPUS_ID:84994182287,10.1016/j.amepre.2016.08.027,"Deaths Due to Use of Lethal Force by Law Enforcement: Findings From the National Violent Death Reporting System, 17 U.S. States, 2009–2012",American Journal Of Preventive Medicine,[],True,,True,,,,,,,True,0.84,True,yes,0.95,0.91,1739,50,7.3038e-05,376.24329200480133,1,typesafe/jev-1.13-20260917,gen-dec-1789843192-DjDSa2xiqzqFlfCU664O,,1d16b25dcca8,2026-09-19T18:39:52+00:00
152,S400-153,SCOPUS_ID:0029994448,10.1097/00001648-199607000-00004,Acetaminophen and renal and bladder cancer,Epidemiology,"['acetaminophen', 'bladder cancer', 'case-control study', 'renal cancer']",False,,False,,,,,,,True,0.02,False,no,0.0,1.0,1599,50,6.7158e-05,271.3910409947857,1,typesafe/jev-1.13-20260917,gen-dec-1789843192-eyFXlmfxiGOaRXxbBZ3O,,1d16b25dcca8,2026-09-19T18:39:52+00:00
153,S400-154,SCOPUS_ID:85147186589,10.1097/EDE.0000000000001578,Performance of Multiple Imputation Using Modern Machine Learning Methods in Electronic Health Records Data,Epidemiology,"['Chained equations', 'Denoising autoencoders', 'Electronic health records', 'Missing data', 'Multiple imputation', 'Plasmode simulation', 'Random forests']",False,,False,,,,,,,True,0.05,False,no,0.0,1.0,1710,50,7.182e-05,321.0536249971483,1,typesafe/jev-1.13-20260917,gen-dec-1789843192-fb1HOPgDGeX5tVsrFz4y,,1d16b25dcca8,2026-09-19T18:39:52+00:00
154,S400-155,SCOPUS_ID:8544279601,10.1023/A:1007374810981,"The prevalence of HCV infection in a cohort of pregnant women, the related risk factors and the possibility of vertical transmission",European Journal Of Epidemiology,"['Follow-up studies', 'Hepatitis C virus-RNA', 'Pregnant women', 'Vertical transmission']",False,,False,,,,,,,True,0.03,False,no,0.0,1.0,1690,50,7.098e-05,305.7492090156302,1,typesafe/jev-1.13-20260917,gen-dec-1789843192-YTFtTZJ74QGAoZJlMgJE,,1d16b25dcca8,2026-09-19T18:39:52+00:00
155,S400-156,SCOPUS_ID:85064194436,10.1093/ije/dyy283,Welfare regimes modify the association of disadvantaged adult-life socioeconomic circumstances with self-rated health in old age,International Journal Of Epidemiology,"['Europe', 'healthy aging', 'longitudinal studies', 'multilevel analysis', 'Social conditions', 'social welfare']",False,,False,,,,,,,True,0.03,False,no,0.0,1.0,1718,50,7.2156e-05,252.3132920032367,1,typesafe/jev-1.13-20260917,gen-dec-1789843192-BpordFCYHw6HsUDkwz2k,,1d16b25dcca8,2026-09-19T18:39:52+00:00
156,S400-157,SCOPUS_ID:0034104313,10.1016/S0749-3797(00)00124-0,Smoking cessation with and without assistance: A population-based analysis,American Journal Of Preventive Medicine,[],False,,False,,,,,,,True,0.08,False,no,0.0,0.99,1670,50,7.014e-05,291.7626659909729,1,typesafe/jev-1.13-20260917,gen-dec-1789843192-RSFQiWHbj1MGzgoMMCcY,,1d16b25dcca8,2026-09-19T18:39:53+00:00
157,S400-158,SCOPUS_ID:0025122790,10.1093/oxfordjournals.aje.a115687,Defining osteoarthritis of the hip for epidemiologic studies,American Journal Of Epidemiology,"['Diagnosis', 'Hip', 'Osteoarthritis']",False,,False,,,,,,,True,0.06,False,no,0.01,0.99,1644,50,6.9048e-05,281.75154101336375,1,typesafe/jev-1.13-20260917,gen-dec-1789843192-CQuvFPIKio7Vk8DWqlxC,,1d16b25dcca8,2026-09-19T18:39:53+00:00
158,S400-159,SCOPUS_ID:0037253184,10.1023/A:1022556718939,Relative and absolute gender gap in all-cause mortality in Europe and the contribution of smoking,European Journal Of Epidemiology,"['Ecological', 'Epidemiology', 'Europe', 'Gender differences', 'International', 'Life expectancy', 'Male-female', 'Mortality', 'Smoking']",False,,False,,,,,,,True,0.04,False,no,0.0,1.0,1773,50,7.4466e-05,320.0528330053203,1,typesafe/jev-1.13-20260917,gen-dec-1789843192-g7EBudta051WCAxngzlQ,,1d16b25dcca8,2026-09-19T18:39:53+00:00
159,S400-160,SCOPUS_ID:85183571500,10.1016/j.ypmed.2024.107858,The importance of a healthy lifestyle despite chronic pain: Prospective cohort with 11-year register follow-up,Preventive Medicine,"['BMI', 'Disability pension', 'Physical activity', 'Risk behavior', 'Smoking']",True,,True,,,,,,,True,0.93,True,yes,1.0,0.99,1685,50,7.077e-05,300.5517499987036,1,typesafe/jev-1.13-20260917,gen-dec-1789843192-5l2i5CK9ZpOk4F2kdlC4,,1d16b25dcca8,2026-09-19T18:39:53+00:00
160,S400-161,SCOPUS_ID:0036205743,10.1093/eurpub/12.1.16,"Some biological cardiovascular risk factors and diet in samples of the male population of Tallinn, Estonia in 1984/1985 and 1992/1993",European Journal Of Public Health,"['Changes', 'Diet', 'Epidemiological studies', 'Male population', 'Risk factors']",False,,False,,,,,,,True,0.03,False,no,0.0,1.0,1727,50,7.2534e-05,283.3147920027841,1,typesafe/jev-1.13-20260917,gen-dec-1789843193-97amPFRKbsK8LyAEVDYI,,1d16b25dcca8,2026-09-19T18:39:53+00:00
161,S400-162,SCOPUS_ID:79958816946,10.1093/aje/kwr050,"The gap of visual impairment between economic groups in shahroud, Iran: A blinder-oaxaca decomposition",American Journal Of Epidemiology,"['health status disparities', 'Iran', 'socioeconomic factors', 'visual acuity']",False,,False,,,,,,,True,0.07,False,no,0.01,0.99,1618,50,6.7956e-05,227.26091698859818,1,typesafe/jev-1.13-20260917,gen-dec-1789843193-twSTHG0p8pzXbyElghmf,,1d16b25dcca8,2026-09-19T18:39:53+00:00
162,S400-163,SCOPUS_ID:34447328699,10.1007/s10654-007-9129-y,Epidemiology of cleft palate alone and cleft palate with accompanying defects,European Journal Of Epidemiology,"['Birth defects', 'Cleft palate', 'Multiple abnormalities', 'Sex distribution']",False,,False,,,,,,,True,0.03,False,no,0.0,1.0,1645,50,6.909e-05,269.89758398849517,1,typesafe/jev-1.13-20260917,gen-dec-1789843193-XyOYAxvBByMgkROvnq9u,,1d16b25dcca8,2026-09-19T18:39:53+00:00
163,S400-164,SCOPUS_ID:0026644349,10.1093/oxfordjournals.aje.a116420,Second primary cancers following anal and cervical carcinoma: Evidence of shared etiologic factors,American Journal Of Epidemiology,"['Anus neoplasms', 'Cervix neoplasms', 'Papillomaviruses', 'Registries', 'Smoking']",False,,False,,,,,,,True,0.03,False,no,0.0,1.0,1721,50,7.2282e-05,307.1793339913711,1,typesafe/jev-1.13-20260917,gen-dec-1789843193-WtCTDG6kY0YFtLsnBxkQ,,1d16b25dcca8,2026-09-19T18:39:53+00:00
164,S400-165,SCOPUS_ID:85072057658,10.1093/ije/dyz071,"The relationship between sleep duration, cognition and dementia: A Mendelian randomization study",International Journal Of Epidemiology,"['cognition', 'dementia', 'Mendelian randomization', 'Sleep duration']",False,,False,,,,,,,True,0.03,False,no,0.0,1.0,1840,50,7.728e-05,298.3363749808632,1,typesafe/jev-1.13-20260917,gen-dec-1789843193-qAzywqjw8LPAubsROcWe,,1d16b25dcca8,2026-09-19T18:39:53+00:00
165,S400-166,SCOPUS_ID:53049110432,10.1016/j.ypmed.2008.07.004,"The Groningen Active Living Model, an example of successful recruitment of sedentary and underactive older adults",Preventive Medicine,"['Older adults', 'Primary prevention', 'Recruitment', 'Sedentary']",True,,True,"I was borderline on this one, I initally thought it was mainly research outreach",,,,,,True,0.14,False,no,0.04,0.92,1578,50,6.6276e-05,250.04000001354143,1,typesafe/jev-1.13-20260917,gen-dec-1789843193-WT7cuRyo7ebKPk8IYeVM,,1d16b25dcca8,2026-09-19T18:39:53+00:00
166,S400-167,SCOPUS_ID:85104048158,10.1093/aje/kwaa221,"Does the Union Make Us Strong? Labor-Union Membership, Self-Rated Health, and Mental Illness: A Parametric G-Formula Approach",American Journal Of Epidemiology,"['g-computation', 'healthy-worker bias', 'labor movement', 'labor unions', 'occupational health', 'parametric g-formula', 'social determinants of health']",False,,False,,,,,,,True,0.03,False,no,0.0,1.0,1753,50,7.3626e-05,268.2660830032546,1,typesafe/jev-1.13-20260917,gen-dec-1789843193-kfvO74vVwI4DSsfVVF3M,,1d16b25dcca8,2026-09-19T18:39:53+00:00
167,S400-168,SCOPUS_ID:85054501202,10.1136/jech-2018-210961,Impact of the NHS Health Check on inequalities in cardiovascular disease risk: A difference-in-differences matching analysis,Journal Of Epidemiology And Community Health,"['cardiovascular disease', 'health inequalities', 'health services', 'prevention', 'screening']",True,,True,,,,,,,True,0.84,True,yes,0.95,0.9,1812,50,7.6104e-05,232.99920800491236,1,typesafe/jev-1.13-20260917,gen-dec-1789843193-dA93aSUxM5lP9D3jl20T,,1d16b25dcca8,2026-09-19T18:39:53+00:00
168,S400-169,SCOPUS_ID:32144437941,10.1016/j.ypmed.2005.08.007,Metabolic syndrome in Japanese men and women with special reference to the anthropometric criteria for the assessment of obesity: Proposal to use the waist-to-height ratio,Preventive Medicine,"['BMI', 'Japanese', 'Metabolic syndrome', 'Waist circumference', 'Waist-to-height ratio']",False,,False,,,,,,,True,0.22,False,no,0.13,0.74,1683,50,7.0686e-05,244.09662498510443,1,typesafe/jev-1.13-20260917,gen-dec-1789843193-YXoPDE7Gwy2svhY8xH5y,,1d16b25dcca8,2026-09-19T18:39:53+00:00
169,S400-170,SCOPUS_ID:0025922652,10.1136/jech.45.2.125,"All cause mortality and its determinants in middle aged men in Finland, The Netherlands, and Italy in a 25 year follow up",Journal Of Epidemiology And Community Health,[],False,,False,,,,,,,True,0.03,False,no,0.0,1.0,1781,50,7.4802e-05,257.83791599678807,1,typesafe/jev-1.13-20260917,gen-dec-1789843193-lmitE0byOUfHUkpSegAu,,1d16b25dcca8,2026-09-19T18:39:53+00:00
170,S400-171,SCOPUS_ID:84939634501,10.1093/ije/dyv061,Resting heart rate on the decline: The Tromsø Study 1986-2007,International Journal Of Epidemiology,"['Epidemiology', 'Heart rate', 'Linear mixed models', 'Longitudinal', 'Risk factors', 'Trends']",False,,False,,,,,,,True,0.26,False,no,0.23,0.54,1715,50,7.203e-05,290.21425000973977,1,typesafe/jev-1.13-20260917,gen-dec-1789843193-0dvP4oiDhg10amDV3Nzn,,1d16b25dcca8,2026-09-19T18:39:53+00:00
171,S400-172,SCOPUS_ID:85110988216,10.1093/aje/kwab031,Prediction of Cardiovascular Disease Risk Accounting for Future Initiation of Statin Treatment,American Journal Of Epidemiology,"['cardiovascular disease', 'electronic health records', 'future statin initiation', 'longitudinal data', 'risk prediction', 'treatment drop-in']",False,,False,,,,,,,True,0.06,False,no,0.0,1.0,1672,50,7.0224e-05,256.9820829958189,1,typesafe/jev-1.13-20260917,gen-dec-1789843193-NCXPzUvgKkEL5tir4VdN,,1d16b25dcca8,2026-09-19T18:39:53+00:00
172,S400-173,SCOPUS_ID:0026614455,10.1136/jech.46.3.293,Quantitative indicators for a healthy city - The Rotterdam local health information system,Journal Of Epidemiology And Community Health,[],True,,True,,,,,,,True,0.69,True,yes,0.75,0.51,1607,50,6.7494e-05,313.1461660086643,1,typesafe/jev-1.13-20260917,gen-dec-1789843193-wPpfqOO7zOYWrcSWPvX2,,1d16b25dcca8,2026-09-19T18:39:53+00:00
173,S400-174,SCOPUS_ID:0028991655,10.1136/jech.49.4.431,The ten questions screen for childhood disabilities: Its uses and limitations in Pakistan,Journal Of Epidemiology And Community Health,[],True,,False,I think this is only about research screening,!!!,,,False,,True,0.21,False,no,0.12,0.76,1623,50,6.8166e-05,256.92337498185225,1,typesafe/jev-1.13-20260917,gen-dec-1789843193-rwbcSC964xnHnf3sPO5b,,1d16b25dcca8,2026-09-19T18:39:53+00:00
174,S400-175,SCOPUS_ID:45449091729,10.1016/j.ypmed.2008.02.027,Physical activity and perceived environmental attributes in a sample of Portuguese adults: Results from the Azorean Physical Activity and Health Study,Preventive Medicine,"['Environmental attributes', 'IPAQ', 'Physical activity']",True,,True,,,,,,,True,0.9,True,yes,0.99,0.99,1658,50,6.9636e-05,307.5715000159107,1,typesafe/jev-1.13-20260917,gen-dec-1789843193-s0dlF1pnC5bkh9FExDZQ,,1d16b25dcca8,2026-09-19T18:39:53+00:00
175,S400-176,SCOPUS_ID:34447340936,10.1093/ije/dyl252,The relationship between parity and overweight varies with household wealth and national development,International Journal Of Epidemiology,"['Developing countries', 'Obesity', 'Overweight', 'Parity', 'Reproduction']",True,,True,,,,,,,True,0.97,True,yes,1.0,1.0,1681,50,7.0602e-05,330.52250000764616,1,typesafe/jev-1.13-20260917,gen-dec-1789843193-RqyGbWivNw2AVzg0xZGc,,1d16b25dcca8,2026-09-19T18:39:53+00:00
176,S400-177,SCOPUS_ID:0030912127,10.1016/s0749-3797(18)30192-2,Use of automated reminders for tuberculin skin test return,American Journal Of Preventive Medicine,"['Automation', 'Reminder systems', 'Telephone', 'Tuberculin test', 'Tuberculosis']",False,borderline,False,,,,,,,True,0.47,False,no,0.48,0.04,1514,50,6.3588e-05,289.8261249938514,1,typesafe/jev-1.13-20260917,gen-dec-1789843193-XcSdr7WosX6YavBcyFHe,,1d16b25dcca8,2026-09-19T18:39:53+00:00
177,S400-178,SCOPUS_ID:0026705537,10.1016/0091-7435(92)90057-O,Anticarcinogenic effects of (-)-epigallocatechin gallate,Preventive Medicine,[],False,,False,,,,,,,True,0.11,False,no,0.03,0.93,1690,50,7.098e-05,502.36574999871664,1,typesafe/jev-1.13-20260917,gen-dec-1789843193-RUMcGvKTvchVvFYsPn07,,1d16b25dcca8,2026-09-19T18:39:53+00:00
178,S400-179,SCOPUS_ID:0028212545,10.1136/jech.48.1.26,Demographic and dietary profiles of high and low fat consumers in Australia,Journal Of Epidemiology And Community Health,[],True,borderline,True,I agree that it is borderline. Might be again only about research?,,,,,,True,0.31,False,no,0.29,0.42,1708,50,7.1736e-05,247.71374999545515,1,typesafe/jev-1.13-20260917,gen-dec-1789843193-ED0EigaOejqT3sN793zf,,1d16b25dcca8,2026-09-19T18:39:53+00:00
179,S400-180,SCOPUS_ID:0025340190,10.1136/jech.44.2.142,"Upper respiratory tract infection in children, domestic temperatures, and humidity",Journal Of Epidemiology And Community Health,[],False,,False,,,,,,,True,0.05,False,no,0.0,1.0,1709,50,7.1778e-05,271.28454198827967,1,typesafe/jev-1.13-20260917,gen-dec-1789843193-dGksyhQHoZfNWCY3Sf29,,1d16b25dcca8,2026-09-19T18:39:53+00:00
180,S400-181,SCOPUS_ID:0346724561,10.1093/eurpub/13.4.306,"Increasing prevalence of overweight, obesity and physical inactivity: Two population-based studies 1986 and 1994",European Journal Of Public Health,"['Education', 'Obesity', 'Overweight', 'Physical inactivity']",False,,False,,,,,,,True,0.03,False,no,0.0,1.0,1886,50,7.9212e-05,265.5145829776302,1,typesafe/jev-1.13-20260917,gen-dec-1789843193-Qh6XxZpih7zP1SBJylik,,1d16b25dcca8,2026-09-19T18:39:53+00:00
181,S400-182,SCOPUS_ID:0025370273,10.1016/0091-7435(90)90019-G,Cholesterol reduction through low-intensity interventions: Results from the Minnesota heart health program,Preventive Medicine,[],False,,False,,,,,,,True,0.16,False,no,0.05,0.9,1549,50,6.5058e-05,252.17841600533575,1,typesafe/jev-1.13-20260917,gen-dec-1789843193-78AyXl1ukyitnb8khXpC,,1d16b25dcca8,2026-09-19T18:39:53+00:00
182,S400-183,SCOPUS_ID:84891671522,10.2105/AJPH.2013.301475,"Cigarettes become a dangerous product: Tobacco in the rearview mirror, 1952-1965",American Journal Of Public Health,[],True,,True,,,,,,,True,0.78,True,yes,0.91,0.81,1497,50,6.2874e-05,365.6544580007903,1,typesafe/jev-1.13-20260917,gen-dec-1789843193-XXyNc65epWx7eY8GeioU,,1d16b25dcca8,2026-09-19T18:39:54+00:00
183,S400-184,SCOPUS_ID:84863990876,10.1136/jech.2010.128371,"Depression, anxiety and physical function: Exploring the strength of causality",Journal Of Epidemiology And Community Health,[],True,,True,,,,,,,True,0.84,True,yes,0.97,0.94,1808,50,7.5936e-05,301.4112499949988,1,typesafe/jev-1.13-20260917,gen-dec-1789843193-rnyaD2CQrC9IbVERUJaY,,1d16b25dcca8,2026-09-19T18:39:54+00:00
184,S400-185,SCOPUS_ID:32144433507,10.1093/ije/dyi226,Weight change and risk of endometrial cancer,International Journal Of Epidemiology,"['Body mass index', 'Body weight', 'Endometrial cancer', 'Weight gain', 'Weight loss']",False,,False,,,,,,,True,0.03,False,no,0.0,1.0,1790,50,7.518e-05,275.8073750010226,1,typesafe/jev-1.13-20260917,gen-dec-1789843193-Z9X5XGKSCiuAA3VZ57Ca,,1d16b25dcca8,2026-09-19T18:39:54+00:00
185,S400-186,SCOPUS_ID:85032969021,10.1016/j.amepre.2017.08.024,Health Insurance Status and Clinical Cancer Screenings Among U.S. Adults,American Journal Of Preventive Medicine,[],True,,True,,,,,,,True,0.89,True,yes,0.99,0.98,1791,50,7.5222e-05,331.1922920111101,1,typesafe/jev-1.13-20260917,gen-dec-1789843193-ryBAJqPqPIbMCjYOEoTM,,1d16b25dcca8,2026-09-19T18:39:54+00:00
186,S400-187,SCOPUS_ID:85139759307,10.2105/AJPH.2022.307022,"Gender, Race/Ethnicity, and Unionization in Direct Care Occupations",American Journal Of Public Health,[],True,,True,,,,,,,True,0.94,True,yes,1.0,0.99,1589,50,6.6738e-05,432.9177910112776,1,typesafe/jev-1.13-20260917,gen-dec-1789843193-dKO4ecdNUAtbMR16HuQd,,1d16b25dcca8,2026-09-19T18:39:54+00:00
187,S400-188,SCOPUS_ID:84971657504,10.1093/ije/dyv355,Application of linear mixed models to study genetic stability of height and body mass index across countries and time,International Journal Of Epidemiology,"['BMI', 'GCTA', 'Genetic stability', 'GREML', 'Height', 'LD score regression', 'Polygenic prediction', 'Unrelated samples', 'Weight']",False,,False,,,,,,,True,0.02,False,no,0.0,1.0,1740,50,7.308e-05,295.05420799250714,1,typesafe/jev-1.13-20260917,gen-dec-1789843193-Kt1aDrQBkNixl9t0Trvx,,1d16b25dcca8,2026-09-19T18:39:54+00:00
188,S400-189,SCOPUS_ID:85186425554,10.1016/S2468-2667(23)00326-2,"Effect of calorie labelling in the out-of-home food sector on adult obesity prevalence, cardiovascular mortality, and social inequalities in England: a modelling study",The Lancet Public Health,[],True,,True,,,,,,,True,0.97,True,yes,1.0,1.0,1928,50,8.0976e-05,328.0045000137761,1,typesafe/jev-1.13-20260917,gen-dec-1789843193-0FKTNEettXgH7Owen4W7,,1d16b25dcca8,2026-09-19T18:39:54+00:00
189,S400-190,SCOPUS_ID:67349200243,10.1016/j.ypmed.2009.04.002,Does TV viewing during family meals make a difference in adolescent substance use?,Preventive Medicine,"['Adolescents', 'Family meals', 'Substance use']",False,,False,,,,,,,True,0.04,False,no,0.0,1.0,1610,50,6.762e-05,290.3891250025481,1,typesafe/jev-1.13-20260917,gen-dec-1789843194-Lh0dhYowFLNjpCqYF2Ix,,1d16b25dcca8,2026-09-19T18:39:54+00:00
190,S400-191,SCOPUS_ID:0036891768,10.2105/AJPH.92.12.1994,"Knowledge of, attitudes toward, and experience of complementary and alternative medicine in Western medicine- and Oriental medicine-trained physicians in Korea",American Journal Of Public Health,[],True,"borderline, implicit",False,I read this as a recommendaiton for future research,!!!,,,False,,True,0.84,True,yes,0.95,0.9,1520,50,6.384e-05,268.1083329953253,1,typesafe/jev-1.13-20260917,gen-dec-1789843194-c8uZbx6oMvQFqZrgvesT,,1d16b25dcca8,2026-09-19T18:39:54+00:00
191,S400-192,SCOPUS_ID:79960548745,10.1093/aje/kwr088,Sex differences in subclinical atherosclerosis by race/ethnicity in the multi-ethnic study of atherosclerosis,American Journal Of Epidemiology,"['calcification, physiologic', 'continental population groups', 'coronary vessels', 'sex', 'social class']",False,,False,,,,,,,True,0.03,False,no,0.0,1.0,1659,50,6.9678e-05,303.1290840008296,1,typesafe/jev-1.13-20260917,gen-dec-1789843194-uDHUMkwxBCGxBtojgwcx,,1d16b25dcca8,2026-09-19T18:39:54+00:00
192,S400-193,SCOPUS_ID:0028927818,10.2105/AJPH.85.3.387,Preventive services for the elderly: Would coverage affect utilization and costs under Medicare?,American Journal Of Public Health,[],True,borderline,True,,,,,,,True,0.81,True,yes,0.9,0.8,1576,50,6.6192e-05,294.4220830104314,1,typesafe/jev-1.13-20260917,gen-dec-1789843194-7ePBIWvEq2EdChquy089,,1d16b25dcca8,2026-09-19T18:39:54+00:00
193,S400-194,SCOPUS_ID:0035879585,10.1093/aje/154.2.106,Parental occupational exposures to chemicals and incidence of neuroblastoma in offspring,American Journal Of Epidemiology,"['Child', 'Dust', 'Hydrocarbons', 'Metals', 'Neuroblastoma', 'Occupational exposure']",False,,False,,,,,,,True,0.03,False,no,0.0,1.0,1712,50,7.1904e-05,406.6452920087613,1,typesafe/jev-1.13-20260917,gen-dec-1789843194-eiw2uAjLIek0geoxK8Dk,,1d16b25dcca8,2026-09-19T18:39:54+00:00
194,S400-195,SCOPUS_ID:0027416466,10.1016/s0749-3797(18)30769-4,The effect of routine use of computer-generated preventive reminders in a clinical practice,American Journal Of Preventive Medicine,[],True,,True,,,,,,,True,0.23,False,no,0.12,0.76,1603,50,6.7326e-05,341.96712501579896,1,typesafe/jev-1.13-20260917,gen-dec-1789843194-PuN2r8mS1U540KRhDa1t,,1d16b25dcca8,2026-09-19T18:39:54+00:00
195,S400-196,SCOPUS_ID:0025287962,10.2105/AJPH.80.6.704,Spanish version of the Nottingham Health Profile: Translation and preliminary validity,American Journal Of Public Health,[],False,,False,,,,,,,True,0.03,False,no,0.0,1.0,1549,50,6.5058e-05,280.90870901360177,1,typesafe/jev-1.13-20260917,gen-dec-1789843194-hi4Yv1ZznAhCyGQMeIUU,,1d16b25dcca8,2026-09-19T18:39:54+00:00
196,S400-197,SCOPUS_ID:0036298731,10.1016/S0749-3797(02)00447-6,Estimating the cost of unmet HIV-prevention needs in the United States,American Journal Of Preventive Medicine,[],False,,False,,,,,,,True,0.68,True,yes,0.73,0.45,1734,50,7.2828e-05,273.01629199064337,1,typesafe/jev-1.13-20260917,gen-dec-1789843194-mylt1ztIM4bE7Pu5pNQe,,1d16b25dcca8,2026-09-19T18:39:54+00:00
197,S400-198,SCOPUS_ID:0025338283,10.2105/AJPH.80.6.734,Pertussis immunization in eight-month-old children in North Carolina,American Journal Of Public Health,[],False,,False,,,,,,,True,0.08,False,no,0.01,0.98,1508,50,6.3336e-05,260.23245899705216,1,typesafe/jev-1.13-20260917,gen-dec-1789843194-ntVPoc37jg8MC0TcugMF,,1d16b25dcca8,2026-09-19T18:39:54+00:00
198,S400-199,SCOPUS_ID:35748940346,10.2105/AJPH.2007.113282,Political will: A bridge between public health knowledge and action,American Journal Of Public Health,[],True,non-emperical,True,,,,,,,True,0.25,False,no,0.13,0.74,1424,50,5.9808e-05,497.1281249891035,1,typesafe/jev-1.13-20260917,gen-dec-1789843194-nTnGnMLpTgzuyw6aaACU,,1d16b25dcca8,2026-09-19T18:39:54+00:00
199,S400-200,SCOPUS_ID:0032979016,10.2105/AJPH.89.3.395,"Trends in body weight among American Indians: Findings from a telephone survey, 1985 through 1996",American Journal Of Public Health,[],False,,False,,,,,,,True,0.1,False,no,0.02,0.96,1492,50,6.2664e-05,311.86612500459887,1,typesafe/jev-1.13-20260917,gen-dec-1789843194-ZN5kvZKvQKrD6ByIf6Z0,,1d16b25dcca8,2026-09-19T18:39:54+00:00
200,S400-201,SCOPUS_ID:0042836551,10.1093/aje/kwg170,Influence of participation in high-impact sports during adolescence and adulthood on bone mineral density in middle-aged men: A 27-year follow-up study,American Journal Of Epidemiology,"['Adolescence', 'Bone density', 'Densitometry, x-ray', 'Exercise', 'Follow-up studies', 'Men', 'Sports']",True,"borderline, implictly suggests need for continued participation (a policy of a kind)",False,I considered this to be a research recommendaiton,!!!,,,False,,True,0.07,False,no,0.01,0.98,1693,50,7.1106e-05,332.2631659975741,1,typesafe/jev-1.13-20260917,gen-dec-1789843194-86nGla8vGKb8OqOUaZMd,,1d16b25dcca8,2026-09-19T18:39:54+00:00
201,S400-202,SCOPUS_ID:0032535639,10.1093/oxfordjournals.aje.a009609,"International variability in ages at menarche, first livebirth, and menopause",American Journal Of Epidemiology,"['Menstruation', 'Reproductive history', 'Surveys']",False,,False,,,,,,,True,0.02,False,no,0.0,1.0,1775,50,7.455e-05,273.2927080069203,1,typesafe/jev-1.13-20260917,gen-dec-1789843194-h8u3ZyNFTMRm2i42xTma,,1d16b25dcca8,2026-09-19T18:39:54+00:00
202,S400-203,SCOPUS_ID:33646471734,10.1093/ije/dyl043,Estimating the causes of 4 million neonatal deaths in the year 2000,International Journal Of Epidemiology,"['Cause of death', 'Infant', 'Mortality', 'Newborn']",True,,False,this read like a stats or demogrpahic methods paper to me,!!!,,,False,,True,0.42,False,no,0.39,0.23,1754,50,7.3668e-05,261.9450839993078,1,typesafe/jev-1.13-20260917,gen-dec-1789843194-PudUw5Q2AGFzIQPPk8ph,,1d16b25dcca8,2026-09-19T18:39:54+00:00
203,S400-204,SCOPUS_ID:85205276146,10.1093/eurpub/ckae088,Environmental impact of dietary patterns in 10 European countries; a cross-sectional analysis of nationally representative dietary surveys,European Journal Of Public Health,[],True,,True,,,,,,,True,0.89,True,yes,0.98,0.96,1904,50,7.9968e-05,280.66999997827224,1,typesafe/jev-1.13-20260917,gen-dec-1789843194-vaYDFvEXazbOhfqRKcQl,,1d16b25dcca8,2026-09-19T18:39:54+00:00
204,S400-205,SCOPUS_ID:85183513148,10.1016/j.ypmed.2024.107878,"Prevalence of occupational injury and its associated factors among emergency department physicians in China: A large sample, cross-sectional study",Preventive Medicine,"['Emergency department', 'Occupational injury', 'Physicians', 'Workplace exposures']",True,,True,,,,,,,True,0.97,True,yes,1.0,1.0,1660,50,6.972e-05,306.6761670052074,1,typesafe/jev-1.13-20260917,gen-dec-1789843194-ug3oeJQMjm6I0pBfUVTR,,1d16b25dcca8,2026-09-19T18:39:54+00:00
205,S400-206,SCOPUS_ID:85126656916,10.1016/j.ypmed.2022.107019,"Human papilloma virus vaccination and cervical cancer screening coverage in managed care plans — United States, 2018",Preventive Medicine,"['Cervical cancer screening', 'Human papilloma virus vaccination', 'Managed care plans', 'Quality measures']",False,,False,,,,,,,True,0.37,False,no,0.3,0.39,1730,50,7.266e-05,273.45708399661817,1,typesafe/jev-1.13-20260917,gen-dec-1789843194-TpDePQiYm0cX9GBpkXV4,,1d16b25dcca8,2026-09-19T18:39:54+00:00
206,S400-207,SCOPUS_ID:3042584228,10.1016/j.ypmed.2004.01.031,Adolescent dairy consumption and physical activity associated with bone mass,Preventive Medicine,"['Adolescent', 'Bone', 'Dairy', 'Ethnicity', 'Physical activity']",False,,False,,,,,,,True,0.03,False,no,0.0,1.0,1661,50,6.9762e-05,316.1362920072861,1,typesafe/jev-1.13-20260917,gen-dec-1789843194-p6srgkYkgUwF2SpBHhOC,,1d16b25dcca8,2026-09-19T18:39:54+00:00
207,S400-208,SCOPUS_ID:84916897472,10.1136/jech-2014-204020,Preterm delivery among first-time Mexico-born mothers: A binational population-based comparison of deliveries in California and Mexico,Journal Of Epidemiology And Community Health,[],False,,False,,,,,,,True,0.04,False,no,0.0,1.0,1787,50,7.5054e-05,284.64295898447745,1,typesafe/jev-1.13-20260917,gen-dec-1789843194-Ie3w0Xuzxfaie028ENz0,,1d16b25dcca8,2026-09-19T18:39:54+00:00
208,S400-209,SCOPUS_ID:85149681297,10.1016/j.amepre.2023.01.036,Widening Gaps and Disparities in the Treatment of Adolescent Alcohol and Drug Use Disorders,American Journal Of Preventive Medicine,[],True,,True,,,,,,,True,0.87,True,yes,0.98,0.96,1665,50,6.993e-05,331.6518340143375,1,typesafe/jev-1.13-20260917,gen-dec-1789843194-KrO8CGMw50WyMdbA3lyq,,1d16b25dcca8,2026-09-19T18:39:55+00:00
209,S400-210,SCOPUS_ID:33845253124,10.2105/AJPH.2004.053744,"Infant mortality trends and differences between American Indian/Alaska Native infants and white infants in the United States, 1989-1991 and 1998-2000",American Journal Of Public Health,[],True,,True,"I was on the fence, but they do talk about a spcific target for intervention",,,,,,True,0.9,True,yes,0.99,0.98,1692,50,7.1064e-05,271.58554102061316,1,typesafe/jev-1.13-20260917,gen-dec-1789843194-U0PoXNFyRED48yFrdKF4,,1d16b25dcca8,2026-09-19T18:39:55+00:00
210,S400-211,SCOPUS_ID:84929603362,10.1093/aje/kwu350,"Violent victimization, mental health, and service utilization outcomes in a cohort of homeless and unstably housed women living with or at risk of becoming infected with HIV",American Journal Of Epidemiology,"['depressive disorder', 'HIV', 'partner violence', 'quality of life', 'rape']",True,"borderline, implicit",False,I did not read a policy recommendation here,!!!,,,False,,True,0.84,True,yes,0.96,0.93,1705,50,7.161e-05,291.3622499909252,1,typesafe/jev-1.13-20260917,gen-dec-1789843194-ztYnypCSmDr9kLsoQfmq,,1d16b25dcca8,2026-09-19T18:39:55+00:00
211,S400-212,SCOPUS_ID:85042694988,10.1016/j.ypmed.2018.02.019,Attitudes towards tobacco product regulations and their relationship with the tobacco control policies,Preventive Medicine,"['Attitudes', 'Tobacco Control', 'Tobacco Control Legislations', 'Tobacco Control Scale']",False,,False,,,,,,,True,0.06,False,no,0.0,1.0,1696,50,7.1232e-05,271.1684170062654,1,typesafe/jev-1.13-20260917,gen-dec-1789843194-IvK9tWULsqmnsCVaRByb,,1d16b25dcca8,2026-09-19T18:39:55+00:00
212,S400-213,SCOPUS_ID:85194884968,10.1007/s10654-024-01133-5,"Source-specific nitrate intake and all-cause mortality in the Danish Diet, Cancer, and Health Study",European Journal Of Epidemiology,"['Meat', 'Mortality', 'Nitrate', 'Nitrite', 'Vegetables', 'Water']",False,,False,,,,,,,True,0.03,False,no,0.0,1.0,1826,50,7.6692e-05,252.69404202117585,1,typesafe/jev-1.13-20260917,gen-dec-1789843194-hfhNYYxhOw4JK5LWBatd,,1d16b25dcca8,2026-09-19T18:39:55+00:00
213,S400-214,SCOPUS_ID:85061655307,10.1016/j.ypmed.2019.02.004,Tiempo de Vacunarte (time to get vaccinated): Outcomes of an intervention to improve HPV vaccination rates in a predominantly Hispanic community,Preventive Medicine,"['Hispanic population', 'HPV education', 'HPV prevention', 'HPV vaccination completion', 'Promontora']",False,,False,,,,,,,True,0.08,False,no,0.01,0.98,1759,50,7.3878e-05,222.32312499545515,1,typesafe/jev-1.13-20260917,gen-dec-1789843194-Q27hbNyoB6zxNs2uvQGx,,1d16b25dcca8,2026-09-19T18:39:55+00:00
214,S400-215,SCOPUS_ID:85057523318,10.1097/EDE.0000000000000906,Estimating sizes of key populations at the national level: Considerations for study design and analysis,Epidemiology,"['Epidemiologic methods', 'HIV', 'Sex workers', 'Sexual and gender minorities']",False,,False,,,,,,,True,0.06,False,no,0.0,0.99,1693,50,7.1106e-05,322.1279580029659,1,typesafe/jev-1.13-20260917,gen-dec-1789843195-LBBXBwraCKewCLEJUJOE,,1d16b25dcca8,2026-09-19T18:39:55+00:00
215,S400-216,SCOPUS_ID:0026323164,10.2105/AJPH.81.11.1474,Interpersonal violence-related injuries in an African-American community in Philadelphia,American Journal Of Public Health,[],False,,False,,,,,,,True,0.03,False,no,0.0,1.0,1549,50,6.5058e-05,246.91429099766538,1,typesafe/jev-1.13-20260917,gen-dec-1789843195-A8Gk94rH90c8D7T0Zqvh,,1d16b25dcca8,2026-09-19T18:39:55+00:00
216,S400-217,SCOPUS_ID:0025035565,10.1093/ije/19.Supplement_1.S24,Interactions of xenobiotics in the respiratory tract following non-inhalation routes of exposure,International Journal Of Epidemiology,[],False,,False,,,,,,,True,0.08,False,no,0.01,0.98,1535,50,6.447e-05,352.8365830134135,1,typesafe/jev-1.13-20260917,gen-dec-1789843195-gbkH6tlqxSDaZeJKvaR1,,1d16b25dcca8,2026-09-19T18:39:55+00:00
217,S400-218,SCOPUS_ID:0031104752,10.1006/pmed.1996.0129,Preventive health behaviors among spousal caregivers,Preventive Medicine,"['aged', 'caregivers', 'health behaviors', 'preventive health services', 'sense of control']",False,,False,,,,,,,True,0.03,False,no,0.0,1.0,1653,50,6.9426e-05,267.0861250080634,1,typesafe/jev-1.13-20260917,gen-dec-1789843195-LY3iSVhRVgXYNzLrufV4,,1d16b25dcca8,2026-09-19T18:39:55+00:00
218,S400-219,SCOPUS_ID:0027769859,10.1136/jech.47.6.497,Validation of a severity index in female urinary incontinence and its implementation in an epidemiological survey,Journal Of Epidemiology And Community Health,[],False,,False,,,,,,,True,0.05,False,no,0.0,1.0,1767,50,7.4214e-05,263.9805419894401,1,typesafe/jev-1.13-20260917,gen-dec-1789843195-ea4hYQJoGCfImMjYITvd,,1d16b25dcca8,2026-09-19T18:39:55+00:00
219,S400-220,SCOPUS_ID:0030972433,10.1097/00001648-199705000-00016,Cancer mortality among workers with benzene exposure,Epidemiology,"['benzene', 'cohort study', 'exposure estimation', 'leukemia', 'multiple myeloma']",False,,False,,,,,,,True,0.03,False,no,0.0,1.0,1690,50,7.098e-05,324.82158299535513,1,typesafe/jev-1.13-20260917,gen-dec-1789843195-OgDSfINruIBsI1j374Yg,,1d16b25dcca8,2026-09-19T18:39:55+00:00
220,S400-221,SCOPUS_ID:0029098399,10.1097/00001648-199509000-00008,Changes in dietary fat intake preceding the diagnosis of cancer,Epidemiology,"['Bias', 'Dietary changes', 'Neoplasms']",False,,False,,,,,,,True,0.09,False,no,0.02,0.97,1634,50,6.8628e-05,270.43054200476035,1,typesafe/jev-1.13-20260917,gen-dec-1789843195-eUmLlWXUGwS9xn4qBBvm,,1d16b25dcca8,2026-09-19T18:39:55+00:00
221,S400-222,SCOPUS_ID:0034210822,10.1093/oxfordjournals.aje.a010147,"Is systemic lupus erythematosus, amyotrophic lateral sclerosis, or fibromyalgia associated with Persian Gulf War service? An examination of Department of Defense hospitalization data",American Journal Of Epidemiology,"['Amyotrophic lateral sclerosis', 'Fibromyalgia', 'Hospitalization', 'Lupus erythematosus', 'Military medicine', 'Persian Gulf syndrome', 'Systemic', 'Veterans']",False,,False,,,,,,,True,0.04,False,no,0.0,1.0,1714,50,7.1988e-05,247.33337498037145,1,typesafe/jev-1.13-20260917,gen-dec-1789843195-jjFgXOwQUwq8dwqDfO5X,,1d16b25dcca8,2026-09-19T18:39:55+00:00
222,S400-223,SCOPUS_ID:70350221936,10.1136/jech.2008.081208,Costs of Mediterranean and western dietary patterns in a Spanish cohort and their relationship with prospective weight change,Journal Of Epidemiology And Community Health,[],True,,True,,,,,,,True,0.65,True,yes,0.79,0.58,1722,50,7.2324e-05,261.6896250110585,1,typesafe/jev-1.13-20260917,gen-dec-1789843195-CWfDiJeCTcLH7xdaUFXE,,1d16b25dcca8,2026-09-19T18:39:55+00:00
223,S400-224,SCOPUS_ID:84922386467,10.1093/aje/kwu276,A cautionary note about estimating effects of secondary exposures in cohort studies,American Journal Of Epidemiology,"['Bias (epidemiology)', 'Cohort studies', 'Directed acyclic graph', 'Epidemiologic methods', 'Oversampling']",False,,False,,,,,,,True,0.19,False,no,0.19,0.62,1632,50,6.8544e-05,343.2642499974463,1,typesafe/jev-1.13-20260917,gen-dec-1789843195-qzNLtdsSmEPPP744Qnfy,,1d16b25dcca8,2026-09-19T18:39:55+00:00
224,S400-225,SCOPUS_ID:0026785623,10.1136/jech.46.5.532,Prediction of general practice workload from census based social deprivation scores,Journal Of Epidemiology And Community Health,[],True,,True,,,,,,,True,0.97,True,yes,1.0,1.0,1639,50,6.8838e-05,292.19062501215376,1,typesafe/jev-1.13-20260917,gen-dec-1789843195-9KIsL38uTpFBFZovI9Zj,,1d16b25dcca8,2026-09-19T18:39:55+00:00
225,S400-226,SCOPUS_ID:85202584433,10.1016/j.ypmed.2024.108096,Association of immigrant status with self-rated health in Spain: 2014–2020,Preventive Medicine,"['Immigrant status', 'Self-rated health', 'Sex/gender', 'Social inequalities', 'Social support']",True,,False,I think they call for more research?,!!!,,,False,,True,0.27,False,no,0.28,0.45,1712,50,7.1904e-05,278.68004102492705,1,typesafe/jev-1.13-20260917,gen-dec-1789843195-I0JaDkuFJNLLKKtQmOcE,,1d16b25dcca8,2026-09-19T18:39:55+00:00
226,S400-227,SCOPUS_ID:0028200351,10.1093/ije/23.3.592,Should years lost always be equated with life expectancy?,International Journal Of Epidemiology,[],False,,False,,,,,,,True,0.04,False,no,0.0,1.0,1628,50,6.8376e-05,360.48175001633354,1,typesafe/jev-1.13-20260917,gen-dec-1789843195-RnVpbUzruPaSDGlmXyfF,,1d16b25dcca8,2026-09-19T18:39:55+00:00
227,S400-228,SCOPUS_ID:0025365959,10.1016/0091-7435(90)90024-E,Diet and coronary heart disease risk factors in a population with varied intake,Preventive Medicine,[],False,,False,,,,,,,True,0.03,False,no,0.0,1.0,1537,50,6.4554e-05,282.95366701786406,1,typesafe/jev-1.13-20260917,gen-dec-1789843195-GcZ7SlpnaNUzvb9szFkb,,1d16b25dcca8,2026-09-19T18:39:55+00:00
228,S400-229,SCOPUS_ID:85042707770,10.1093/ije/dyx095,"Maternal consumption of artificially sweetened beverages during pregnancy, and offspring growth through 7 years of age: A prospective cohort study",International Journal Of Epidemiology,"['Artificially sweetened beverages', 'Obesity', 'Pregnancy', 'Sugar-sweetened beverages']",False,,False,,,,,,,True,0.05,False,no,0.0,1.0,1815,50,7.623e-05,287.3095000104513,1,typesafe/jev-1.13-20260917,gen-dec-1789843195-zzgN50oeJDlRPa6SZHxU,,1d16b25dcca8,2026-09-19T18:39:55+00:00
229,S400-230,SCOPUS_ID:27744597027,10.1007/s10654-005-3634-7,Heterogeneity of prognostic profiles in non-small cell lung cancer: Too many variables but a few relevant,European Journal Of Epidemiology,"['Follow up studies', 'Lung cancer', 'Non-small cell lung cancer', 'Prognostic research', 'Risk factor', 'Survival']",False,,False,,,,,,,True,0.03,False,no,0.0,1.0,1667,50,7.0014e-05,280.8988339966163,1,typesafe/jev-1.13-20260917,gen-dec-1789843195-Fbz1VxEBZZEeo5oa27ly,,1d16b25dcca8,2026-09-19T18:39:55+00:00
230,S400-231,SCOPUS_ID:85049076037,10.1097/EDE.0000000000000715,Association Between Long-term Exposure to Traffic-related Air Pollution and Inflammatory and Thrombotic Markers in Middle-aged Adults,Epidemiology,[],False,,False,,,,,,,True,0.03,False,no,0.0,1.0,1864,50,7.8288e-05,336.86083400971256,1,typesafe/jev-1.13-20260917,gen-dec-1789843195-WPA9ys1Sv8mUHdEDwqgB,,1d16b25dcca8,2026-09-19T18:39:55+00:00
231,S400-232,SCOPUS_ID:0035169424,10.2105/AJPH.91.1.150,Trends in adolescent suicide: Misclassification bias?,American Journal Of Public Health,[],True,borderline,False,their point is about data only?,!!!,,,False,,True,0.38,False,no,0.34,0.31,1531,50,6.4302e-05,297.5277920195367,1,typesafe/jev-1.13-20260917,gen-dec-1789843195-OexbXqYMat851nAWuqZa,,1d16b25dcca8,2026-09-19T18:39:55+00:00
232,S400-233,SCOPUS_ID:85084103403,10.1093/EURPUB/CKZ122,Education level and hospitalization for ambulatory care sensitive conditions: An education approach is required,European Journal Of Public Health,[],True,,True,,,,,,,True,0.9,True,yes,0.99,0.98,1762,50,7.4004e-05,514.108916016994,1,typesafe/jev-1.13-20260917,gen-dec-1789843195-0Xabfy4VzMB4WiRWvBWk,,1d16b25dcca8,2026-09-19T18:39:56+00:00
233,S400-234,SCOPUS_ID:7944224013,10.1016/j.ypmed.2004.04.041,"Race, ethnicity, and sociocultural characteristics predict noncompliance with lipid-lowering medications",Preventive Medicine,"['Dyslipidemia', 'Ethnicity', 'Race']",False,,False,,,,,,,True,0.03,False,no,0.0,1.0,1752,50,7.3584e-05,300.642083020648,1,typesafe/jev-1.13-20260917,gen-dec-1789843195-QsXxDiuObCjtsmFOzHcp,,1d16b25dcca8,2026-09-19T18:39:55+00:00
234,S400-235,SCOPUS_ID:0035711043,10.1006/pmed.2000.0788,Associations between self-reported and objective physical environmental factors and use of a community rail-trail,Preventive Medicine,"['Determinants', 'Environment', 'Geographic information system', 'Physical activity', 'Trails']",True,,True,,,,,,,True,0.85,True,yes,0.98,0.95,1659,50,6.9678e-05,441.04162498842925,1,typesafe/jev-1.13-20260917,gen-dec-1789843195-Kv4YWEBYEChcqc1MViNk,,1d16b25dcca8,2026-09-19T18:39:56+00:00
235,S400-236,SCOPUS_ID:0025825302,10.2105/AJPH.81.4.497,Mass flea outbreak at a child care facility: Case report,American Journal Of Public Health,[],False,error- not all abstract outputted,False,,,,,,,True,0.08,False,no,0.01,0.98,1452,50,6.0984e-05,341.21441599563695,1,typesafe/jev-1.13-20260917,gen-dec-1789843195-kIkBGPLX2Acb5KLv8npz,,1d16b25dcca8,2026-09-19T18:39:56+00:00
236,S400-237,SCOPUS_ID:85020905991,10.1093/eurpub/ckw263,The effectiveness of current French health warnings displayed on alcohol advertisements and alcoholic beverages,European Journal Of Public Health,[],True,,True,,,,,,,True,0.89,True,yes,0.98,0.97,1679,50,7.0518e-05,283.440958999563,1,typesafe/jev-1.13-20260917,gen-dec-1789843195-Kll5inhHR7qRX2bCffbr,,1d16b25dcca8,2026-09-19T18:39:55+00:00
237,S400-238,SCOPUS_ID:0025844791,10.1093/oxfordjournals.aje.a115822,"Decline in incidence of epidemic glucose intolerance in nauruans: Implications for the ""thrifty genotype""",American Journal Of Epidemiology,"['Diabetes mellitus', 'Genotype', 'Glucose tolerance test', 'Incidence', 'Non-insulin-dependent', 'Prevalence', 'Selection (genetics)']",False,,False,,,,,,,True,0.03,False,no,0.0,1.0,1883,50,7.9086e-05,297.73024999303743,1,typesafe/jev-1.13-20260917,gen-dec-1789843195-fkhnUp7vg6T9YNGhquXF,,1d16b25dcca8,2026-09-19T18:39:56+00:00
238,S400-239,SCOPUS_ID:0036294015,10.2105/AJPH.92.7.1168,Assessment of a new approach to family planning services in rural Pakistan,American Journal Of Public Health,[],True,,True,,,,,,,True,0.97,True,yes,1.0,1.0,1580,50,6.636e-05,291.0442079883069,1,typesafe/jev-1.13-20260917,gen-dec-1789843195-gZ2I37t4xSV4kqXKUqIs,,1d16b25dcca8,2026-09-19T18:39:56+00:00
239,S400-240,SCOPUS_ID:17944367766,10.1006/pmed.2001.0875,Promoting sun safety among zoo visitors,Preventive Medicine,"['Recreational parks', 'Skin cancer prevention', 'Sun safety intervention', 'Zoological parks']",False,,False,,,,,,,True,0.06,False,no,0.0,1.0,1625,50,6.825e-05,291.79983300855383,1,typesafe/jev-1.13-20260917,gen-dec-1789843195-XJdoaEPJEKZPJdkr7QvU,,1d16b25dcca8,2026-09-19T18:39:56+00:00
240,S400-241,SCOPUS_ID:0027248929,10.1093/ije/22.3.543,Acceptability of the tuberculosis service: Scale development,International Journal Of Epidemiology,[],False,,False,,,,,,,True,0.04,False,no,0.0,1.0,1635,50,6.867e-05,302.35020798863843,1,typesafe/jev-1.13-20260917,gen-dec-1789843195-ztcsNr6SJwV055uTj32x,,1d16b25dcca8,2026-09-19T18:39:56+00:00
241,S400-242,SCOPUS_ID:67049145290,10.1016/j.amepre.2009.04.017,Overweight in Children and Adolescents Associated with TV Viewing and Parental Weight. Project HeartBeat!,American Journal Of Preventive Medicine,[],False,,False,,,,,,,True,0.04,False,no,0.0,1.0,1791,50,7.5222e-05,314.58516701241024,1,typesafe/jev-1.13-20260917,gen-dec-1789843196-U4TiJq9L2zQslQlX289J,,1d16b25dcca8,2026-09-19T18:39:56+00:00
242,S400-243,SCOPUS_ID:0028665878,10.1093/ije/23.6.1145,Occupational exposure to polycyclic aromatic hydrocarbons and the risk of bladder cancer: A french case-control study,International Journal Of Epidemiology,[],False,,False,,,,,,,True,0.03,False,no,0.0,1.0,1830,50,7.686e-05,273.86774998740293,1,typesafe/jev-1.13-20260917,gen-dec-1789843196-h5QCsgoHpB72aUhtov6Z,,1d16b25dcca8,2026-09-19T18:39:56+00:00
243,S400-244,SCOPUS_ID:0029004262,10.1093/ije/24.supplement_1.s113,The Multifund and outcome research,International Journal Of Epidemiology,[],False,,False,,,,,,,True,0.75,True,yes,0.84,0.69,1846,50,7.7532e-05,287.31304200482555,1,typesafe/jev-1.13-20260917,gen-dec-1789843196-II8ZCdbGnvOUHDZ3cioX,,1d16b25dcca8,2026-09-19T18:39:56+00:00
244,S400-245,SCOPUS_ID:85132281504,10.1016/j.amepre.2021.12.028,Predicting Homelessness Among U.S. Army Soldiers No Longer on Active Duty,American Journal Of Preventive Medicine,[],False,"borderline, implicit",False,,,,,,,True,0.7,True,yes,0.82,0.64,1718,50,7.2156e-05,292.85450000315905,1,typesafe/jev-1.13-20260917,gen-dec-1789843196-fvO2df4AXi3cSczlzUD5,,1d16b25dcca8,2026-09-19T18:39:56+00:00
245,S400-246,SCOPUS_ID:84875596512,10.1093/aje/kws437,Environmental exposure to metals and children's growth to age 5 years: A prospective cohort study,American Journal Of Epidemiology,"['arsenic', 'body height', 'body weight', 'cadmium', 'child, preschool', 'growth', 'lead', 'prenatal exposure delayed effects']",False,,False,,,,,,,True,0.03,False,no,0.0,1.0,1758,50,7.3836e-05,359.0904169832356,1,typesafe/jev-1.13-20260917,gen-dec-1789843196-bJo0QT9NJ5clrwuKde9n,,1d16b25dcca8,2026-09-19T18:39:56+00:00
246,S400-247,SCOPUS_ID:0030971346,10.1097/00001648-199707000-00007,A method for timely assessment of influenza-associated mortality in the United States,Epidemiology,"['Influenza', 'Models', 'Mortality', 'Pneumonia', 'Surveillance']",True,,True,,,,,,,True,0.91,True,yes,0.99,0.99,1607,50,6.7494e-05,308.36112500401214,1,typesafe/jev-1.13-20260917,gen-dec-1789843196-9POlJWwfCUBzPAlu9Ozt,,1d16b25dcca8,2026-09-19T18:39:56+00:00
247,S400-248,SCOPUS_ID:84913549116,10.1093/ije/dyu160,The relationship of parents' cigarette smoking to outcome of pregnancy-implications as to the problem of inferring causation from observed associations,International Journal Of Epidemiology,"['Birth weight', 'Congenital anomalies', 'Contraception', 'Low', 'Menarche', 'Menstruation', 'Mortality, neonatal', 'Pregnancy', 'Prenatal influences', 'Smoking']",False,,False,,,,,,,True,0.04,False,no,0.0,0.99,1715,50,7.203e-05,258.1360839831177,1,typesafe/jev-1.13-20260917,gen-dec-1789843196-HpPlZEsuFQNx9MfDCGJR,,1d16b25dcca8,2026-09-19T18:39:56+00:00
248,S400-249,SCOPUS_ID:0026647044,10.2105/AJPH.82.7.1023,Carcinogens in tobacco smoke: Benzo[a]pyrene from Canadian cigarettes and cigarette tobacco,American Journal Of Public Health,[],False,,False,,,,,,,True,0.25,False,no,0.23,0.53,1501,50,6.3042e-05,357.39470800035633,1,typesafe/jev-1.13-20260917,gen-dec-1789843196-QcBsSyVHfaXzC1qVDxMD,,1d16b25dcca8,2026-09-19T18:39:56+00:00
249,S400-250,SCOPUS_ID:0031408841,10.1016/s0749-3797(18)30092-8,State Health Department and University evaluation of North Carolina's Maternal Outreach Worker Program,American Journal Of Preventive Medicine,[],True,,True,,,,,,,True,0.12,False,no,0.01,0.97,1689,50,7.0938e-05,260.80908402218483,1,typesafe/jev-1.13-20260917,gen-dec-1789843196-34U8a4vOrkl4DJU77wSs,,1d16b25dcca8,2026-09-19T18:39:56+00:00
250,S400-251,SCOPUS_ID:85114135037,10.1016/j.amepre.2021.03.023,Racial/Ethnic and Socioeconomic Disparities in Adult Vaccination Coverage,American Journal Of Preventive Medicine,[],True,,True,,,,,,,True,0.94,True,yes,1.0,0.99,1743,50,7.3206e-05,275.903332978487,1,typesafe/jev-1.13-20260917,gen-dec-1789843196-1gLuCeBUS8SJArxEqD8h,,1d16b25dcca8,2026-09-19T18:39:56+00:00
251,S400-252,SCOPUS_ID:84937517224,10.1016/j.amepre.2015.02.002,Assessment of the School Nutrition Environment: A Study in Australian Primary School Canteens,American Journal Of Preventive Medicine,[],True,,True,,,,,,,True,0.87,True,yes,0.96,0.91,1677,50,7.0434e-05,357.62016600347124,1,typesafe/jev-1.13-20260917,gen-dec-1789843196-qof3QShohqY6ROeOmshL,,1d16b25dcca8,2026-09-19T18:39:56+00:00
252,S400-253,SCOPUS_ID:85045424692,10.1093/aje/kwx295,Examining the Association between Apparent Temperature and Mental Health-Related Emergency Room Visits in California,American Journal Of Epidemiology,"['ambient temperature', 'apparent temperature', 'California', 'emergency room visits', 'homicide', 'mental health', 'Poisson regression', 'suicide']",False,,False,,,,,,,True,0.05,False,no,0.0,1.0,1719,50,7.2198e-05,306.26366700744256,1,typesafe/jev-1.13-20260917,gen-dec-1789843196-lJ4Gqueioob6Ny0Kc0J8,,1d16b25dcca8,2026-09-19T18:39:56+00:00
253,S400-254,SCOPUS_ID:0036891729,10.2105/AJPH.92.12.1946,Development of a prototype system for statewide asthma surveillance,American Journal Of Public Health,[],False,,False,,,,,,,True,0.1,False,no,0.01,0.98,1513,50,6.3546e-05,266.31874998565763,1,typesafe/jev-1.13-20260917,gen-dec-1789843196-yY5TprSnAZjYxQEV5jQ7,,1d16b25dcca8,2026-09-19T18:39:56+00:00
254,S400-255,SCOPUS_ID:84982893015,10.1093/aje/kwv324,The Association between Perceived Stress and Mortality among People with Multimorbidity: A Prospective Population-Based Cohort Study,American Journal Of Epidemiology,"['chronic disease', 'comorbidity', 'longitudinal studies', 'mental health', 'mortality', 'prognosis', 'stress, psychological']",False,,False,,,,,,,True,0.04,False,no,0.0,1.0,1738,50,7.2996e-05,285.56662501068786,1,typesafe/jev-1.13-20260917,gen-dec-1789843196-zyKSKORQJFjtTnTETp5s,,1d16b25dcca8,2026-09-19T18:39:56+00:00
255,S400-256,SCOPUS_ID:84905578698,10.1097/EDE.0000000000000144,Traffic-related air pollution in relation to cognitive function in older adults,Epidemiology,[],False,,False,,,,,,,True,0.03,False,no,0.0,1.0,1764,50,7.4088e-05,263.0484170222189,1,typesafe/jev-1.13-20260917,gen-dec-1789843196-3pG4HoClrcIqwZgqDpXk,,1d16b25dcca8,2026-09-19T18:39:56+00:00
256,S400-257,SCOPUS_ID:85107091304,10.1016/j.ypmed.2021.106562,Designing warnings for sugary drinks: A randomized experiment with Latino parents and non-Latino parents,Preventive Medicine,"['Health policy', 'Hispanic', 'Latino/a health', 'Obesity', 'Sugar-sweetened beverages', 'Warning labels']",True,,True,,,,,,,True,0.24,False,no,0.1,0.79,1741,50,7.3122e-05,242.657708004117,1,typesafe/jev-1.13-20260917,gen-dec-1789843196-ObYlaBKVLEAuUZSzX6Mb,,1d16b25dcca8,2026-09-19T18:39:56+00:00
257,S400-258,SCOPUS_ID:84858295216,10.1136/jech.2009.087304,The effect of health promotion on diagnosis and management of diabetes,Journal Of Epidemiology And Community Health,[],True,,True,,,,,,,True,0.9,True,yes,0.98,0.96,1665,50,6.993e-05,255.7739999901969,1,typesafe/jev-1.13-20260917,gen-dec-1789843196-FjisuWhffg2njwDozxOx,,1d16b25dcca8,2026-09-19T18:39:56+00:00
258,S400-259,SCOPUS_ID:85063731915,10.1016/S2468-2667(19)30036-2,Patterns in the relationship between life expectancy and gross domestic product in Russia in 2005–15: a cross-sectional analysis,The Lancet Public Health,[],True,,True,,,,,,,True,0.89,True,yes,0.99,0.98,1898,50,7.9716e-05,269.18445801129565,1,typesafe/jev-1.13-20260917,gen-dec-1789843196-sWT9TAxTKeonqYdM94pZ,,1d16b25dcca8,2026-09-19T18:39:56+00:00
259,S400-260,SCOPUS_ID:85089294116,10.1007/s10654-020-00669-6,A case study in model failure? COVID-19 daily deaths and ICU bed utilisation predictions in New York state,European Journal Of Epidemiology,"['COVID-19', 'Hospital resource utilisation', 'Model evaluation', 'Uncertainty quantification']",False,,False,,,,,,,True,0.92,True,yes,0.99,0.99,1665,50,6.993e-05,309.3979169789236,1,typesafe/jev-1.13-20260917,gen-dec-1789843196-SSyZtxZdJvSRuoGEU8tw,,1d16b25dcca8,2026-09-19T18:39:56+00:00
260,S400-261,SCOPUS_ID:84929047682,10.1093/eurpub/cku221,Comparing the performance of the Charlson/Deyo and Elixhauser comorbidity measures across five European countries and three conditions,European Journal Of Public Health,[],False,,False,,,,,,,True,0.17,False,no,0.11,0.78,1734,50,7.2828e-05,261.9084159960039,1,typesafe/jev-1.13-20260917,gen-dec-1789843196-tfFKgtnecmHIJYjm3BRn,,1d16b25dcca8,2026-09-19T18:39:56+00:00
261,S400-262,SCOPUS_ID:77953601869,10.2105/AJPH.2009.180489,The next public health revolution: Public health information fusion and social networks,American Journal Of Public Health,[],False,error - missing part of abstracts,False,,,,,,,True,0.58,True,yes,0.67,0.35,1506,50,6.3252e-05,287.73549999459647,1,typesafe/jev-1.13-20260917,gen-dec-1789843196-rDOLDeYDwHLaDlLNWije,,1d16b25dcca8,2026-09-19T18:39:56+00:00
262,S400-263,SCOPUS_ID:33847386744,10.1093/aje/kwk033,Dietary flavonoid intake and breast cancer risk among women on Long Island,American Journal Of Epidemiology,"['Breast neoplasms', 'Diet', 'Flavonoids']",True,,False,I am not sure there is any policy implication here?,!!!,,,False,,True,0.12,False,no,0.03,0.94,1755,50,7.371e-05,326.885750022484,1,typesafe/jev-1.13-20260917,gen-dec-1789843196-qDfGIkgdPrkTEo6lNuWb,,1d16b25dcca8,2026-09-19T18:39:57+00:00
263,S400-264,SCOPUS_ID:68149179040,10.1093/aje/kwp167,"Use of Supplements of Multivitamins, Vitamin C, and Vitamin e in Relation to Mortality",American Journal Of Epidemiology,"['Ascrobic acid', 'Cohort studies', 'Coronary disease', 'Dietary supplements', 'Mortality', 'Neoplasms', 'Vitamin E', 'Vitamins']",False,,False,,,,,,,True,0.03,False,no,0.0,1.0,1695,50,7.119e-05,341.86699998099357,1,typesafe/jev-1.13-20260917,gen-dec-1789843196-ItIlIzz8PeKEwQdqjXzW,,1d16b25dcca8,2026-09-19T18:39:57+00:00
264,S400-265,SCOPUS_ID:14644388091,10.1016/j.ypmed.2004.09.021,"Focused interviews with Sudanese Americans: Perceptions about diet, nutrition, and cancer",Preventive Medicine,"['Cancer', 'Dietary beliefs', 'Focus group', 'Food habits', 'Food practices', 'Food preparation methods']",False,,False,,,,,,,True,0.04,False,no,0.0,1.0,1640,50,6.888e-05,253.26233298983425,1,typesafe/jev-1.13-20260917,gen-dec-1789843196-l3u4i8nrOZh1JzNs8cZr,,1d16b25dcca8,2026-09-19T18:39:57+00:00
265,S400-266,SCOPUS_ID:0026087647,10.1016/0091-7435(91)90005-O,Epidemiologic data on exogenous hormones and hepatocellular carcinoma and selected other cancers,Preventive Medicine,[],False,,False,,,,,,,True,0.03,False,no,0.0,1.0,1484,50,6.2328e-05,295.83145899232477,1,typesafe/jev-1.13-20260917,gen-dec-1789843196-FMyAtabB8r7SrDTE0mJ1,,1d16b25dcca8,2026-09-19T18:39:57+00:00
266,S400-267,SCOPUS_ID:0030801010,10.1016/s0749-3797(18)30181-8,Will patient satisfaction set the preventive services implementation agenda?,American Journal Of Preventive Medicine,[],True,,True,,,,,,,True,0.9,True,yes,0.99,0.99,1671,50,7.0182e-05,289.91683400818147,1,typesafe/jev-1.13-20260917,gen-dec-1789843196-7nUMbAqecPMGtEdjvnTq,,1d16b25dcca8,2026-09-19T18:39:57+00:00
267,S400-268,SCOPUS_ID:85183941151,10.1093/eurpub/ckad194,Undermining support for COVID-19 public health policies: an analysis of the impact of subversive conspiracy narratives on Czech General Practitioners,European Journal Of Public Health,[],True,,True,,,,,,,True,0.95,True,yes,1.0,1.0,1694,50,7.1148e-05,303.12837500241585,1,typesafe/jev-1.13-20260917,gen-dec-1789843197-7FWrWDcVrEOqTKcwMqRA,,1d16b25dcca8,2026-09-19T18:39:57+00:00
268,S400-269,SCOPUS_ID:0036570155,10.1093/aje/155.9.875,Ascertainment bias in family-based case-control studies,American Journal Of Epidemiology,"['Bias', 'Case-control studies', 'Family relations']",False,,False,,,,,,,True,0.12,False,no,0.06,0.89,1505,50,6.321e-05,277.93787501286715,1,typesafe/jev-1.13-20260917,gen-dec-1789843197-1cHHdGJbPgtUx76D8uGY,,1d16b25dcca8,2026-09-19T18:39:57+00:00
269,S400-270,SCOPUS_ID:0031688919,10.1093/eurpub/8.3.250,Variability in the number of tests used in children with acute gastroenteritis in two hospitals,European Journal Of Public Health,"['Child', 'Comparative studies', 'Diagnostic tests', 'Spain', 'United States']",False,,False,,,,,,,True,0.41,False,no,0.34,0.32,1487,50,6.2454e-05,294.9150830099825,1,typesafe/jev-1.13-20260917,gen-dec-1789843197-uG65o6BFUsXlAti3Gthx,,1d16b25dcca8,2026-09-19T18:39:57+00:00
270,S400-271,SCOPUS_ID:85161992453,10.1007/s10654-023-01024-1,Target trial emulation of aspirin after diagnosis of colorectal polyps,European Journal Of Epidemiology,"['Cancer prevention', 'Causal inference', 'Precision medicine', 'Target trial emulation']",False,,False,,,,,,,True,0.04,False,no,0.0,1.0,1830,50,7.686e-05,291.02745797717944,1,typesafe/jev-1.13-20260917,gen-dec-1789843197-nwXhBtcHizr7QMXonkUg,,1d16b25dcca8,2026-09-19T18:39:57+00:00
271,S400-272,SCOPUS_ID:85146443753,10.1016/j.ypmed.2023.107422,"Sex differences in Cannabis use disorder and associated psychosocial problems among US adults, 2012–2013",Preventive Medicine,"['Cannabis use disorder', 'Health problems', 'NESARC-III', 'Psychosocial problems', 'Sex differences']",True,,False,these read as individual level results?,!!!,,,True,,True,0.77,True,yes,0.92,0.83,1702,50,7.1484e-05,249.32395899668336,1,typesafe/jev-1.13-20260917,gen-dec-1789843197-EFB5g9wmogFHM8mcMEIk,,1d16b25dcca8,2026-09-19T18:39:57+00:00
272,S400-273,SCOPUS_ID:33644618996,10.2105/AJPH.2004.061358,"Diarrheal illness detected through syndromic surveillance after a massive power outage: New York City, August 2003",American Journal Of Public Health,[],False,,False,,,,,,,True,0.09,False,no,0.0,0.99,1663,50,6.9846e-05,375.14958399697207,1,typesafe/jev-1.13-20260917,gen-dec-1789843197-vspnyk6cYzeBgmhLOzT3,,1d16b25dcca8,2026-09-19T18:39:57+00:00
273,S400-274,SCOPUS_ID:77956242083,10.2105/AJPH.2009.180943,Family poverty over the early life course and recurrent adolescent and young adult anxiety and depression: A longitudinal study,American Journal Of Public Health,[],False,,False,,,,,,,True,0.04,False,no,0.0,1.0,1572,50,6.6024e-05,245.7845000026282,1,typesafe/jev-1.13-20260917,gen-dec-1789843197-u4MVs83GMx5sjw9JnS1O,,1d16b25dcca8,2026-09-19T18:39:57+00:00
274,S400-275,SCOPUS_ID:34548295880,10.1016/j.ypmed.2007.04.015,Cumulative risk factors for adolescent alcohol misuse and its perceived consequences among 16 to 20 year old adolescents in Switzerland,Preventive Medicine,"['Adolescents', 'Alcohol', 'Consequences', 'Determinants', 'Misuse', 'Survey']",False,,False,,,,,,,True,0.04,False,no,0.0,1.0,1625,50,6.825e-05,256.5774159738794,1,typesafe/jev-1.13-20260917,gen-dec-1789843197-tAjVJVPUeU6RH8m4Hq5O,,1d16b25dcca8,2026-09-19T18:39:57+00:00
275,S400-276,SCOPUS_ID:0025807582,10.1016/s0749-3797(18)30958-9,The effects of co-worker-delivered prompts on breast self-examination frequency,American Journal Of Preventive Medicine,[],False,,False,,,,,,,True,0.03,False,no,0.0,1.0,1533,50,6.4386e-05,266.1335000011604,1,typesafe/jev-1.13-20260917,gen-dec-1789843197-yooeXQQJoqZMCiu0y0vf,,1d16b25dcca8,2026-09-19T18:39:57+00:00
276,S400-277,SCOPUS_ID:0029559061,10.1136/jech.49.6.588,"Children with low birth weight and low gestational age in Oslo, Norway: Immigration is not the cause of increasing proportions",Journal Of Epidemiology And Community Health,[],False,,False,,,,,,,True,0.31,False,no,0.26,0.48,1655,50,6.951e-05,288.52687499602325,1,typesafe/jev-1.13-20260917,gen-dec-1789843197-8wmT9tP7qygyHDsEntLO,,1d16b25dcca8,2026-09-19T18:39:57+00:00
277,S400-278,SCOPUS_ID:0034063481,10.1006/pmed.2000.0652,Sociocultural variables in youth access to tobacco: Replication 5 years later,Preventive Medicine,"['Ethnicity', 'Racism', 'Sociocultural variables', 'Youth access to tobacco']",True,,True,,,,,,,True,0.96,True,yes,1.0,1.0,1649,50,6.9258e-05,259.84354098909535,1,typesafe/jev-1.13-20260917,gen-dec-1789843197-71GG0EQGHSOmQ16PwOuS,,1d16b25dcca8,2026-09-19T18:39:57+00:00
278,S400-279,SCOPUS_ID:0000367285,10.1093/eurpub/6.3.181,Which informal carers are most satisfied with services for dying cancer patients?,European Journal Of Public Health,"[""Consumers' characteristics"", 'Informal carers', 'Palliative care', 'Satisfaction']",True,,True,,,,,,,True,0.82,True,yes,0.94,0.88,1703,50,7.1526e-05,461.09050000086427,1,typesafe/jev-1.13-20260917,gen-dec-1789843197-bjoGHpaZ1kH4TLESkn6l,,1d16b25dcca8,2026-09-19T18:39:57+00:00
279,S400-280,SCOPUS_ID:84856837081,10.1093/eurpub/ckr198,Do smokers in Europe think all cigarettes are equally harmful-,European Journal Of Public Health,[],True,,True,,,,,,,True,0.98,True,yes,1.0,1.0,1735,50,7.287e-05,274.0709999925457,1,typesafe/jev-1.13-20260917,gen-dec-1789843197-8JdvyDQvV6ADxMVAJmOw,,1d16b25dcca8,2026-09-19T18:39:57+00:00
280,S400-281,SCOPUS_ID:0025198741,10.1093/ije/19.1.19,Silica exposure and lung cancer in ceramic workers: A case-control study,International Journal Of Epidemiology,[],False,,False,,,,,,,True,0.03,False,no,0.0,1.0,1755,50,7.371e-05,333.4736669785343,1,typesafe/jev-1.13-20260917,gen-dec-1789843197-f4ofgZUpLAoB1msfzsoW,,1d16b25dcca8,2026-09-19T18:39:57+00:00
281,S400-282,SCOPUS_ID:0026780215,10.1093/oxfordjournals.aje.a116225,"The changing pattern of human immunodeficiency virus type 1 infection in intravenous drug users: Results of a six-year seroprevalence study in palermo, Italy",American Journal Of Epidemiology,"['Acquired immunodeficiency syndrome', 'Hepatitis B virus', 'HIV seroprevalence', 'HIV-1', 'Substance abuse, intravenous']",False,,False,,,,,,,True,0.03,False,no,0.0,1.0,1760,50,7.392e-05,298.55058298562653,1,typesafe/jev-1.13-20260917,gen-dec-1789843197-OrZOfu868BN6xuv63jEr,,1d16b25dcca8,2026-09-19T18:39:57+00:00
282,S400-283,SCOPUS_ID:67650685015,10.1016/j.ypmed.2009.04.016,Use of GIS to identify optimal settings for cancer prevention and control in African American communities,Preventive Medicine,"['African Americans', 'Breast neoplasms', 'Community health planning', 'Geographic Information Systems', 'Health education', 'Health status disparities', 'Minority health', 'Prevention and control']",True,borderline,True,,,,,,,True,0.2,False,no,0.08,0.84,1635,50,6.867e-05,292.9434579855297,1,typesafe/jev-1.13-20260917,gen-dec-1789843197-IG5M2uSiVLHSDvsBqFto,,1d16b25dcca8,2026-09-19T18:39:57+00:00
283,S400-284,SCOPUS_ID:85096151873,10.1093/ije/dyaa013,Empirical comparisons of multiple Mendelian randomization approaches in the presence of assortative mating,International Journal Of Epidemiology,"['Educational attainment', 'Height', 'Mendelian randomization', 'Non-random mating', 'Pleiotropy']",False,,False,,,,,,,True,0.07,False,no,0.01,0.99,1683,50,7.0686e-05,289.1665000061039,1,typesafe/jev-1.13-20260917,gen-dec-1789843197-KKBwm760mFJP9to6BnK1,,1d16b25dcca8,2026-09-19T18:39:57+00:00
284,S400-285,SCOPUS_ID:85060173592,10.1007/s10654-019-00482-w,Secular trends of mortality and dementia-free life expectancy over a 10-year period in France,European Journal Of Epidemiology,"['Dementia', 'Life expectancy', 'Mortality', 'Secular trends']",True,,False,these read as individual level results?,!!!,,,True,,True,0.83,True,yes,0.97,0.93,1757,50,7.3794e-05,242.93487501563504,1,typesafe/jev-1.13-20260917,gen-dec-1789843197-4PpUPOlpcG6zgzL4mSqF,,1d16b25dcca8,2026-09-19T18:39:57+00:00
285,S400-286,SCOPUS_ID:73649086562,10.1016/j.amepre.2009.09.038,Longitudinal Intervention Effects on Parenting of the Aventuras para Niños Study,American Journal Of Preventive Medicine,[],False,borderline,False,,,,,,,True,0.1,False,no,0.01,0.97,1722,50,7.2324e-05,275.34587497939356,1,typesafe/jev-1.13-20260917,gen-dec-1789843197-27Jh4udxHgWMl2gFTH08,,1d16b25dcca8,2026-09-19T18:39:57+00:00
286,S400-287,SCOPUS_ID:67349163553,10.1007/s10654-009-9320-4,"Gender aspects on heart failure incidence and mortality in a middle-aged, urban, community-based population sample: The Malmö preventive project",European Journal Of Epidemiology,"['Gender', 'Heart failure', 'Morbidity', 'Mortality']",False,,False,,,,,,,True,0.02,False,no,0.0,1.0,1925,50,8.085e-05,267.0912090106867,1,typesafe/jev-1.13-20260917,gen-dec-1789843197-Oe3WM9oIikfNU3VMUeNu,,1d16b25dcca8,2026-09-19T18:39:57+00:00
287,S400-288,SCOPUS_ID:85149989133,10.1007/s10654-023-00972-y,Association between preeclampsia in daughters and risk of cardiovascular disease in parents,European Journal Of Epidemiology,"['Cardiovascular disease', 'Epidemiology', 'Ischemic heart disease', 'Ischemic stroke', 'Myocardial infarction', 'Preeclampsia']",False,,False,,,,,,,True,0.02,False,no,0.0,1.0,1849,50,7.7658e-05,255.44320800690912,1,typesafe/jev-1.13-20260917,gen-dec-1789843197-2sRcGEoSHWEVyhOOl7tO,,1d16b25dcca8,2026-09-19T18:39:57+00:00
288,S400-289,SCOPUS_ID:0033364435,10.2105/AJPH.89.7.1018,The impact of smoke-free workplaces on declining cigarette consumption in Australia and the United States,American Journal Of Public Health,[],False,,False,,,,,,,True,0.16,False,no,0.05,0.91,1633,50,6.8586e-05,274.0754999977071,1,typesafe/jev-1.13-20260917,gen-dec-1789843197-Ih8QSZoSd24Qb5pdn065,,1d16b25dcca8,2026-09-19T18:39:57+00:00
289,S400-290,SCOPUS_ID:80051544299,10.1097/EDE.0b013e31821c6c58,Particulate air pollution exposure and c-reactive protein during early pregnancy,Epidemiology,[],False,,False,,,,,,,True,0.05,False,no,0.0,1.0,1797,50,7.5474e-05,237.0179999852553,1,typesafe/jev-1.13-20260917,gen-dec-1789843197-pjmxeKn1eMbonlVVIrpM,,1d16b25dcca8,2026-09-19T18:39:57+00:00
290,S400-291,SCOPUS_ID:37349095958,10.1097/EDE.0b013e31815c1da7,Characterizing temperature and mortality in nine California counties,Epidemiology,[],False,,False,,,,,,,True,0.04,False,no,0.0,1.0,1714,50,7.1988e-05,349.470957997255,1,typesafe/jev-1.13-20260917,gen-dec-1789843197-6sMoKQeEJvtcnqWCnReQ,,1d16b25dcca8,2026-09-19T18:39:58+00:00
291,S400-292,SCOPUS_ID:0037090215,10.1093/aje/155.8.739,Effect of a school-based sun-protection intervention on the development of melanocytic nevi in children,American Journal Of Epidemiology,"['Child', 'Nevus', 'Primary prevention', 'Skin neoplasms', 'Sunlight']",False,,False,,,,,,,True,0.03,False,no,0.0,1.0,1697,50,7.1274e-05,276.63983299862593,1,typesafe/jev-1.13-20260917,gen-dec-1789843197-KGdE7BSdT8yWN3ahWEfh,,1d16b25dcca8,2026-09-19T18:39:58+00:00
292,S400-293,SCOPUS_ID:0032886159,10.1006/pmed.1999.0532,Knowledge of cardiovascular disease prevention: An analysis from two New England communities,Preventive Medicine,"['Cardiovascular disease', 'Education', 'Knowledge', 'Trends']",True,,True,,,,,,,True,0.96,True,yes,1.0,1.0,1692,50,7.1064e-05,232.228958979249,1,typesafe/jev-1.13-20260917,gen-dec-1789843197-UCCuJrfWGSAhLMc6Z7tx,,1d16b25dcca8,2026-09-19T18:39:58+00:00
293,S400-294,SCOPUS_ID:0025021481,10.2105/AJPH.80.1.78,Eight-year follow-up results of an adolescent smoking prevention program: The North Karelia Youth Project,American Journal Of Public Health,[],False,error - missing part of abstract,False,,,,,,,True,0.04,False,no,0.0,1.0,1441,50,6.0522e-05,301.0484580008779,1,typesafe/jev-1.13-20260917,gen-dec-1789843197-dxmRXd3jRJwjcRg4wiTt,,1d16b25dcca8,2026-09-19T18:39:58+00:00
294,S400-295,SCOPUS_ID:85090892962,10.1093/eurpub/ckaa081,Changes in electronic cigarette use and label awareness among smokers before and after the European Tobacco Products Directive implementation in six European countries: findings from the EUREST-PLUS ITC Europe Surveys,European Journal Of Public Health,[],True,,True,,,,,,,True,0.7,True,yes,0.84,0.67,1742,50,7.3164e-05,310.94425002811477,1,typesafe/jev-1.13-20260917,gen-dec-1789843197-gNAaooeZdZRltscOsG0Z,,1d16b25dcca8,2026-09-19T18:39:58+00:00
295,S400-296,SCOPUS_ID:0030002485,10.1007/BF00145498,Lipid status in a population of Spanish schoolchildren,European Journal Of Epidemiology,"['Lipid intake', 'Mediterranean town', 'Plasma lipids', 'Schoolchildren']",False,,False,,,,,,,True,0.02,False,no,0.0,1.0,1659,50,6.9678e-05,250.21262498921715,1,typesafe/jev-1.13-20260917,gen-dec-1789843198-THPvcn5DhIVAZo7o6bCR,,1d16b25dcca8,2026-09-19T18:39:58+00:00
296,S400-297,SCOPUS_ID:22244461136,10.1016/j.amepre.2005.04.002,Observed environmental features and the physical activity of adolescent males,American Journal Of Preventive Medicine,[],False,,False,,,,,,,True,0.04,False,no,0.0,1.0,1664,50,6.9888e-05,308.1247920054011,1,typesafe/jev-1.13-20260917,gen-dec-1789843198-PhspuXJg2QAh7m9E93AU,,1d16b25dcca8,2026-09-19T18:39:58+00:00
297,S400-298,SCOPUS_ID:77649337149,10.1016/j.ypmed.2010.01.014,Comparison of physician weight loss goals for obese male and female patients,Preventive Medicine,"['Goals', 'Obesity', 'Physicians', 'Primary health care', 'Weight loss']",False,,False,,,,,,,True,0.04,False,no,0.0,1.0,1682,50,7.0644e-05,420.06120798760094,1,typesafe/jev-1.13-20260917,gen-dec-1789843198-KJQp2PygeFNQGfh6pJrT,,1d16b25dcca8,2026-09-19T18:39:58+00:00
298,S400-299,SCOPUS_ID:0033168936,10.1093/oxfordjournals.aje.a009918,Prevalence and determinants of prone sleeping position in infants: Results from two cross-sectional studies on risk factors for SIDS in Germany,American Journal Of Epidemiology,"['Cross-sectional studies', 'Infant care', 'Infant, sleeping position', 'Intervention studies', 'Prevalence', 'Risk', 'Sudden infant death']",True,,True,,,,,,,True,0.95,True,yes,1.0,1.0,1650,50,6.93e-05,298.22395800147206,1,typesafe/jev-1.13-20260917,gen-dec-1789843198-YDWxzXAKItBsuDpSP1nZ,,1d16b25dcca8,2026-09-19T18:39:58+00:00
299,S400-300,SCOPUS_ID:83755219950,10.1016/j.amepre.2011.08.018,The relationship between intra-group age similarity and exercise adherence,American Journal Of Preventive Medicine,[],True,,True,,,,,,,True,0.39,False,no,0.39,0.21,1541,50,6.4722e-05,251.21216700063087,1,typesafe/jev-1.13-20260917,gen-dec-1789843198-TWHW5iSW1RVxbgaUkanj,,1d16b25dcca8,2026-09-19T18:39:58+00:00
300,S400-301,SCOPUS_ID:23044510831,10.2105/AJPH.2003.036517,"HIV incidence among injection drug users in New York City, 1990 to 2002: Use of serologic test algorithm to assess expansion of HIV prevention services",American Journal Of Public Health,[],True,borderline,False,these mainly are about methodological implications,!!!,,,False,,True,0.12,False,no,0.02,0.95,1702,50,7.1484e-05,331.5023749892134,1,typesafe/jev-1.13-20260917,gen-dec-1789843198-kZiwQ2Y6We5JNvtRFepm,,1d16b25dcca8,2026-09-19T18:39:58+00:00
301,S400-302,SCOPUS_ID:80052017306,10.2105/AJPH.2011.300210,Public health nursing case management for women receiving temporary assistance for needy families: A randomized controlled trial using community-based participatory research,American Journal Of Public Health,[],True,,True,,,,,,,True,0.57,True,yes,0.57,0.15,1623,50,6.8166e-05,348.52837497601286,1,typesafe/jev-1.13-20260917,gen-dec-1789843198-L7YcZi2aChUDlm4ExIyN,,1d16b25dcca8,2026-09-19T18:39:58+00:00
302,S400-303,SCOPUS_ID:85055089923,10.1016/j.amepre.2018.07.021,Use of Preventive Health Services Among Cancer Survivors in the U.S.,American Journal Of Preventive Medicine,[],False,,False,,,,,,,True,0.03,False,no,0.0,1.0,1764,50,7.4088e-05,277.7299160079565,1,typesafe/jev-1.13-20260917,gen-dec-1789843198-SCxuSBbMy7cOoyy4Fs4Y,,1d16b25dcca8,2026-09-19T18:39:58+00:00
303,S400-304,SCOPUS_ID:79961215023,10.1093/aje/kwr108,"Indoor air pollution from coal combustion and the risk of neural tube defects in a rural population in shanxi province, China",American Journal Of Epidemiology,"['Air pollution, indoor', 'China', 'coal', 'neural tube defects', 'polycyclic hydrocarbons, aromatic']",False,,False,,,,,,,True,0.04,False,no,0.0,1.0,1684,50,7.0728e-05,339.48362502269447,1,typesafe/jev-1.13-20260917,gen-dec-1789843198-cpeYkueFH0zF00G1DIds,,1d16b25dcca8,2026-09-19T18:39:58+00:00
304,S400-305,SCOPUS_ID:84862684770,10.1016/j.amepre.2012.03.022,"Motorized transportation, social status, and adiposity: The China Health and Nutrition Survey",American Journal Of Preventive Medicine,[],False,,False,,,,,,,True,0.04,False,no,0.0,1.0,1798,50,7.5516e-05,306.95654201554134,1,typesafe/jev-1.13-20260917,gen-dec-1789843198-wT0t9XOXDTqnJzdG88kd,,1d16b25dcca8,2026-09-19T18:39:58+00:00
305,S400-306,SCOPUS_ID:85150343488,10.1016/j.amepre.2023.01.031,mHealth to Support Outdoor Gym Resistance Training: The ecofit Effectiveness RCT,American Journal Of Preventive Medicine,[],False,,False,,,,,,,True,0.07,False,no,0.0,0.99,1881,50,7.9002e-05,266.0750829963945,1,typesafe/jev-1.13-20260917,gen-dec-1789843198-1lngcIlbnc18L26X1gLq,,1d16b25dcca8,2026-09-19T18:39:58+00:00
306,S400-307,SCOPUS_ID:85085125798,10.1016/j.amepre.2020.01.030,State Policies and Healthcare Use Among Transgender People in the U.S.,American Journal Of Preventive Medicine,[],False,,False,,,,,,,True,0.97,True,yes,1.0,1.0,1674,50,7.0308e-05,267.06254098098725,1,typesafe/jev-1.13-20260917,gen-dec-1789843198-V5rb5Roz68F3n822I7Xs,,1d16b25dcca8,2026-09-19T18:39:58+00:00
307,S400-308,SCOPUS_ID:85045915004,10.1007/s10654-018-0393-9,Low concentrations of 25-hydroxyvitamin d and long-term prognosis of copd: A prospective cohort study,European Journal Of Epidemiology,"['Chronic bronchitis', 'Emphysema', 'Epidemiology', 'Forced expiratory volume', 'Nutrition', 'Spirometry']",False,,False,,,,,,,True,0.03,False,no,0.0,1.0,2065,50,8.673e-05,284.13441698648967,1,typesafe/jev-1.13-20260917,gen-dec-1789843198-5uCUZcXu6HsjltUDGYaR,,1d16b25dcca8,2026-09-19T18:39:58+00:00
308,S400-309,SCOPUS_ID:85154049252,10.1093/eurpub/ckac115,Price minimizing behaviours by smokers in Europe (2006-20): evidence from the International Tobacco Control Project,European Journal Of Public Health,[],False,,False,,,,,,,True,0.93,True,yes,0.99,0.98,1807,50,7.5894e-05,285.83070801687427,1,typesafe/jev-1.13-20260917,gen-dec-1789843198-0sphxVPUbIFpZwA0f4BN,,1d16b25dcca8,2026-09-19T18:39:58+00:00
309,S400-310,SCOPUS_ID:0031662493,10.1093/eurpub/8.3.227,Insufficient prenatal care in Finland and Baden-Wurttemberg characteristics of women and infant outcome,European Journal Of Public Health,"['Birth registry', 'Foreigners', 'Infant outcome', 'Late attendance', 'Prenatal care']",False,,False,,,,,,,True,0.04,False,no,0.0,1.0,1653,50,6.9426e-05,287.38316701492295,1,typesafe/jev-1.13-20260917,gen-dec-1789843198-whHu2Ql98HbA4dPCVRL7,,1d16b25dcca8,2026-09-19T18:39:58+00:00
310,S400-311,SCOPUS_ID:56749096785,10.1093/eurpub/ckn092,Welfare state regimes and income-related health inequalities: A comparison of 23 European countries,European Journal Of Public Health,"['Europe', 'Health inequalities', 'Income', 'Welfare state regimes']",False,,False,,,,,,,True,0.03,False,no,0.0,1.0,1704,50,7.1568e-05,282.04579098382965,1,typesafe/jev-1.13-20260917,gen-dec-1789843198-SxOhPB1pdEDzm632iYqX,,1d16b25dcca8,2026-09-19T18:39:58+00:00
311,S400-312,SCOPUS_ID:0029962940,10.1136/jech.50.Suppl_1.S36,Short term effect of air pollution on mortality in Polish urban populations - What is different?,Journal Of Epidemiology And Community Health,[],True,,False,calls for further research,!!!,,,False,,True,0.06,False,no,0.0,0.99,1694,50,7.1148e-05,306.7571670108009,1,typesafe/jev-1.13-20260917,gen-dec-1789843198-69TSKhLpE8l8rDLAddFI,,1d16b25dcca8,2026-09-19T18:39:58+00:00
312,S400-313,SCOPUS_ID:4644352996,10.1093/ije/dyh111,Birthweight and work participation in adulthood,International Journal Of Epidemiology,"['Adult', 'Birthweight', 'Child', 'Cohort studies', 'Employment', 'Follow-up studies', 'Social environment']",False,,False,,,,,,,True,0.03,False,no,0.0,1.0,1698,50,7.1316e-05,238.75604098429903,1,typesafe/jev-1.13-20260917,gen-dec-1789843198-UpXa8h7OABREcCAIT1ZO,,1d16b25dcca8,2026-09-19T18:39:58+00:00
313,S400-314,SCOPUS_ID:0028300021,10.1136/jech.48.2.156,Aetiology of peptic ulcer: A prospective population study in Norway,Journal Of Epidemiology And Community Health,[],False,,False,,,,,,,True,0.03,False,no,0.0,1.0,1763,50,7.4046e-05,280.54620799957775,1,typesafe/jev-1.13-20260917,gen-dec-1789843198-XJeYx0lWhpGdOyPmMr1x,,1d16b25dcca8,2026-09-19T18:39:58+00:00
314,S400-315,SCOPUS_ID:70349931950,10.2105/AJPH.2008.145128,Density of tobacco retailers near schools: Effects on tobacco use among students,American Journal Of Public Health,[],True,,True,borderline,,,,,,True,0.88,True,yes,0.97,0.95,1665,50,6.993e-05,414.59925001254305,1,typesafe/jev-1.13-20260917,gen-dec-1789843198-Bx6kNcIGI2Cdf8yv3oMG,,1d16b25dcca8,2026-09-19T18:39:59+00:00
315,S400-316,SCOPUS_ID:0025827858,10.1093/oxfordjournals.aje.a115946,A preliminary study of excess risk of cardiovascular disease in the mothers of patients with rheumatoid arthritis,American Journal Of Epidemiology,"['Arthritis', 'Cardiovscular disease', 'Mothers', 'Rheumatoid', 'Rheumatoid factor']",False,,False,,,,,,,True,0.03,False,no,0.0,1.0,1562,50,6.5604e-05,316.6541250247974,1,typesafe/jev-1.13-20260917,gen-dec-1789843198-vc4zi0jZ8wetpYxySi0K,,1d16b25dcca8,2026-09-19T18:39:59+00:00
316,S400-317,SCOPUS_ID:85051259240,10.1016/j.ypmed.2018.08.005,Accuracy of mammography and clinical breast examination in the implementation of breast cancer screening programs in Colombia,Preventive Medicine,"['Breast neoplasms', 'Clinical breast exam', 'Colombia', 'Mammography', 'Massive screening', 'Sensitivity', 'Specificity']",True,,False,mainly methodological implications?,!!!,,,False,,True,0.76,True,yes,0.9,0.81,1753,50,7.3626e-05,269.3350829940755,1,typesafe/jev-1.13-20260917,gen-dec-1789843198-s0S8gtTBPCpfnPcyZUy0,,1d16b25dcca8,2026-09-19T18:39:59+00:00
317,S400-318,SCOPUS_ID:0034656922,10.1093/oxfordjournals.aje.a010144,"Fish consumption and coronary heart disease mortality in Finland, Italy, and the Netherlands",American Journal Of Epidemiology,"['Coronary disease', 'Diet', 'Fatty acids, unsaturated', 'Fishes', 'Mortality']",False,,False,,,,,,,True,0.03,False,no,0.0,1.0,1687,50,7.0854e-05,282.65833301702514,1,typesafe/jev-1.13-20260917,gen-dec-1789843198-JAOl6cNNmkmO1F1kQ50Q,,1d16b25dcca8,2026-09-19T18:39:59+00:00
318,S400-319,SCOPUS_ID:85041420010,10.1016/j.ypmed.2018.01.001,Perceptions of the relative harmfulness of marijuana and alcohol among adults in Oregon,Preventive Medicine,"['Alcohol', 'Marijuana', 'Perceived harm']",True,,True,,,,,,,True,0.94,True,yes,1.0,0.99,1701,50,7.1442e-05,265.9824999864213,1,typesafe/jev-1.13-20260917,gen-dec-1789843198-TP5dTOJeyC7aa37hvlN1,,1d16b25dcca8,2026-09-19T18:39:59+00:00
319,S400-320,SCOPUS_ID:7144261058,10.1093/eurpub/8.2.166,Importance of detailed adjustment for smoking when comparing hospitalization and mortality in men and women in a Danish population study,European Journal Of Public Health,"['Chronic obstructive pulmonary disease', 'COPD', 'Gender', 'Smoking']",False,,False,,,,,,,True,0.15,False,no,0.1,0.8,1564,50,6.5688e-05,326.9677910138853,1,typesafe/jev-1.13-20260917,gen-dec-1789843198-iQ2sIOoajiK2fJQopnN0,,1d16b25dcca8,2026-09-19T18:39:59+00:00
320,S400-321,SCOPUS_ID:38549135606,10.1093/eurpub/ckm059,Introduction of diagnosis-related groups in Germany: Evaluation of impact on in-patient care in a dermatological setting,European Journal Of Public Health,"['DRG', 'Hospital care', 'Impact', 'In-patient dermatology', 'Length of stay']",False,,False,,,,,,,True,0.07,False,no,0.0,0.99,1724,50,7.2408e-05,247.22424999345094,1,typesafe/jev-1.13-20260917,gen-dec-1789843198-fUOT3GS5gpGjPVAb61v8,,1d16b25dcca8,2026-09-19T18:39:59+00:00
321,S400-322,SCOPUS_ID:33845413300,10.1093/eurpub/ckl023,Made in the USA: The import of American Consumer Assessment of Health Plan Surveys (CAHPS®) into the Dutch social insurance system,European Journal Of Public Health,"['Health services research', 'Patient satisfaction', 'Questionnaire development', 'Social insurance']",True,,False,methdological research only,!!!,,,True,,True,0.06,False,no,0.0,1.0,1689,50,7.0938e-05,324.42183399689384,1,typesafe/jev-1.13-20260917,gen-dec-1789843198-VA3uU4DNxw2nQAUOsuId,,1d16b25dcca8,2026-09-19T18:39:59+00:00
322,S400-323,SCOPUS_ID:0027338512,10.1093/ije/22.5.936,Paralytic poliomyelitis in oman: association between regional differences in attack rate and variations in antibody responses to oral poliovirus vaccine,International Journal Of Epidemiology,[],True,borderline,True,,,,,,,True,0.79,True,yes,0.9,0.8,1819,50,7.6398e-05,328.2214159844443,1,typesafe/jev-1.13-20260917,gen-dec-1789843199-qYX9Y51YagbxsMIPrWIa,,1d16b25dcca8,2026-09-19T18:39:59+00:00
323,S400-324,SCOPUS_ID:3042525905,10.1016/j.ypmed.2004.02.004,Distress after an abnormal Pap smear result: Scale development and psychometric validation,Preventive Medicine,"['Cervical cancer', 'Cervical intraepithelial neoplasia', 'Cervical smears', 'Cervix dysplasia', 'Distress', 'Papanicolaou smear', 'Psychometrics', 'Questionnaires']",False,,False,,,,,,,True,0.03,False,no,0.0,1.0,1653,50,6.9426e-05,242.0106249919627,1,typesafe/jev-1.13-20260917,gen-dec-1789843199-8UKZH5d4MRUGska2YOZg,,1d16b25dcca8,2026-09-19T18:39:59+00:00
324,S400-325,SCOPUS_ID:85103459974,10.1136/jech-2020-216200,Exploring multilevel social determinants of depressive symptoms for Tanzanian adolescents: Evidence from a cross-sectional study,Journal Of Epidemiology And Community Health,"['adolescents CG', 'depression', 'gender', 'social epidemiology', 'socio-economic']",True,,True,,,,,,,True,0.76,True,yes,0.9,0.81,1781,50,7.4802e-05,320.9503749967553,1,typesafe/jev-1.13-20260917,gen-dec-1789843199-PJU9UUep2GFYS8zP0SL5,,1d16b25dcca8,2026-09-19T18:39:59+00:00
325,S400-326,SCOPUS_ID:0034468756,10.1023/A:1007601919164,"Risk factors for congenital heart diseases in Alexandria, Egypt",European Journal Of Epidemiology,"['Congenital heart diseases (CHD)', 'Developing countries', 'Genetic susceptibility', 'Risk factors']",True,,True,,,,,,,True,0.93,True,yes,1.0,0.99,1532,50,6.4344e-05,265.1105000113603,1,typesafe/jev-1.13-20260917,gen-dec-1789843199-KMDLduJIALrHzmfCNaJ2,,1d16b25dcca8,2026-09-19T18:39:59+00:00
326,S400-327,SCOPUS_ID:80955163708,10.1016/j.ypmed.2011.07.018,Until the lab takes it away from epidemiology,Preventive Medicine,"['Cholera', 'Epidemiology', ""Kaposi's sarcoma"", 'Laboratory sciences', 'Pellagra']",False,,False,,,,,,,True,0.05,False,no,0.0,1.0,1521,50,6.3882e-05,342.33533299993724,1,typesafe/jev-1.13-20260917,gen-dec-1789843199-p4C5PXk78aocVbNASICx,,1d16b25dcca8,2026-09-19T18:39:59+00:00
327,S400-328,SCOPUS_ID:85140004470,10.1016/j.amepre.2022.05.014,Trends in U.S. Depression Prevalence From 2015 to 2020: The Widening Treatment Gap,American Journal Of Preventive Medicine,[],True,,True,,,,,,,True,0.98,True,yes,1.0,1.0,1763,50,7.4046e-05,233.9313749980647,1,typesafe/jev-1.13-20260917,gen-dec-1789843199-Y0Z9vRyRWw2wGqZvB8WW,,1d16b25dcca8,2026-09-19T18:39:59+00:00
328,S400-329,SCOPUS_ID:19544362729,10.1016/j.ypmed.2004.11.029,Biochemical and behavioral indices related to BMI in schoolchildren in urban Turkey,Preventive Medicine,"['Cardiovascular disease risk factors', 'Cross-sectional study', 'Diet and exercise', 'Physical fitness', 'Underreporting']",True,,True,,,,,,,True,0.9,True,yes,0.99,0.99,1708,50,7.1736e-05,302.84679200849496,1,typesafe/jev-1.13-20260917,gen-dec-1789843199-WIr8aslxtG3SqHAAbID6,,1d16b25dcca8,2026-09-19T18:39:59+00:00
329,S400-330,SCOPUS_ID:85066467725,10.2105/AJPH.2018.304881,Pain management and opioid regulation: Continuing public health challenges,American Journal Of Public Health,[],True,non-emperical,True,,,,,,,True,0.62,True,yes,0.65,0.31,1607,50,6.7494e-05,243.4812909923494,1,typesafe/jev-1.13-20260917,gen-dec-1789843199-UOzXhWnpzrQcZSWHTFaX,,1d16b25dcca8,2026-09-19T18:39:59+00:00
330,S400-331,SCOPUS_ID:0035884546,10.1093/aje/154.6.574,Reported participation in case-control studies: Changes over time,American Journal Of Epidemiology,"['Case-control studies', 'Data collection', 'Epidemiologic methods']",False,,False,,,,,,,True,0.03,False,no,0.0,1.0,1667,50,7.0014e-05,263.47154201357625,1,typesafe/jev-1.13-20260917,gen-dec-1789843199-uA2yMFUtD8ZGCXdwJHli,,1d16b25dcca8,2026-09-19T18:39:59+00:00
331,S400-332,SCOPUS_ID:85076332313,10.1093/eurpub/ckz050,Re-examining access points to the different levels of health care: A cross-sectional series in Austria,European Journal Of Public Health,[],True,,True,,,,,,,True,0.44,False,no,0.47,0.05,1694,50,7.1148e-05,343.04620799957775,1,typesafe/jev-1.13-20260917,gen-dec-1789843199-aGeZcZiZvv8VoX8sC86w,,1d16b25dcca8,2026-09-19T18:39:59+00:00
332,S400-333,SCOPUS_ID:0025804967,10.2105/AJPH.81.5.587,Urolithiasis in Tennessee: An occupational window into a regional problem,American Journal Of Public Health,[],False,,False,,,,,,,True,0.04,False,no,0.0,1.0,1604,50,6.7368e-05,509.62895798147656,1,typesafe/jev-1.13-20260917,gen-dec-1789843199-Iu08rVUhitbTH26Fbnn4,,1d16b25dcca8,2026-09-19T18:39:59+00:00
333,S400-334,SCOPUS_ID:85089293076,10.1016/S2468-2667(20)30139-0,"Parental intent to initiate and complete the human papillomavirus vaccine series in the USA: a nationwide, cross-sectional survey",The Lancet Public Health,[],True,,True,,,,,,,True,0.81,True,yes,0.92,0.84,2259,50,9.4878e-05,310.1367919880431,1,typesafe/jev-1.13-20260917,gen-dec-1789843199-KgZDkXhinEut8q7Cmgqk,,1d16b25dcca8,2026-09-19T18:39:59+00:00
334,S400-335,SCOPUS_ID:40449129968,10.2105/AJPH.2006.104042,"Current smoking and type 2 diabetes among patients in selected Indian health service clinics, 1998-2003",American Journal Of Public Health,[],True,,True,,,,,,,True,0.96,True,yes,1.0,1.0,1627,50,6.8334e-05,266.91749997553416,1,typesafe/jev-1.13-20260917,gen-dec-1789843199-sBLsGGVxtUTGp8SylAwn,,1d16b25dcca8,2026-09-19T18:39:59+00:00
335,S400-336,SCOPUS_ID:84983045033,10.1097/EDE.0000000000000551,Spatial variability in the persistence of pneumococcal conjugate vaccine-targeted pneumococcal serotypes among adults,Epidemiology,[],False,,False,,,,,,,True,0.15,False,no,0.06,0.89,1671,50,7.0182e-05,332.89824999519624,1,typesafe/jev-1.13-20260917,gen-dec-1789843199-IcSFgmRObVGcZa5gJqox,,1d16b25dcca8,2026-09-19T18:39:59+00:00
336,S400-337,SCOPUS_ID:0025245751,10.1136/jech.44.4.307,Models for forecasting hospital bed requirements in the acute sector,Journal Of Epidemiology And Community Health,[],False,,False,,,,,,,True,0.09,False,no,0.01,0.97,1509,50,6.3378e-05,255.23245899239555,1,typesafe/jev-1.13-20260917,gen-dec-1789843199-ZMuCkgs1Vit8ZxISn9kc,,1d16b25dcca8,2026-09-19T18:39:59+00:00
337,S400-338,SCOPUS_ID:85092013982,10.1016/j.amepre.2020.06.032,"Infant Health for Arab and Non-Arab Mothers Identifying as White, Black, or Other in Massachusetts",American Journal Of Preventive Medicine,[],True,,True,,,,,,,True,0.44,False,yes,0.54,0.08,1813,50,7.6146e-05,301.44070798996836,1,typesafe/jev-1.13-20260917,gen-dec-1789843199-UhLqFR2yklF85SC7oi7L,,1d16b25dcca8,2026-09-19T18:39:59+00:00
338,S400-339,SCOPUS_ID:0025880760,10.1016/0091-7435(91)90048-9,Predictors of smoking among Mexican-Americans: Findings from the Hispanic HANES,Preventive Medicine,[],True,,True,,,,,,,True,0.89,True,yes,0.99,0.98,1649,50,6.9258e-05,240.0119589874521,1,typesafe/jev-1.13-20260917,gen-dec-1789843199-NsvQHIypH3mMOqkuefJZ,,1d16b25dcca8,2026-09-19T18:39:59+00:00
339,S400-340,SCOPUS_ID:75149122788,10.1093/aje/kwp403,Fitting general relative risk models for survival time and matched case-control analysis,American Journal Of Epidemiology,"['Algorithms', 'Cohort studies', 'Conditional likelihood', 'Dose-response function', 'Linear trend', 'Logistic models', 'Models, statistical', 'Software']",False,,False,,,,,,,True,0.02,False,no,0.0,1.0,1501,50,6.3042e-05,315.19687501713634,1,typesafe/jev-1.13-20260917,gen-dec-1789843199-xPqGUWDBc2tQxDyc1OYl,,1d16b25dcca8,2026-09-19T18:39:59+00:00
340,S400-341,SCOPUS_ID:84978151027,10.1016/j.ypmed.2016.06.015,"Grandparental education, parental education and adolescent blood pressure",Preventive Medicine,"['Blood pressure', 'Child', 'Cohort studies', 'Grandparental education', 'Parental education', 'Socioeconomic position']",True,,True,,,,,,,True,0.71,True,yes,0.86,0.73,1673,50,7.0266e-05,272.9271250136662,1,typesafe/jev-1.13-20260917,gen-dec-1789843199-4P3TUn58dDNzEKp3dvz7,,1d16b25dcca8,2026-09-19T18:39:59+00:00
341,S400-342,SCOPUS_ID:32544449982,10.1093/aje/kwj049,"The relation between visceral fat measurement and torso level - Is one level better than another? The Atherosclerosis Risk in Communities Study, 1990-1992",American Journal Of Epidemiology,"['Adipose tissue', 'Body composition', 'Epidemiologic methods', 'Magnetic resonance imaging']",False,,False,,,,,,,True,0.12,False,no,0.04,0.93,1671,50,7.0182e-05,221.4484169962816,1,typesafe/jev-1.13-20260917,gen-dec-1789843199-pFOngfto3PA0hrrleQyZ,,1d16b25dcca8,2026-09-19T18:39:59+00:00
342,S400-343,SCOPUS_ID:67649226445,10.1093/aje/kwp071,Serum and dietary magnesium and risk of ischemic stroke,American Journal Of Epidemiology,"['Brain infarction', 'Diet', 'Magnesium', 'Risk factors']",False,,False,,,,,,,True,0.03,False,no,0.0,1.0,1719,50,7.2198e-05,363.03245901945047,1,typesafe/jev-1.13-20260917,gen-dec-1789843199-z3iS5zDomI6xDoDTJuc7,,1d16b25dcca8,2026-09-19T18:40:00+00:00
343,S400-344,SCOPUS_ID:0027276501,10.1097/00001648-199305000-00004,"Radon, cigarette smoke, and lung cancer: A re-analysis of the Colorado Plateau uranium miners’ data",Epidemiology,"['Initiation', 'Interaction', 'Multistage models', 'Promotion', 'Synergy']",False,,False,,,,,,,True,0.03,False,no,0.0,1.0,1584,50,6.6528e-05,382.8218750131782,1,typesafe/jev-1.13-20260917,gen-dec-1789843199-fflOMiwj2kkIjh8oWjwk,,1d16b25dcca8,2026-09-19T18:40:00+00:00
344,S400-345,SCOPUS_ID:85170110110,10.2105/AJPH.2023.307347,"Communities at Risk for Mpox and Stigmatizing Policies: A Randomized Survey, Republic of Korea, 2022",American Journal Of Public Health,[],True,,True,,,,,,,True,0.38,False,no,0.34,0.32,1601,50,6.7242e-05,270.3323340101633,1,typesafe/jev-1.13-20260917,gen-dec-1789843199-W6qvawsUJCvtwrJfsKWc,,1d16b25dcca8,2026-09-19T18:40:00+00:00
345,S400-346,SCOPUS_ID:0029909972,10.2105/AJPH.86.10.1460,Racial differences in urban children's environmental exposures to lead,American Journal Of Public Health,[],False,borderline,False,,,,,,,True,0.06,False,no,0.0,0.99,1517,50,6.3714e-05,306.20225000893697,1,typesafe/jev-1.13-20260917,gen-dec-1789843199-zbu6N0KeaT9PPhyYjD5a,,1d16b25dcca8,2026-09-19T18:40:00+00:00
346,S400-347,SCOPUS_ID:84861137055,10.1016/j.amepre.2012.02.019,Healthcare costs around the time of smoking cessation,American Journal Of Preventive Medicine,[],False,,False,,,,,,,True,0.28,False,no,0.21,0.58,1789,50,7.5138e-05,330.36529101082124,1,typesafe/jev-1.13-20260917,gen-dec-1789843199-Ce3JQk37YILVPergrMcJ,,1d16b25dcca8,2026-09-19T18:40:00+00:00
347,S400-348,SCOPUS_ID:0028575896,10.1136/jech.48.6.555,"Damp housing and adult health: Results from a lifestyle study in Worcester, England",Journal Of Epidemiology And Community Health,[],False,,False,,,,,,,True,0.04,False,no,0.0,1.0,1638,50,6.8796e-05,250.77004099148326,1,typesafe/jev-1.13-20260917,gen-dec-1789843199-2AjvEBVJIcE1TBF46Ukj,,1d16b25dcca8,2026-09-19T18:40:00+00:00
348,S400-349,SCOPUS_ID:80051544347,10.1097/EDE.0b013e31821d1096,Diabetes prevalence in populations of South Asian Indian and African origins: A comparison of england and the Netherlands,Epidemiology,[],False,,False,,,,,,,True,0.06,False,no,0.0,0.99,1641,50,6.8922e-05,264.3546659965068,1,typesafe/jev-1.13-20260917,gen-dec-1789843199-9kfqCKVD2viZdSbogHs2,,1d16b25dcca8,2026-09-19T18:40:00+00:00
349,S400-350,SCOPUS_ID:85076047464,10.1016/j.ypmed.2019.105930,Behavioral correlates of self-reported health status in US active duty military,Preventive Medicine,"['Armed Forces', 'Cardiometabolic risk', 'Exercise', 'Sleep', 'Survey']",True,,True,,,,,,,True,0.97,True,yes,1.0,1.0,1710,50,7.182e-05,336.1706660070922,1,typesafe/jev-1.13-20260917,gen-dec-1789843199-JVdjUUH5NmUcaNULfeu9,,1d16b25dcca8,2026-09-19T18:40:00+00:00
350,S400-351,SCOPUS_ID:84861934308,10.2105/AJPH.2011.300459,Strong tobacco control program requirements and secure funding are not enough: Lessons from Florida,American Journal Of Public Health,[],True,non-emperical,True,,,,,,,True,0.7,True,yes,0.69,0.38,1521,50,6.3882e-05,312.1257919992786,1,typesafe/jev-1.13-20260917,gen-dec-1789843200-Cl6JwWLezXUgVNbvSP14,,1d16b25dcca8,2026-09-19T18:40:00+00:00
351,S400-352,SCOPUS_ID:0031735547,10.1006/pmed.1998.0247,Cancer information service-initiated outcalls to promote screening mammography among low-income and minority women: Design and feasibility testing,Preventive Medicine,"['Cancer Information Service', 'Geodemographic targeting', 'INFORUM', 'Outreach to underserved populations', 'Screening mammography promotion', 'Targeted health interventions', 'Telephone outcalls']",True,,True,,,,,,,True,0.34,False,no,0.24,0.51,1613,50,6.7746e-05,330.32958398689516,1,typesafe/jev-1.13-20260917,gen-dec-1789843200-sv3h81p6vwvZNH7kySDE,,1d16b25dcca8,2026-09-19T18:40:00+00:00
352,S400-353,SCOPUS_ID:3042719922,10.1093/aje/kwh172,Risk factors for enteric perforation in patients with typhoid fever,American Journal Of Epidemiology,"['Intestinal perforation', 'Multivariate analysis', 'Risk factors', 'Typhoid fever']",False,,False,,,,,,,True,0.03,False,no,0.0,1.0,1754,50,7.3668e-05,273.5576669801958,1,typesafe/jev-1.13-20260917,gen-dec-1789843200-XI4rqR7Zv1ZwMOAaZ7Fq,,1d16b25dcca8,2026-09-19T18:40:00+00:00
353,S400-354,SCOPUS_ID:0028331478,10.1136/jech.48.2.161,"Case-control study on the association between a cluster of childhood haematopoietic malignancies and local environmental factors in Aalsmeer, The Netherlands",Journal Of Epidemiology And Community Health,[],False,,False,,,,,,,True,0.04,False,no,0.0,1.0,1748,50,7.3416e-05,300.67787499865517,1,typesafe/jev-1.13-20260917,gen-dec-1789843200-cAN11g2S3lNnp9bzdE4O,,1d16b25dcca8,2026-09-19T18:40:00+00:00
354,S400-355,SCOPUS_ID:33748295846,10.1016/j.ypmed.2006.04.008,Women's use of hormone therapy before and after the Women's Health Initiative: A psychosocial model of stability and change,Preventive Medicine,"['Health belief model', 'Long-term post-menopausal hormone replacement therapy (HT, HRT)', 'Longitudinal study', ""Women's Health Initiative (WHI)""]",False,,False,,,,,,,True,0.03,False,no,0.0,1.0,1669,50,7.0098e-05,317.93633301276714,1,typesafe/jev-1.13-20260917,gen-dec-1789843200-RTk7LS96VfKGiv3j3Mz7,,1d16b25dcca8,2026-09-19T18:40:00+00:00
355,S400-356,SCOPUS_ID:77951214440,10.2105/AJPH.2009.176834,Decreases in smoking prevalence in asian communities served by the Racial and Ethnic Approaches to Community Health (REACH) project,American Journal Of Public Health,[],True,borderline,False,only description of findings?,!!!,,,False,,True,0.14,False,no,0.02,0.95,1649,50,6.9258e-05,386.52254099724814,1,typesafe/jev-1.13-20260917,gen-dec-1789843200-99YHTer9Tz8Hb1CXkesP,,1d16b25dcca8,2026-09-19T18:40:00+00:00
356,S400-357,SCOPUS_ID:79954578645,10.1016/j.ypmed.2011.01.030,Accelerometer-determined moderate intensity lifestyle activity and cardiometabolic health,Preventive Medicine,"['Cardiovascular disease', 'Diabetes', 'Hypertension', 'Metabolic syndrome', 'NHANES', 'Pedometer']",False,borderline,False,,,,,,,True,0.36,False,no,0.26,0.49,1777,50,7.4634e-05,278.33724999800324,1,typesafe/jev-1.13-20260917,gen-dec-1789843200-PUqmxcRiArczCVE8WQvF,,1d16b25dcca8,2026-09-19T18:40:00+00:00
357,S400-358,SCOPUS_ID:0033804795,10.2105/AJPH.90.10.1575,Driver air bag effectiveness by severity of the crash,American Journal Of Public Health,[],True,,True,,,,,,,True,0.93,True,yes,1.0,0.99,1612,50,6.7704e-05,298.15699998289347,1,typesafe/jev-1.13-20260917,gen-dec-1789843200-b96wSc6yKVOZNg7jLDV0,,1d16b25dcca8,2026-09-19T18:40:00+00:00
358,S400-359,SCOPUS_ID:85107316212,10.1093/aje/kwaa293,Estimating the Effect of Social Distancing Interventions on COVID-19 in the United States,American Journal Of Epidemiology,"['Bayesian hierarchical model', 'intervention effect size', 'reproduction number', 'severe acute respiratory syndrome coronavirus 2', 'social isolation']",True,,True,,,,,,,True,0.84,True,yes,0.92,0.85,1633,50,6.8586e-05,307.72775001241826,1,typesafe/jev-1.13-20260917,gen-dec-1789843200-9Mapq9dJtZNNQLFHfBvv,,1d16b25dcca8,2026-09-19T18:40:00+00:00
359,S400-360,SCOPUS_ID:0037083172,10.1093/aje/155.4.346,Ethnic differences in the association between body mass index and hypertension,American Journal Of Epidemiology,"['Adult', 'Body mass index', 'Ethnic groups', 'Hypertension', 'Obesity']",False,borderline,False,,,,,,,True,0.3,False,no,0.19,0.63,1626,50,6.8292e-05,329.0979159937706,1,typesafe/jev-1.13-20260917,gen-dec-1789843200-yt6CV6kNJ5YLmqPiSswD,,1d16b25dcca8,2026-09-19T18:40:00+00:00
360,S400-361,SCOPUS_ID:85035214808,10.1016/j.ypmed.2017.10.021,Projected impacts of federal tax policy proposals on mortality burden in the United States: A microsimulation analysis,Preventive Medicine,"['Income inequality', 'Microsimulation', 'Social determinants', 'Taxation']",True,,True,,,,,,,True,0.98,True,yes,1.0,1.0,1805,50,7.581e-05,263.6555000208318,1,typesafe/jev-1.13-20260917,gen-dec-1789843200-A1cB2Qo8r4zDJzqGNjma,,1d16b25dcca8,2026-09-19T18:40:00+00:00
361,S400-362,SCOPUS_ID:0027963297,10.1093/oxfordjournals.aje.a117264,Epidemiology of intermittent claudication in middle-aged men,American Journal Of Epidemiology,"['Incidence', 'Peripheral vascular diseases', 'Prevalence', 'Risk factors']",True,,True,borderline,,,,,,True,0.45,False,no,0.49,0.02,2001,50,8.4042e-05,263.12762501765974,1,typesafe/jev-1.13-20260917,gen-dec-1789843200-qclLwA7BCLgtpJvCqzml,,1d16b25dcca8,2026-09-19T18:40:00+00:00
362,S400-363,SCOPUS_ID:0027732493,10.1093/ije/22.Supplement_2.S113,Sources of discrepancies between a job exposure matrix and a case by case expert assessment for occupational exposure to formaldehyde and wood-dust,International Journal Of Epidemiology,[],False,,False,,,,,,,True,0.22,False,no,0.25,0.51,1788,50,7.5096e-05,296.80187499616295,1,typesafe/jev-1.13-20260917,gen-dec-1789843200-6WgGCF9tImyF3Gb6GxdG,,1d16b25dcca8,2026-09-19T18:40:00+00:00
363,S400-364,SCOPUS_ID:0037308475,10.2105/AJPH.93.2.307,Hysterectomy prevalence by hispanic ethnicity: Evidence from a national survey,American Journal Of Public Health,[],False,,False,,,,,,,True,0.07,False,no,0.0,0.99,1616,50,6.7872e-05,269.96916698408313,1,typesafe/jev-1.13-20260917,gen-dec-1789843200-V94jYkxP6pYmvuvohVzO,,1d16b25dcca8,2026-09-19T18:40:00+00:00
364,S400-365,SCOPUS_ID:0034118036,10.1136/jech.54.5.333,Weather and the risk of sudden infant death syndrome: The effect of wind,Journal Of Epidemiology And Community Health,[],False,,False,,,,,,,True,0.04,False,no,0.0,1.0,1654,50,6.9468e-05,419.33395800879225,1,typesafe/jev-1.13-20260917,gen-dec-1789843200-Qlp5BrCLFJCrsc62GwOJ,,1d16b25dcca8,2026-09-19T18:40:00+00:00
365,S400-366,SCOPUS_ID:85137301338,10.1007/s10654-022-00907-z,Temporal trends in calls for suicide attempts to poison control centers in France during the COVID-19 pandemic: a nationwide study,European Journal Of Epidemiology,"['Adolescent', 'Age', 'Attempted suicide', 'COVID-19', 'Gender', 'Poison Control Center', 'Surveillance']",True,,False,"borderline, the conclusion is about monitoring",!!!,,,False,,True,0.32,False,no,0.25,0.5,1705,50,7.161e-05,254.9093329871539,1,typesafe/jev-1.13-20260917,gen-dec-1789843200-NYhMypz6WyV7wemdHaTU,,1d16b25dcca8,2026-09-19T18:40:00+00:00
366,S400-367,SCOPUS_ID:0034895821,10.2105/AJPH.91.8.1276,Adolescent sexual orientation and suicide risk: Evidence from a national study,American Journal Of Public Health,[],False,,False,,,,,,,True,0.04,False,no,0.0,1.0,1522,50,6.3924e-05,303.5674580023624,1,typesafe/jev-1.13-20260917,gen-dec-1789843200-M3pawLfXxRMiwNdF76cU,,1d16b25dcca8,2026-09-19T18:40:00+00:00
367,S400-368,SCOPUS_ID:0025062447,10.1093/oxfordjournals.aje.a115489,"Self-evaluated health and mortality among the elderly in New Haven, Connecticut, and Iowa and Washington counties, Iowa, 1982-1986",American Journal Of Epidemiology,"['Aged', 'Chronic disease', 'Health surveys', 'Mortality', 'Prospective studies']",False,,False,,,,,,,True,0.04,False,no,0.0,1.0,1741,50,7.3122e-05,261.16300001740456,1,typesafe/jev-1.13-20260917,gen-dec-1789843200-SaONvDKUjU7qF5y17oZ7,,1d16b25dcca8,2026-09-19T18:40:00+00:00
368,S400-369,SCOPUS_ID:85070606772,10.2105/AJPH.2019.305171,"Included, but deportable: A new public health approach to policies that criminalize and integrate immigrants",American Journal Of Public Health,[],True,non-emperical,True,,,,,,,True,0.48,False,no,0.43,0.14,1573,50,6.6066e-05,320.6544590066187,1,typesafe/jev-1.13-20260917,gen-dec-1789843200-d3zJwmDSdlUIFpVNLTiy,,1d16b25dcca8,2026-09-19T18:40:00+00:00
369,S400-370,SCOPUS_ID:77957280907,10.1136/jech.2009.088476,Does socio-economic status predict grip strength in older Europeans? Results from the SHARE study in non-institutionalised men and women aged 50+,Journal Of Epidemiology And Community Health,[],False,,False,,,,,,,True,0.03,False,no,0.0,1.0,1729,50,7.2618e-05,391.0467920068186,1,typesafe/jev-1.13-20260917,gen-dec-1789843200-zkA7rMPcb3SrAcEIVWob,,1d16b25dcca8,2026-09-19T18:40:01+00:00
370,S400-371,SCOPUS_ID:0029094918,10.1097/00001648-199509000-00013,Cutaneous melanoma in women. V. Characteristics of those who tan and those who burn when exposed to summer sun,Epidemiology,"['Melanoma', 'Nevus', 'Pigmentation', 'Race', 'Sunburn', 'Sunlight', 'Ultraviolet rays']",False,,False,,,,,,,True,0.03,False,no,0.0,1.0,1582,50,6.6444e-05,278.4677089948673,1,typesafe/jev-1.13-20260917,gen-dec-1789843200-lIDUlbaXG7YTY0xxiJ5T,,1d16b25dcca8,2026-09-19T18:40:00+00:00
371,S400-372,SCOPUS_ID:85148668904,10.1016/j.ypmed.2023.107437,The first nicotine product tried is associated with current multiple nicotine product use and nicotine dependence among a nationally representative sample of U.S. youths,Preventive Medicine,"['Adolescents', 'E-cigarettes', 'Multiple nicotine product use', 'Nicotine dependence', 'Polytobacco use', 'Smoking devices', 'Tobacco']",False,target seemed to be research,False,,,,,,,True,0.24,False,no,0.17,0.65,1733,50,7.2786e-05,387.52633301191963,1,typesafe/jev-1.13-20260917,gen-dec-1789843200-CvzQMfbriniv4LtKSXbu,,1d16b25dcca8,2026-09-19T18:40:01+00:00
372,S400-373,SCOPUS_ID:0348010397,10.1093/aje/kwg274,Sources of Variability in Blood Pressure Measurement using the Dinamap PRO 100 Automated Oscillometric Device,American Journal Of Epidemiology,"['Blood pressure', 'Epidemiologic methods', 'Equipment and supplies', 'Observer variation', 'Oscillometry', 'Research design']",False,,False,,,,,,,True,0.03,False,no,0.0,1.0,1720,50,7.224e-05,248.75887497910298,1,typesafe/jev-1.13-20260917,gen-dec-1789843200-jicnfAsmqW84a59QCrfn,,1d16b25dcca8,2026-09-19T18:40:01+00:00
373,S400-374,SCOPUS_ID:33845671785,10.1093/aje/kwj330,Nutrient intake and risk of non-Hodgkin's lymphoma,American Journal Of Epidemiology,"['Case-control studies', 'Diet', 'Fatty acids', 'Lymphoma', 'Non-Hodgkin', 'Nutrition', 'Vitamin D']",False,,False,,,,,,,True,0.03,False,no,0.0,1.0,1695,50,7.119e-05,277.58812499814667,1,typesafe/jev-1.13-20260917,gen-dec-1789843200-LRONcpkVpeDLtL5AI63g,,1d16b25dcca8,2026-09-19T18:40:01+00:00
374,S400-375,SCOPUS_ID:0028218149,10.1093/oxfordjournals.aje.a117011,Melanocytic Nevi in children: I. Anatomic sites and demographic and host factors,American Journal Of Epidemiology,"['Ethnic groups', 'Eye color', 'Hair color', 'Melanoma', 'Nevus', 'Skin pigmentation', 'Social class']",False,,False,,,,,,,True,0.02,False,no,0.0,1.0,1726,50,7.2492e-05,281.77591698477045,1,typesafe/jev-1.13-20260917,gen-dec-1789843201-B91sCiXv0iLz1Z5ZlSNn,,1d16b25dcca8,2026-09-19T18:40:01+00:00
375,S400-376,SCOPUS_ID:84894498259,10.1016/j.ypmed.2014.01.019,An emerging adolescent health risk: Caffeinated energy drink consumption patterns among high school students,Preventive Medicine,"['Caffeinated energy drinks', 'College students', 'Health risk', 'High school students', 'Mental health', 'Prevalence']",False,,False,,,,,,,True,0.08,False,no,0.01,0.99,1598,50,6.7116e-05,427.2452080040239,1,typesafe/jev-1.13-20260917,gen-dec-1789843201-qyTK4l4oYRbrgjikUb6o,,1d16b25dcca8,2026-09-19T18:40:01+00:00
376,S400-377,SCOPUS_ID:84952629734,10.1016/j.amepre.2015.06.015,Effect of Community Volunteering on Physical Activity: A Randomized Controlled Trial,American Journal Of Preventive Medicine,[],False,,False,,,,,,,True,0.06,False,no,0.0,0.99,1722,50,7.2324e-05,264.07537498744205,1,typesafe/jev-1.13-20260917,gen-dec-1789843201-OSLZ7dn74HXxyQPjI99N,,1d16b25dcca8,2026-09-19T18:40:01+00:00
377,S400-378,SCOPUS_ID:81555226637,10.2105/AJPH.2011.300355,Community health workers' perspectives on their contribution to rural health and well-being in Iran,American Journal Of Public Health,[],True,,True,,,,,,,True,0.07,False,no,0.0,1.0,1569,50,6.5898e-05,272.2497500071768,1,typesafe/jev-1.13-20260917,gen-dec-1789843201-myfl4IBFc3hwSGPfATCz,,1d16b25dcca8,2026-09-19T18:40:01+00:00
378,S400-379,SCOPUS_ID:85014529008,10.2105/AJPH.2017.303653,Parent-centered prevention of risky behaviors among hispanic youths in Florida,American Journal Of Public Health,[],True,,True,,,,,,,True,0.12,False,no,0.01,0.97,1609,50,6.7578e-05,245.66129100276157,1,typesafe/jev-1.13-20260917,gen-dec-1789843201-nprzvU5zLEYHwFUVRrff,,1d16b25dcca8,2026-09-19T18:40:01+00:00
379,S400-380,SCOPUS_ID:84865695664,10.1016/j.amepre.2012.05.025,YMCA commit to quit: Randomized trial outcomes,American Journal Of Preventive Medicine,[],False,,False,,,,,,,True,0.04,False,no,0.0,1.0,1845,50,7.749e-05,289.4359999918379,1,typesafe/jev-1.13-20260917,gen-dec-1789843201-28M0lqTJltkLdydN7ipS,,1d16b25dcca8,2026-09-19T18:40:01+00:00
380,S400-381,SCOPUS_ID:0029938965,10.2105/AJPH.86.4.533,The health insurance status of US latino women: A profile from the 1982-1984 HHANES,American Journal Of Public Health,[],False,,False,,,,,,,True,0.98,True,yes,1.0,1.0,1610,50,6.762e-05,256.2265419983305,1,typesafe/jev-1.13-20260917,gen-dec-1789843201-5Gp6zPAVFO8igf0iYJkd,,1d16b25dcca8,2026-09-19T18:40:01+00:00
381,S400-382,SCOPUS_ID:0028901996,10.1016/s0749-3797(18)30485-9,Drug use prevalence in a rural school-age population: The New Hampshire survey,American Journal Of Preventive Medicine,[],False,,False,,,,,,,True,0.03,False,no,0.0,1.0,1574,50,6.6108e-05,292.1681249863468,1,typesafe/jev-1.13-20260917,gen-dec-1789843201-QPHiznlnLAkOAQuZfErv,,1d16b25dcca8,2026-09-19T18:40:01+00:00
382,S400-383,SCOPUS_ID:0027184614,10.1093/ije/22.4.666,Smoking cessation and changes in respiratory symptoms in two populations followed for 13 years,International Journal Of Epidemiology,[],False,,False,,,,,,,True,0.03,False,no,0.0,1.0,1543,50,6.4806e-05,275.317207997432,1,typesafe/jev-1.13-20260917,gen-dec-1789843201-vcOf6xbdQXSmLKMbT5Nk,,1d16b25dcca8,2026-09-19T18:40:01+00:00
383,S400-384,SCOPUS_ID:84862529617,10.2105/AJPH.2011.300460,Implementing rapid HIV testing with or without risk-reduction counseling in drug treatment centers: Results of a randomized trial,American Journal Of Public Health,[],False,,False,,,,,,,True,0.15,False,no,0.04,0.93,1695,50,7.119e-05,235.2607079956215,1,typesafe/jev-1.13-20260917,gen-dec-1789843201-fKyLbMYCsTlS7tHvis4C,,1d16b25dcca8,2026-09-19T18:40:01+00:00
384,S400-385,SCOPUS_ID:0346724559,10.1093/eurpub/13.4.334,Unusually strong association between education and mortality in young adults in a community with a high rate of injection-drug users,European Journal Of Public Health,"['Education', 'Leading causes of death', 'Mortality', 'Young adults']",False,,False,,,,,,,True,0.04,False,no,0.0,1.0,1628,50,6.8376e-05,258.97095797699876,1,typesafe/jev-1.13-20260917,gen-dec-1789843201-KGUIeVbBTE8VgfakEPXr,,1d16b25dcca8,2026-09-19T18:40:01+00:00
385,S400-386,SCOPUS_ID:5644266333,10.1016/j.amepre.2004.07.005,The association between length of residence and obesity among Hispanic immigrants,American Journal Of Preventive Medicine,[],True,,True,,,,,,,True,0.8,True,yes,0.94,0.87,1681,50,7.0602e-05,285.1355829916429,1,typesafe/jev-1.13-20260917,gen-dec-1789843201-Qe0D70hu1GKviHJK6d5s,,1d16b25dcca8,2026-09-19T18:40:01+00:00
386,S400-387,SCOPUS_ID:84891721281,10.2105/AJPH.2012.301091,"Smoking and risk of coronary heart disease in younger, middle-aged, and older adults",American Journal Of Public Health,[],True,,False,this is just a description of the results,!!!,,,False,,True,0.87,True,yes,0.98,0.97,1672,50,7.0224e-05,256.8367079948075,1,typesafe/jev-1.13-20260917,gen-dec-1789843201-eIZTwh8R30nd1dU3BB13,,1d16b25dcca8,2026-09-19T18:40:01+00:00
387,S400-388,SCOPUS_ID:85152705375,10.1016/j.amepre.2023.03.008,Racial/Ethnic Disparities in Mental Healthcare in Youth With Incarcerated Parents,American Journal Of Preventive Medicine,[],True,,True,,,,,,,True,0.93,True,yes,1.0,0.99,1813,50,7.6146e-05,281.3017920125276,1,typesafe/jev-1.13-20260917,gen-dec-1789843201-lT9PwJgl2G0I8uzp36ce,,1d16b25dcca8,2026-09-19T18:40:01+00:00
388,S400-389,SCOPUS_ID:12344261745,10.1093/ije/dyh284,Maternal calcium supplementation and cardiovascular risk factors in twin offspring,International Journal Of Epidemiology,"['Calcium', 'Cardiovascular disease', 'Children', 'Lipids', 'Pregnancy']",True,,True,,,,,,,True,0.63,True,yes,0.76,0.53,1821,50,7.6482e-05,249.39429099322297,1,typesafe/jev-1.13-20260917,gen-dec-1789843201-GCH5zEABXVnef7ZNlMmG,,1d16b25dcca8,2026-09-19T18:40:01+00:00
389,S400-390,SCOPUS_ID:0034073172,10.1093/eurpub/10.1.68,"Disease-related distress among insulin-treated diabetic patients: Associations with health status, psychosocial factors and self-care practices",European Journal Of Public Health,"['Diabetes cognitions', 'Diabetes distress', 'Health status', 'Insulin-treated diabetes', 'Social support']",True,,True,,,,,,,True,0.74,True,yes,0.89,0.78,1688,50,7.0896e-05,235.98345802747644,1,typesafe/jev-1.13-20260917,gen-dec-1789843201-SzTXgXyGQ2j3dpZu5qM0,,1d16b25dcca8,2026-09-19T18:40:01+00:00
390,S400-391,SCOPUS_ID:85124166197,10.1016/j.ypmed.2022.106981,Valuing the cross-sector benefits from improving youth health to drive investment in place-based preventive interventions in the US: A simulation modeling study,Preventive Medicine,"['Child health', 'Health policy', 'Healthcare financing', 'Mental health', 'Prevention']",True,,True,,,,,,,True,0.96,True,yes,1.0,1.0,1667,50,7.0014e-05,306.8086669954937,1,typesafe/jev-1.13-20260917,gen-dec-1789843201-Rm0ebPsxACHzhIeeWSft,,1d16b25dcca8,2026-09-19T18:40:01+00:00
391,S400-392,SCOPUS_ID:47949122155,10.1016/j.ypmed.2008.05.006,Physical activity as a strategy for maintaining tobacco abstinence: A randomized trial,Preventive Medicine,"['Pedometer', 'Physical activity', 'Randomized trial', 'Relapse prevention', 'Smoking cessation']",False,,False,,,,,,,True,0.08,False,no,0.01,0.99,1935,50,8.127e-05,322.8010830061976,1,typesafe/jev-1.13-20260917,gen-dec-1789843201-0KQmrLgfwWvSmXobLRGt,,1d16b25dcca8,2026-09-19T18:40:01+00:00
392,S400-393,SCOPUS_ID:84905649813,10.1093/ije/dyu051,Do population-based interventions widen or narrow socioeconomic inequalities? The case of breastfeeding promotion,International Journal Of Epidemiology,"['Breastfeeding', 'Cognitive functioning', 'Health inequalities', 'Randomized intervention trials']",False,,False,,,,,,,True,0.04,False,no,0.0,1.0,1827,50,7.6734e-05,298.5382920014672,1,typesafe/jev-1.13-20260917,gen-dec-1789843201-AEvKvJWwIaZKkXd6VRkY,,1d16b25dcca8,2026-09-19T18:40:01+00:00
393,S400-394,SCOPUS_ID:0027454355,10.1006/pmed.1993.1068,"Dietary fat, calories, and fiber in colon cancer",Preventive Medicine,[],False,non-emperical,False,,,,,,,True,0.03,False,no,0.0,1.0,1497,50,6.2874e-05,278.6891249998007,1,typesafe/jev-1.13-20260917,gen-dec-1789843201-StAXm6EaIEbhhgKKkhTj,,1d16b25dcca8,2026-09-19T18:40:01+00:00
394,S400-395,SCOPUS_ID:33846042221,10.1016/j.ypmed.2006.07.016,Lower risk of death from gastric cancer among participants of gastric cancer screening in Japan: A population-based cohort study,Preventive Medicine,"['Cohort study', 'Gastric cancer', 'Gastric cancer screening', 'Japanese']",False,,False,,,,,,,True,0.05,False,no,0.0,1.0,1658,50,6.9636e-05,270.1397080090828,1,typesafe/jev-1.13-20260917,gen-dec-1789843201-QdJa4wHKDEZImEop91O8,,1d16b25dcca8,2026-09-19T18:40:01+00:00
395,S400-396,SCOPUS_ID:0041834522,10.1093/aje/kwg184,"Wine, liquor, beer, and mortality",American Journal Of Epidemiology,"['Alcohol drinking', 'Alcoholic beverages', 'Beer', 'Mortality', 'Risk', 'Wine']",False,,False,,,,,,,True,0.03,False,no,0.0,1.0,1646,50,6.9132e-05,243.51979201310314,1,typesafe/jev-1.13-20260917,gen-dec-1789843201-QHPIRi5h5vPmEHMeN6fX,,1d16b25dcca8,2026-09-19T18:40:01+00:00
396,S400-397,SCOPUS_ID:0029941114,10.1093/oxfordjournals.aje.a008709,NHLBI Family Heart Study: Objectives and design,American Journal Of Epidemiology,"['coronary heart disease', 'genetics', 'hypertension', 'risk factors']",False,non-emperical,False,,,,,,,True,0.02,False,no,0.0,1.0,1655,50,6.951e-05,277.9290839971509,1,typesafe/jev-1.13-20260917,gen-dec-1789843201-v7eeduR3EIzpRf5MgKS1,,1d16b25dcca8,2026-09-19T18:40:01+00:00
397,S400-398,SCOPUS_ID:33745658835,10.2105/AJPH.2005.062224,Effect of educational level and minority status on nursing home choice after hospital discharge,American Journal Of Public Health,[],True,,True,"borderline, I was not sure what the  policy implication was",,,,,,True,0.64,True,yes,0.7,0.4,1623,50,6.8166e-05,255.06537497858517,1,typesafe/jev-1.13-20260917,gen-dec-1789843201-YKa9A6iowSChbCZGs4GD,,1d16b25dcca8,2026-09-19T18:40:01+00:00
398,S400-399,SCOPUS_ID:78649935623,10.1016/j.amepre.2010.09.009,Characteristics and prevalence of tobacco use among somali youth in minnesota,American Journal Of Preventive Medicine,[],True,,True,,,,,,,True,0.9,True,yes,0.99,0.99,1774,50,7.4508e-05,293.5708749864716,1,typesafe/jev-1.13-20260917,gen-dec-1789843201-mGYMgpjqwuOegIgAhxoZ,,1d16b25dcca8,2026-09-19T18:40:02+00:00
399,S400-400,SCOPUS_ID:84875174408,10.2105/AJPH.2012.301016,Improving the environmental quality component of the county health rankings model,American Journal Of Public Health,[],True,,False,the recommendaiotn is about research (more data),!!!,,,False,,True,0.2,False,no,0.06,0.88,1592,50,6.6864e-05,295.79754098085687,1,typesafe/jev-1.13-20260917,gen-dec-1789843201-GEMJS3eU7VAt2LqdMuiJ,,1d16b25dcca8,2026-09-19T18:40:02+00:00
