source_row,review_id,source_row_index,scopus_id,doi,title,journal,publication_year,design_title,design_abstract,design_strict,design_keywords,design_combined,design_combined_unambiguous,is_methodological,is_excluded_sensitivity,is_policy_analysis_eval,is_methods_qe,llm_policy_claim,keywords,manual_check1,manual_check2,ok,jev_p_yes,jev_policy_claim,jev_choice,jev_choice_p_yes,jev_choice_confidence,jev_input_tokens,jev_output_tokens,jev_cost_usd,jev_latency_ms,jev_attempts,jev_model,jev_request_id,jev_error,jev_questions_hash,jev_timestamp
0,DES-001,18494,SCOPUS_ID:84879781393,10.2105/ajph.2013.301458,A randomized trial of a hepatitis care coordination model in methadone maintenance treatment,American Journal Of Public Health,2013,Experimental,Experimental,Experimental,Other/None,Experimental,Experimental,False,False,False,False,False,,,,True,0.07,False,no,0.01,0.99,1680,50,7.056e-05,659.3155830050819,1,typesafe/jev-1.13-20260917,gen-dec-1789842875-K8D4M7QiO28x6SjUfyYP,,1d16b25dcca8,2026-09-19T18:34:35+00:00
1,DES-002,11590,SCOPUS_ID:85046675352,10.1016/j.amepre.2018.02.005,State Legislative Approach to Enumerating Behavioral Health Workforce Shortages: Lessons Learned in New Mexico,American Journal Of Preventive Medicine,2018,Other/None,Other/None,Other/None,Other/None,Other/None,Other/None,False,False,False,False,False,,,,True,0.48,False,no,0.42,0.16,1720,50,7.224e-05,693.6254999891389,1,typesafe/jev-1.13-20260917,gen-dec-1789842875-G22FJTDPfFUCKVxgMrbC,,1d16b25dcca8,2026-09-19T18:34:35+00:00
2,DES-003,2012,SCOPUS_ID:2642668471,10.1093/oxfordjournals.aje.a009467,Differential misclassification and the assessment of gene-environment interactions in case-control studies,American Journal Of Epidemiology,1998,Other/None,Case-control,Case-control,Case-control,Case-control,Case-control,True,True,False,True,False,Case-control studies; Epidemiologic methods; Misclassification,,,True,0.04,False,no,0.0,0.99,1657,50,6.9594e-05,1545.9152919938788,1,typesafe/jev-1.13-20260917,gen-dec-1789842876-a5YvmscC44Ty5LhTy6SD,,1d16b25dcca8,2026-09-19T18:34:36+00:00
3,DES-004,33913,SCOPUS_ID:85070813724,10.1093/ije/dyz060,Unmasking herd protection by an oral cholera vaccine in a cluster-randomized trial,International Journal Of Epidemiology,2019,Experimental,Experimental,Experimental,Experimental,Experimental,Experimental,False,False,False,False,False,Cholera; cluster-randomized trial; fried-egg design; vaccine effectiveness,,,True,0.14,False,no,0.05,0.89,1896,50,7.9632e-05,680.8633749897126,1,typesafe/jev-1.13-20260917,gen-dec-1789842875-CxnJyIWmNwSNamp15MGh,,1d16b25dcca8,2026-09-19T18:34:35+00:00
4,DES-005,14023,SCOPUS_ID:0027233773,10.2105/ajph.83.5.711,Treatment for glaucoma: Adherence by the elderly,American Journal Of Public Health,1993,Other/None,Cohort,Cohort,Other/None,Cohort,Cohort,False,False,False,False,False,,,,True,0.67,True,yes,0.84,0.68,1636,50,6.8712e-05,730.8844999934081,1,typesafe/jev-1.13-20260917,gen-dec-1789842875-Ui6mqssbKic3sb0Jsto1,,1d16b25dcca8,2026-09-19T18:34:35+00:00
5,DES-006,1230,SCOPUS_ID:0029034410,10.1093/oxfordjournals.aje.a117619,Psychotropic drugs and risk of recurrent falls in ambulatory nursing home residents,American Journal Of Epidemiology,1995,Other/None,Cohort,Cohort,Other/None,Cohort,Cohort,False,False,False,False,True,Accidental falls; Aged; Nursing homes; Psychotropic drugs,,,True,0.86,True,yes,0.98,0.96,2028,50,8.5176e-05,1184.8496250167955,1,typesafe/jev-1.13-20260917,gen-dec-1789842876-vOVWkwDBcLWSktNsuNuI,,1d16b25dcca8,2026-09-19T18:34:36+00:00
6,DES-007,41092,SCOPUS_ID:12144290469,10.1016/j.ypmed.2003.11.005,Focus groups of Y-K Delta Alaska Natives: Attitudes toward tobacco use and tobacco dependence interventions,Preventive Medicine,2004,Other/None,Other/None,Other/None,Qualitative,Qualitative,Qualitative,False,False,False,False,False,Focus group; Intervention; Tobacco cessation; Tobacco use,,,True,0.39,False,no,0.37,0.26,1656,50,6.9552e-05,692.004333017394,1,typesafe/jev-1.13-20260917,gen-dec-1789842875-CF1DoShFO0AqqXMKI1Q3,,1d16b25dcca8,2026-09-19T18:34:35+00:00
7,DES-008,34541,SCOPUS_ID:85166442516,10.1093/ije/dyad054,A longitudinal study evaluating adverse childhood experiences and obesity in adulthood using the Canadian Longitudinal Study on Aging (CLSA),International Journal Of Epidemiology,2023,Cohort,Cohort,Cohort,Other/None,Cohort,Cohort,False,False,False,False,False,Adverse childhood experiences; CLSA; nutrition; obesity; stress,,,True,0.05,False,no,0.0,1.0,1740,50,7.308e-05,681.3366249843966,1,typesafe/jev-1.13-20260917,gen-dec-1789842875-dyzIHtN6hC3bBtNN0jf5,,1d16b25dcca8,2026-09-19T18:34:35+00:00
8,DES-009,28429,SCOPUS_ID:84904963525,10.1093/eurpub/cku014,Association between economic fluctuations and road mortality in OECD countries,European Journal Of Public Health,2014,Other/None,Other/None,Other/None,Other/None,Other/None,Other/None,False,True,False,True,False,,,,True,0.02,False,no,0.0,1.0,1481,50,6.2202e-05,348.8692090031691,1,typesafe/jev-1.13-20260917,gen-dec-1789842875-DLJMT2utjoNxbuJ3BHDp,,1d16b25dcca8,2026-09-19T18:34:36+00:00
9,DES-010,28971,SCOPUS_ID:85076307058,10.1093/eurpub/ckz024,The influence of patient case mix on public health area statistics for cancer stage at diagnosis: A cross-sectional study,European Journal Of Public Health,2019,Cross-sectional,Other/None,Cross-sectional,Other/None,Cross-sectional,Cross-sectional,False,False,False,False,True,,,,True,0.84,True,yes,0.96,0.92,1656,50,6.9552e-05,307.2483339929022,1,typesafe/jev-1.13-20260917,gen-dec-1789842875-nHKQoldBCCGnnCAm87Nm,,1d16b25dcca8,2026-09-19T18:34:36+00:00
10,DES-011,8897,SCOPUS_ID:0242289627,10.1016/s0749-3797(03)00218-6,Relationships between body mass indices and surgical replacements of knee and hip joints,American Journal Of Preventive Medicine,2003,Other/None,Case-control,Case-control,Other/None,Case-control,Case-control,False,False,False,False,False,,,,True,0.03,False,no,0.0,1.0,1792,50,7.5264e-05,340.6924589944538,1,typesafe/jev-1.13-20260917,gen-dec-1789842875-83jOimXuaeLYYLH2LyOj,,1d16b25dcca8,2026-09-19T18:34:36+00:00
11,DES-012,12585,SCOPUS_ID:85125459648,10.1016/j.amepre.2021.12.012,Sustained Impact of the Philadelphia Beverage Tax on Beverage Prices and Sales Over 2 Years,American Journal Of Preventive Medicine,2022,Other/None,Quasi-experimental,Quasi-experimental,Other/None,Quasi-experimental,Quasi-experimental,False,True,False,True,False,,,,True,0.05,False,no,0.0,1.0,1754,50,7.3668e-05,298.3132080116775,1,typesafe/jev-1.13-20260917,gen-dec-1789842875-DLIqeuN3r2E8zaDG1shc,,1d16b25dcca8,2026-09-19T18:34:36+00:00
12,DES-013,3601,SCOPUS_ID:26444566662,10.1093/aje/kwi262,Association of Chlamydia trachomatis with persistence of high-risk types of human papillomavirus in a cohort of female adolescents,American Journal Of Epidemiology,2005,Other/None,Cohort,Cohort,Other/None,Cohort,Cohort,False,False,False,False,False,"Adolescent; Chlamydia trachomatis; Longitudinal studies; Neisseria gonorrhoeae; Papillomavirus, human; Sexually transmitted diseases; Trichomonas vaginalis; Vaginosis, bacterial",,,True,0.03,False,no,0.0,1.0,1710,50,7.182e-05,311.47962500108406,1,typesafe/jev-1.13-20260917,gen-dec-1789842875-KeFI9JWgFBNKrhbgR08d,,1d16b25dcca8,2026-09-19T18:34:36+00:00
13,DES-014,38733,SCOPUS_ID:85127816411,10.1136/jech-2021-217266,Time trend analysis of social inequalities in psychological distress among young adults before and during the pandemic: evidence from the UK Household Longitudinal Study COVID-19 waves,Journal Of Epidemiology And Community Health,2022,Cohort,Cohort,Cohort,Other/None,Cohort,Cohort,False,False,False,False,True,,,,True,0.96,True,yes,1.0,1.0,1770,50,7.434e-05,348.28958299476653,1,typesafe/jev-1.13-20260917,gen-dec-1789842875-Wh3EX0UbAGhajFCE165G,,1d16b25dcca8,2026-09-19T18:34:36+00:00
14,DES-015,42562,SCOPUS_ID:84887824395,10.1016/j.ypmed.2013.10.006,American adults eligible for the supplemental nutritional assistance program consume more sugary beverages than ineligible adults,Preventive Medicine,2013,Other/None,Cross-sectional,Cross-sectional,Other/None,Cross-sectional,Cross-sectional,False,False,False,False,False,Adults; SNAP; Sugar-sweetened bevearge consumption,,,True,0.05,False,no,0.0,1.0,1721,50,7.2282e-05,377.2240830003284,1,typesafe/jev-1.13-20260917,gen-dec-1789842876-C5QVW1qPgwwcoKYPK9W1,,1d16b25dcca8,2026-09-19T18:34:36+00:00
15,DES-016,2828,SCOPUS_ID:0035863438,10.1093/aje/153.2.114,Excess incidence of squamous cell esophageal cancer among US black men: Role of social class and other risk factors,American Journal Of Epidemiology,2001,Other/None,Case-control,Case-control,Case-control,Case-control,Case-control,False,False,False,False,True,Alcohol drinking; Case-control studies; Diet; Esophageal neoplasms; Racial stocks; Risk factors; Social class; Tobacco,,,True,0.73,True,yes,0.84,0.68,1735,50,7.287e-05,286.4836670050863,1,typesafe/jev-1.13-20260917,gen-dec-1789842876-JgvOvXfe7O1hsON214MU,,1d16b25dcca8,2026-09-19T18:34:36+00:00
16,DES-017,11916,SCOPUS_ID:85059576723,10.1016/j.amepre.2018.08.024,"Bringing “The Real Cost” to Life Through Breakthrough, Evidence-Based Advertising",American Journal Of Preventive Medicine,2019,Other/None,Other/None,Other/None,Other/None,Other/None,Other/None,False,False,False,False,False,,,,True,0.03,False,no,0.0,1.0,1591,50,6.6822e-05,328.67462499416433,1,typesafe/jev-1.13-20260917,gen-dec-1789842876-V75ROV4AsQ5tOfuxCmTb,,1d16b25dcca8,2026-09-19T18:34:36+00:00
17,DES-018,19133,SCOPUS_ID:84896499895,10.2105/ajph.2013.301837,Effectiveness of the cigarette ignition propensity standard in preventing unintentional residential fires in Massachusetts,American Journal Of Public Health,2014,Other/None,Quasi-experimental,Quasi-experimental,Other/None,Quasi-experimental,Other/None,False,True,False,True,True,,,,True,0.97,True,yes,1.0,1.0,1625,50,6.825e-05,273.5242909984663,1,typesafe/jev-1.13-20260917,gen-dec-1789842876-mk3NolJPVaut2jS8FHjZ,,1d16b25dcca8,2026-09-19T18:34:36+00:00
18,DES-019,11751,SCOPUS_ID:85073516094,10.1016/j.amepre.2019.06.019,Sugar-Sweetened Beverage Health Warnings and Purchases: A Randomized Controlled Trial,American Journal Of Preventive Medicine,2019,Experimental,Other/None,Experimental,Other/None,Experimental,Experimental,False,False,False,False,True,,,,True,0.82,True,yes,0.91,0.82,1909,50,8.0178e-05,277.68995802034624,1,typesafe/jev-1.13-20260917,gen-dec-1789842876-WsajehQCCVV50F5vvWKQ,,1d16b25dcca8,2026-09-19T18:34:36+00:00
19,DES-020,18448,SCOPUS_ID:84886412652,10.2105/ajph.2013.301283,Medicaid expansion initiative in Massachusetts: Enrollment among substance-abusing homeless adults,American Journal Of Public Health,2013,Other/None,Quasi-experimental,Quasi-experimental,Other/None,Quasi-experimental,Other/None,False,True,False,True,True,,,,True,0.94,True,yes,1.0,0.99,1608,50,6.7536e-05,271.2596250057686,1,typesafe/jev-1.13-20260917,gen-dec-1789842876-bqq7bOmQ6XPe3VCZI6eV,,1d16b25dcca8,2026-09-19T18:34:36+00:00
20,DES-021,23978,SCOPUS_ID:85196885941,10.1097/ede.0000000000001740,Scarring in Utero: An Attempt to Validate with Data Unconfounded by Migration and Medical Care,Epidemiology,2024,Other/None,Cohort,Cohort,Other/None,Cohort,Cohort,False,False,False,False,False,Environmental stressors; Gestation; Longevity; Scarring,,,True,0.04,False,no,0.0,1.0,1684,50,7.0728e-05,322.11174999247305,1,typesafe/jev-1.13-20260917,gen-dec-1789842876-iNaSCvqJYY7di8KcIDYB,,1d16b25dcca8,2026-09-19T18:34:36+00:00
21,DES-022,3381,SCOPUS_ID:4544377996,10.1093/aje/kwh260,Intussusception and oral poliovirus vaccination: Is there an association?,American Journal Of Epidemiology,2004,Other/None,Case-control,Case-control,Other/None,Case-control,Case-control,False,False,False,False,False,"Intussusception; Poliovirus vaccine, oral",,,True,0.04,False,no,0.0,1.0,1695,50,7.119e-05,263.49279200076126,1,typesafe/jev-1.13-20260917,gen-dec-1789842876-1ydBQCVQYHMk4BkF4NXY,,1d16b25dcca8,2026-09-19T18:34:36+00:00
22,DES-023,9518,SCOPUS_ID:42949162520,10.1016/j.amepre.2008.03.005,"Did Augmenting the VERB<sup>™</sup> Campaign Advertising in Select Communities Have an Effect on Awareness, Attitudes, and Physical Activity?",American Journal Of Preventive Medicine,2008,Other/None,Quasi-experimental,Quasi-experimental,Other/None,Quasi-experimental,Quasi-experimental,False,True,False,True,False,,,,True,0.42,False,no,0.37,0.27,1733,50,7.2786e-05,280.3684999817051,1,typesafe/jev-1.13-20260917,gen-dec-1789842876-iSR84256qlD2oPmQXgvO,,1d16b25dcca8,2026-09-19T18:34:36+00:00
23,DES-024,28826,SCOPUS_ID:85059268535,10.1093/eurpub/cky100,"The association between discrimination and health: Findings on Russian, Somali and Kurdish origin populations in Finland",European Journal Of Public Health,2018,Other/None,Other/None,Other/None,Other/None,Other/None,Other/None,False,False,False,False,True,,,,True,0.96,True,yes,1.0,1.0,1684,50,7.0728e-05,375.2980000281241,1,typesafe/jev-1.13-20260917,gen-dec-1789842876-1ywxvyviCuI9RsseCCTd,,1d16b25dcca8,2026-09-19T18:34:36+00:00
24,DES-025,31698,SCOPUS_ID:0033855597,10.1093/ije/29.4.629,"High-risk mammographic parenchymal patterns, hormone replacement therapy and other risk factors: A case-control study",International Journal Of Epidemiology,2000,Case-control,Case-control,Case-control,Other/None,Case-control,Case-control,False,False,False,False,True,Breast parenchymal patterns; Hormone replacement therapy; Mammography; Menopausal status,,,True,0.72,True,yes,0.87,0.74,1706,50,7.1652e-05,350.21341597894207,1,typesafe/jev-1.13-20260917,gen-dec-1789842876-u3oDYJj2fDc0Ix0SAs3d,,1d16b25dcca8,2026-09-19T18:34:36+00:00
25,DES-026,44871,SCOPUS_ID:85103981569,10.1016/j.ypmed.2021.106546,Gains in insurance coverage following the affordable care act and change in preventive services use among non-elderly US immigrants,Preventive Medicine,2021,Other/None,Quasi-experimental,Quasi-experimental,Other/None,Quasi-experimental,Quasi-experimental,False,True,False,True,False,,,,True,0.08,False,no,0.0,0.99,1713,50,7.1946e-05,246.09900001087226,1,typesafe/jev-1.13-20260917,gen-dec-1789842876-GwMPfS4oc1XVZPz05TBR,,1d16b25dcca8,2026-09-19T18:34:36+00:00
26,DES-027,29463,SCOPUS_ID:85102213306,10.1093/eurpub/ckaa153,Hospital practices for the implementation of patient partnership in a multi-national European region,European Journal Of Public Health,2021,Other/None,Cross-sectional,Cross-sectional,Other/None,Cross-sectional,Cross-sectional,False,False,False,False,False,,,,True,0.06,False,no,0.0,1.0,1629,50,6.8418e-05,315.64858299680054,1,typesafe/jev-1.13-20260917,gen-dec-1789842876-DFoVKDa4APVwzodCVZRm,,1d16b25dcca8,2026-09-19T18:34:36+00:00
27,DES-028,31772,SCOPUS_ID:0035171270,10.1093/ije/30.5.1156,Comparing like with like: Some historical milestones in the evolution of methods to create unbiased comparison groups in therapeutic experiments,International Journal Of Epidemiology,2001,Other/None,Experimental,Experimental,Other/None,Experimental,Experimental,False,False,False,False,False,,,,True,0.04,False,no,0.0,1.0,1646,50,6.9132e-05,317.5769160152413,1,typesafe/jev-1.13-20260917,gen-dec-1789842876-MhAEQiP1gMwQVCYjSi6p,,1d16b25dcca8,2026-09-19T18:34:37+00:00
28,DES-029,6799,SCOPUS_ID:85049005667,10.1093/aje/kwx353,Early Onset of Distress Disorders and High-School Dropout: Prospective Evidence from a National Cohort of Australian Adolescents,American Journal Of Epidemiology,2018,Other/None,Other/None,Other/None,Other/None,Other/None,Other/None,False,False,False,False,True,adolescence; education; high-school incompletion; longitudinal; mental health,,,True,0.81,True,yes,0.95,0.9,1665,50,6.993e-05,301.7480419948697,1,typesafe/jev-1.13-20260917,gen-dec-1789842876-gO0va9yqIkvjoOVUSwxX,,1d16b25dcca8,2026-09-19T18:34:37+00:00
29,DES-030,12224,SCOPUS_ID:85108980788,10.1016/j.amepre.2021.04.022,Helpline Calls Associated With Preventable Emergency Department Utilization,American Journal Of Preventive Medicine,2021,Other/None,Cross-sectional,Cross-sectional,Other/None,Cross-sectional,Cross-sectional,False,False,False,False,True,,,,True,0.9,True,yes,0.99,0.98,1682,50,7.0644e-05,378.49012500373647,1,typesafe/jev-1.13-20260917,gen-dec-1789842876-3KomASqX8WA4GJ6rdE4h,,1d16b25dcca8,2026-09-19T18:34:37+00:00
30,DES-031,40324,SCOPUS_ID:0032703868,10.1006/pmed.1998.0570,Using mass media to promote healthy eating: A community-based demonstration project,Preventive Medicine,1999,Other/None,Quasi-experimental,Quasi-experimental,Other/None,Quasi-experimental,Quasi-experimental,False,True,False,True,False,Advertising; Diet; Food habits; Health behavior; Health education; Mass media; Milk; Nutrition; Primary prevention; Public relations,,,True,0.09,False,no,0.01,0.98,1628,50,6.8376e-05,308.9049160189461,1,typesafe/jev-1.13-20260917,gen-dec-1789842876-exuIbfshncGmWE9YuFve,,1d16b25dcca8,2026-09-19T18:34:37+00:00
31,DES-032,6413,SCOPUS_ID:84959929928,10.1093/aje/kwv205,Associations of Inter- and Intraday Temperature Change with Mortality,American Journal Of Epidemiology,2016,Other/None,Ecological / Time-series,Ecological / Time-series,Other/None,Ecological / Time-series,Ecological / Time-series,False,False,False,False,False,ambient temperature; diurnal temperature range; mortality; temperature variation,,,True,0.03,False,no,0.0,1.0,1760,50,7.392e-05,336.668792006094,1,typesafe/jev-1.13-20260917,gen-dec-1789842876-i3N3I0LWYVpXGwxAQSqL,,1d16b25dcca8,2026-09-19T18:34:37+00:00
32,DES-033,41425,SCOPUS_ID:14644395473,10.1016/j.ypmed.2004.07.018,Job stress and cardiovascular risk factors in male workers,Preventive Medicine,2005,Other/None,Other/None,Other/None,Other/None,Other/None,Other/None,False,False,False,False,False,Blood pressure; Cardiovascular risk factors; Cholesterol; Decision latitude; Homocystein; Job strain; Job stress; Smoking; Work demand,,,True,0.05,False,no,0.0,1.0,1645,50,6.909e-05,330.43362500029616,1,typesafe/jev-1.13-20260917,gen-dec-1789842876-nDpy87GoZpOdCjPlYAuE,,1d16b25dcca8,2026-09-19T18:34:37+00:00
33,DES-034,4167,SCOPUS_ID:34447282814,10.1093/aje/kwm013,Anthropometrics and prostate cancer risk,American Journal Of Epidemiology,2007,Other/None,Cohort,Cohort,Cohort,Cohort,Cohort,False,False,False,False,False,Body height; Body mass index; Body weight; Body weight changes; Cohort studies; Longitudinal studies; Prostatic neoplasms,,,True,0.04,False,no,0.0,1.0,1782,50,7.4844e-05,337.17312500812113,1,typesafe/jev-1.13-20260917,gen-dec-1789842876-bnk6mS99bfFDhe94W0ny,,1d16b25dcca8,2026-09-19T18:34:37+00:00
34,DES-035,19655,SCOPUS_ID:84990228591,10.2105/ajph.2016.303371,Replicating cuídate: 6-month impact findings of a randomized controlled trial,American Journal Of Public Health,2016,Experimental,Experimental,Experimental,Other/None,Experimental,Experimental,False,False,False,False,False,,,,True,0.05,False,no,0.0,1.0,1670,50,7.014e-05,245.86599998292513,1,typesafe/jev-1.13-20260917,gen-dec-1789842876-qlKUoNQekegKpm3QW3hU,,1d16b25dcca8,2026-09-19T18:34:37+00:00
35,DES-036,8587,SCOPUS_ID:0033777398,10.1016/s0749-3797(00)00227-0,Severe dating violence and quality of life among South Carolina high school students,American Journal Of Preventive Medicine,2000,Other/None,Cross-sectional,Cross-sectional,Other/None,Cross-sectional,Cross-sectional,False,False,False,False,True,,,,True,0.95,True,yes,1.0,1.0,1761,50,7.3962e-05,387.8562079917174,1,typesafe/jev-1.13-20260917,gen-dec-1789842877-VD7WzMev5k2jRcnNW0cW,,1d16b25dcca8,2026-09-19T18:34:37+00:00
36,DES-037,37745,SCOPUS_ID:84934766877,10.1136/jech-2014-204971,Are fluoride levels in drinking water associated with hypothyroidism prevalence in england? A large observational study of GP practice data and fluoride levels in drinking water,Journal Of Epidemiology And Community Health,2015,Other/None,Cross-sectional,Cross-sectional,Other/None,Cross-sectional,Cross-sectional,False,False,False,False,True,,,,True,0.83,True,yes,0.93,0.87,1672,50,7.0224e-05,265.14533400768414,1,typesafe/jev-1.13-20260917,gen-dec-1789842877-w7Gzna7Lggai7PCep48m,,1d16b25dcca8,2026-09-19T18:34:37+00:00
37,DES-038,15637,SCOPUS_ID:0033922364,10.2105/ajph.90.7.1049,The social geography of AIDS and hepatitis risk: Qualitative approaches for assessing local differences in sterile-syringe access among injection drug users,American Journal Of Public Health,2000,Qualitative,Other/None,Qualitative,Other/None,Qualitative,Qualitative,False,False,False,False,False,,,,True,0.04,False,no,0.0,1.0,1582,50,6.6444e-05,261.06116600567475,1,typesafe/jev-1.13-20260917,gen-dec-1789842877-HDDImYbhNDL7IC8KKT4o,,1d16b25dcca8,2026-09-19T18:34:37+00:00
38,DES-039,31431,SCOPUS_ID:0032723302,10.1093/ije/28.5.982,American cutaneous leishmaniasis in Southeast Brazil: Space-time clustering,International Journal Of Epidemiology,1999,Other/None,Ecological / Time-series,Ecological / Time-series,Other/None,Ecological / Time-series,Ecological / Time-series,False,False,False,False,False,American cutaneous leishmaniasis; Cluster analysis; Geography; Herd immunity; Temporal series; Temporal-space patterns,,,True,0.05,False,no,0.0,1.0,1727,50,7.2534e-05,285.47174998675473,1,typesafe/jev-1.13-20260917,gen-dec-1789842877-GUnxCjU26LQxQeQ6AhFj,,1d16b25dcca8,2026-09-19T18:34:37+00:00
39,DES-040,45670,SCOPUS_ID:85196510896,10.1016/j.ypmed.2024.108041,Serious psychological distress and higher associations with tobacco and cannabis use among college students in the United States,Preventive Medicine,2024,Other/None,Cross-sectional,Cross-sectional,Other/None,Cross-sectional,Cross-sectional,False,False,False,False,True,Cannabis; Cigarettes; College students; E-cigarettes; Serious psychological distress; Tobacco,,,True,0.96,True,yes,1.0,1.0,1707,50,7.1694e-05,266.4795000164304,1,typesafe/jev-1.13-20260917,gen-dec-1789842877-3EXn7Y9QUnWB9VfQWzLw,,1d16b25dcca8,2026-09-19T18:34:37+00:00
40,DES-041,38082,SCOPUS_ID:85032588206,10.1136/jech-2017-208899,Mental health impacts of flooding: A controlled interrupted time series analysis of prescribing data in England,Journal Of Epidemiology And Community Health,2017,Quasi-experimental,Quasi-experimental,Quasi-experimental,Other/None,Quasi-experimental,Other/None,False,True,False,True,False,,,,True,0.05,False,no,0.0,1.0,1608,50,6.7536e-05,342.597749986453,1,typesafe/jev-1.13-20260917,gen-dec-1789842877-cZidQgNsnDvs24zLg7s7,,1d16b25dcca8,2026-09-19T18:34:37+00:00
41,DES-042,25704,SCOPUS_ID:79151483327,10.1007/s10654-010-9521-x,LifeGene - A large prospective population-based study of global relevance,European Journal Of Epidemiology,2011,Other/None,Cohort,Cohort,Cohort,Cohort,Cohort,False,False,False,False,False,Biobank; Cohort study; Epidemiology; Population genetics; Prospective study; Questionnaires,,,True,0.03,False,no,0.0,1.0,1670,50,7.014e-05,267.80200001667254,1,typesafe/jev-1.13-20260917,gen-dec-1789842877-oSKcWuOvbQgsQ0iuEVLL,,1d16b25dcca8,2026-09-19T18:34:37+00:00
42,DES-043,12592,SCOPUS_ID:85122516860,10.1016/j.amepre.2021.11.004,"Appropriateness of Antibiotic Prophylaxis Before Dental Procedures, 2016–2018",American Journal Of Preventive Medicine,2022,Other/None,Cohort,Cohort,Other/None,Cohort,Cohort,False,False,False,False,True,,,,True,0.88,True,yes,0.98,0.97,1717,50,7.2114e-05,263.0714580009226,1,typesafe/jev-1.13-20260917,gen-dec-1789842877-B6gn2TyddG5x642e2m44,,1d16b25dcca8,2026-09-19T18:34:37+00:00
43,DES-044,33810,SCOPUS_ID:85050484953,10.1093/ije/dyx271,NMR metabolomic signatures reveal predictive plasma metabolites associated with long-term risk of developing breast cancer,International Journal Of Epidemiology,2018,Other/None,Case-control,Case-control,Other/None,Case-control,Case-control,False,False,False,False,False,Breast neoplasm; Metabolomics; Nuclear magnetic resonance; Plasma; Prospective study,,,True,0.28,False,no,0.19,0.62,1791,50,7.5222e-05,298.8770410011057,1,typesafe/jev-1.13-20260917,gen-dec-1789842877-h6kuZmy0X9jyGXuVCUtN,,1d16b25dcca8,2026-09-19T18:34:37+00:00
44,DES-045,32036,SCOPUS_ID:0038187649,10.1093/ije/dyg056,"Mortality among pilots and cabin crew in Greece, 1990-1997",International Journal Of Epidemiology,2003,Other/None,Cohort,Cohort,Cohort,Cohort,Cohort,False,False,False,False,False,Airline pilots; Cabin crew; Cohort study; Cosmic radiation; Follow-up study; Mortality; Standardized mortality ratio,,,True,0.03,False,no,0.0,1.0,1779,50,7.4718e-05,337.92758398340084,1,typesafe/jev-1.13-20260917,gen-dec-1789842877-oV6Py1YtmP3HvBHl14Wo,,1d16b25dcca8,2026-09-19T18:34:37+00:00
45,DES-046,12120,SCOPUS_ID:85079077460,10.1016/j.amepre.2019.09.024,Health for Hearts United Longitudinal Trial: Improving Dietary Behaviors in Older African Americans,American Journal Of Preventive Medicine,2020,Other/None,Quasi-experimental,Quasi-experimental,Other/None,Quasi-experimental,Quasi-experimental,False,True,False,True,False,,,,True,0.07,False,no,0.0,0.99,1883,50,7.9086e-05,303.2799999928102,1,typesafe/jev-1.13-20260917,gen-dec-1789842877-4zP3n6d1HYpJMgNVvSGL,,1d16b25dcca8,2026-09-19T18:34:37+00:00
46,DES-047,41584,SCOPUS_ID:36549007719,10.1016/j.ypmed.2007.07.025,R-rated film viewing and adolescent smoking,Preventive Medicine,2007,Other/None,Cross-sectional,Cross-sectional,Other/None,Cross-sectional,Cross-sectional,False,False,False,False,False,Adolescent; Intention; Motion pictures; Smoking,,,True,0.03,False,no,0.0,1.0,1683,50,7.0686e-05,321.62120900466107,1,typesafe/jev-1.13-20260917,gen-dec-1789842877-5xntJt7CkGFC90eBqUOF,,1d16b25dcca8,2026-09-19T18:34:37+00:00
47,DES-048,31882,SCOPUS_ID:0034763698,10.1093/ije/30.suppl_1.s59,Differences in cardiovascular disease mortality and major risk factors between districts in Oslo. An ecological analysis,International Journal Of Epidemiology,2001,Ecological / Time-series,Other/None,Ecological / Time-series,Other/None,Ecological / Time-series,Ecological / Time-series,False,False,False,False,False,Blood pressure; Cardiovascular mortality; Coronary heart disease; Lipids; Risk factors; Smoking; Socioeconomic factors,,,True,0.03,False,no,0.0,1.0,1696,50,7.1232e-05,268.7934160057921,1,typesafe/jev-1.13-20260917,gen-dec-1789842877-QipcdE85xeSHrAf6JluX,,1d16b25dcca8,2026-09-19T18:34:37+00:00
48,DES-049,5503,SCOPUS_ID:84861413864,10.1093/aje/kwr467,"Genetic variants on 15q25.1, smoking, and lung cancer: An assessment of mediation and interaction",American Journal Of Epidemiology,2012,Other/None,Case-control,Case-control,Other/None,Case-control,Case-control,False,False,False,False,False,gene-environment interaction; lung neoplasms; mediation; pathway analysis; smoking,,,True,0.02,False,no,0.0,1.0,1847,50,7.7574e-05,312.3705420002807,1,typesafe/jev-1.13-20260917,gen-dec-1789842877-ujSfTAwC6QLxMvc7t4cI,,1d16b25dcca8,2026-09-19T18:34:37+00:00
49,DES-050,23339,SCOPUS_ID:84992365394,10.1097/ede.0000000000000580,Daylight savings time transitions and the incidence rate of unipolar depressive episodes,Epidemiology,2017,Other/None,Ecological / Time-series,Ecological / Time-series,Other/None,Ecological / Time-series,Ecological / Time-series,False,False,False,False,False,,,,True,0.03,False,no,0.0,1.0,1687,50,7.0854e-05,354.803082998842,1,typesafe/jev-1.13-20260917,gen-dec-1789842877-lrDAX93lVzEZKlfWEwwK,,1d16b25dcca8,2026-09-19T18:34:37+00:00
50,DES-051,3415,SCOPUS_ID:3442877527,10.1093/aje/kwh190,Impact of a financial incentive on case and control participation in a telephone interview,American Journal Of Epidemiology,2004,Other/None,Other/None,Other/None,Case-control,Case-control,Case-control,True,True,False,True,False,Case-control studies; Colorectal neoplasms; Epidemiologic methods,,,True,0.09,False,no,0.01,0.99,1679,50,7.0518e-05,308.70379201951437,1,typesafe/jev-1.13-20260917,gen-dec-1789842877-Jo6zB3NSS7EwgfwBFasG,,1d16b25dcca8,2026-09-19T18:34:37+00:00
51,DES-052,19213,SCOPUS_ID:84943808029,10.2105/ajph.2015.302765,What women want: A qualitative study of contraception in jail,American Journal Of Public Health,2015,Qualitative,Other/None,Qualitative,Other/None,Qualitative,Qualitative,False,False,False,False,True,,,,True,0.94,True,yes,1.0,0.99,1545,50,6.489e-05,260.6348330155015,1,typesafe/jev-1.13-20260917,gen-dec-1789842877-3gU3ik9PnKpWMubY9FTp,,1d16b25dcca8,2026-09-19T18:34:37+00:00
52,DES-053,29781,SCOPUS_ID:85147457833,10.1093/eurpub/ckac133,Women's health in migrant populations: A qualitative study in France,European Journal Of Public Health,2023,Qualitative,Other/None,Qualitative,Other/None,Qualitative,Qualitative,False,False,False,False,True,,,,True,0.85,True,yes,0.98,0.96,1673,50,7.0266e-05,292.3066250223201,1,typesafe/jev-1.13-20260917,gen-dec-1789842877-EcukiYCrT3OBQ9SewjVd,,1d16b25dcca8,2026-09-19T18:34:37+00:00
53,DES-054,23807,SCOPUS_ID:85128245611,10.1097/ede.0000000000001464,"Long-term Exposure to Fine Particulate Matter and Mortality A Longitudinal Cohort Study of 400,459 Adults",Epidemiology,2022,Cohort,Cohort,Cohort,Other/None,Cohort,Cohort,False,False,False,False,False,Adults; Long-term exposure; Mortality; PM air pollution 2.5; Taiwan,,,True,0.05,False,no,0.0,1.0,1744,50,7.3248e-05,261.3588750245981,1,typesafe/jev-1.13-20260917,gen-dec-1789842877-5weFpHKDCQrXFLt8T7qr,,1d16b25dcca8,2026-09-19T18:34:37+00:00
54,DES-055,20081,SCOPUS_ID:85040615105,10.2105/ajph.2017.304108,Effect of the Affordable Care Act on Breastfeeding Outcomes,American Journal Of Public Health,2018,Other/None,Quasi-experimental,Quasi-experimental,Other/None,Quasi-experimental,Quasi-experimental,False,True,False,True,False,,,,True,0.61,True,yes,0.69,0.37,1598,50,6.7116e-05,270.5603750073351,1,typesafe/jev-1.13-20260917,gen-dec-1789842877-EkqfcGy4Cav5cBeWELSu,,1d16b25dcca8,2026-09-19T18:34:37+00:00
55,DES-056,963,SCOPUS_ID:0027993023,10.1093/oxfordjournals.aje.a117296,"Parity, contraception, infertility, and the risk of epithelial ovarian cancer",American Journal Of Epidemiology,1994,Other/None,Case-control,Case-control,Other/None,Case-control,Case-control,False,False,False,False,False,Contraception; Infertility; Ovarian neoplasms; Parity; Pregnancy; Reproduction; Retrospective studies,,,True,0.03,False,no,0.0,1.0,1652,50,6.9384e-05,357.1228329965379,1,typesafe/jev-1.13-20260917,gen-dec-1789842877-8V7pS95OLHemboYN8krB,,1d16b25dcca8,2026-09-19T18:34:38+00:00
56,DES-057,17202,SCOPUS_ID:43049167431,10.2105/ajph.2007.113639,Reduction of state victim compensation disparities in disadvantaged crime victims through active outreach and assistance: A randomized trial,American Journal Of Public Health,2008,Experimental,Experimental,Experimental,Other/None,Experimental,Experimental,False,False,False,False,True,,,,True,0.97,True,yes,1.0,1.0,1570,50,6.594e-05,303.36541699944064,1,typesafe/jev-1.13-20260917,gen-dec-1789842877-DYCOIUtPo0Qvwt1dlzPr,,1d16b25dcca8,2026-09-19T18:34:38+00:00
57,DES-058,27739,SCOPUS_ID:68449090003,10.1093/eurpub/ckp061,"Television exposure is related to fear of avian flu, an Ecological Study across 23 member states of the European Union",European Journal Of Public Health,2009,Ecological / Time-series,Ecological / Time-series,Ecological / Time-series,Ecological / Time-series,Ecological / Time-series,Ecological / Time-series,False,False,False,False,False,Avian influenza (H5N1); Ecological study; Fear; Pandemic; Television exposure,,,True,0.51,True,yes,0.51,0.03,1516,50,6.3672e-05,385.3621669986751,1,typesafe/jev-1.13-20260917,gen-dec-1789842877-Cyybv4Fiy6VUPiz6nIa5,,1d16b25dcca8,2026-09-19T18:34:38+00:00
58,DES-059,22498,SCOPUS_ID:49849100273,10.1097/ede.0b013e3181761fa3,Prepregnant obesity and risks of selected Birth Defects in Offspring,Epidemiology,2008,Other/None,Case-control,Case-control,Other/None,Case-control,Case-control,False,False,False,False,False,,,,True,0.03,False,no,0.0,1.0,1747,50,7.3374e-05,330.3916660079267,1,typesafe/jev-1.13-20260917,gen-dec-1789842877-rrrkFxG3HWui2sn3g3oL,,1d16b25dcca8,2026-09-19T18:34:38+00:00
59,DES-060,37147,SCOPUS_ID:79952334191,10.1136/jech.2009.094847,Deaths in collective dwellings and inequalities in small-area mortality: An ecological study in the Madrid region (Spain),Journal Of Epidemiology And Community Health,2011,Ecological / Time-series,Ecological / Time-series,Ecological / Time-series,Other/None,Ecological / Time-series,Ecological / Time-series,False,False,False,False,True,,,,True,0.85,True,yes,0.97,0.95,1767,50,7.4214e-05,231.76508300821297,1,typesafe/jev-1.13-20260917,gen-dec-1789842877-WsOACk2oomAh8fMQT3Df,,1d16b25dcca8,2026-09-19T18:34:38+00:00
60,DES-061,12640,SCOPUS_ID:85121231252,10.1016/j.amepre.2021.08.030,Access to Contraceptives in School-Based Health Centers: Progress and Opportunities,American Journal Of Preventive Medicine,2022,Other/None,Cross-sectional,Cross-sectional,Other/None,Cross-sectional,Cross-sectional,False,False,False,False,False,,,,True,0.52,True,yes,0.53,0.06,1724,50,7.2408e-05,266.3609579904005,1,typesafe/jev-1.13-20260917,gen-dec-1789842877-8ry6GKs6Kgvjx19sVQKp,,1d16b25dcca8,2026-09-19T18:34:38+00:00
61,DES-062,33615,SCOPUS_ID:85030458185,10.1093/ije/dyx043,Epidemiology of sudden cardiac death in Cameroon: The first population-based cohort survey in sub-Saharan Africa,International Journal Of Epidemiology,2017,Other/None,Other/None,Other/None,Other/None,Other/None,Other/None,False,False,False,False,False,SCD epidemiology; SCD incidence; Sub-Saharan Africa; Sudden cardiac death,,,True,0.54,True,yes,0.56,0.13,1741,50,7.3122e-05,302.0415420178324,1,typesafe/jev-1.13-20260917,gen-dec-1789842878-Hb9R8YwL0uL5s2ZRGLRH,,1d16b25dcca8,2026-09-19T18:34:38+00:00
62,DES-063,17921,SCOPUS_ID:80053003417,10.2105/ajph.2010.197285,"Social support, exposure to violence and transphobia, and correlates of depression among male-to-female transgender women with a history of sex work",American Journal Of Public Health,2011,Other/None,Other/None,Other/None,Other/None,Other/None,Other/None,False,False,False,False,True,,,,True,0.87,True,yes,0.98,0.96,1582,50,6.6444e-05,310.03079199581407,1,typesafe/jev-1.13-20260917,gen-dec-1789842878-U3vUBPmfcASHidfzsqsw,,1d16b25dcca8,2026-09-19T18:34:38+00:00
63,DES-064,43792,SCOPUS_ID:85016251533,10.1016/j.ypmed.2017.03.019,Acculturation and weight change in Asian-American children: Evidence from the ECLS-K:2011,Preventive Medicine,2017,Other/None,Cohort,Cohort,Other/None,Cohort,Cohort,False,False,False,False,True,Acculturation; Asian; Child; Ethnicity; Longitudinal; Overweight and obesity,,,True,0.94,True,yes,1.0,0.99,1756,50,7.3752e-05,296.18450000998564,1,typesafe/jev-1.13-20260917,gen-dec-1789842878-uRIMSrGgfRWFgblSu5Vn,,1d16b25dcca8,2026-09-19T18:34:38+00:00
64,DES-065,39784,SCOPUS_ID:0027997439,10.1006/pmed.1994.1064,Hispanic/white differences in dietary fat intake among low educated adults and children,Preventive Medicine,1994,Other/None,Cross-sectional,Cross-sectional,Other/None,Cross-sectional,Cross-sectional,False,False,False,False,False,,,,True,0.88,True,yes,0.99,0.98,1780,50,7.476e-05,278.8082920014858,1,typesafe/jev-1.13-20260917,gen-dec-1789842878-lMIAXlxaIIZdMl06D5oO,,1d16b25dcca8,2026-09-19T18:34:38+00:00
65,DES-066,14414,SCOPUS_ID:0029120834,10.2105/ajph.85.8_pt_1.1153,Risk factors for homelessness among women with schizophrenia,American Journal Of Public Health,1995,Other/None,Case-control,Case-control,Other/None,Case-control,Case-control,False,False,False,False,False,,,,True,0.02,False,no,0.0,1.0,1491,50,6.2622e-05,377.7546669880394,1,typesafe/jev-1.13-20260917,gen-dec-1789842878-6hn2HLDLjTFMTvMJHZd6,,1d16b25dcca8,2026-09-19T18:34:38+00:00
66,DES-067,19372,SCOPUS_ID:84937397113,10.2105/ajph.2015.302578,Mandated coverage of preventive care and reduction in disparities: Evidence from colorectal cancer screening,American Journal Of Public Health,2015,Other/None,Quasi-experimental,Quasi-experimental,Other/None,Quasi-experimental,Quasi-experimental,False,False,False,False,False,,,,True,0.49,False,no,0.35,0.29,1605,50,6.741e-05,856.0699579829816,1,typesafe/jev-1.13-20260917,gen-dec-1789842878-dVr1ogwh2zFAPDIXMd6y,,1d16b25dcca8,2026-09-19T18:34:39+00:00
67,DES-068,38521,SCOPUS_ID:85102513162,10.1136/jech-2020-215836,Longitudinal effects of perinatal social support on maternal depression: A marginal structural modelling approach,Journal Of Epidemiology And Community Health,2021,Other/None,Other/None,Other/None,Other/None,Other/None,Other/None,False,False,False,False,True,depression; developing country; maternal health; psychosocial factors,,,True,0.9,True,yes,0.99,0.98,1720,50,7.224e-05,258.44574999064207,1,typesafe/jev-1.13-20260917,gen-dec-1789842878-Q2lSWDAqHEoBLoXRH9zS,,1d16b25dcca8,2026-09-19T18:34:38+00:00
68,DES-069,44221,SCOPUS_ID:85071352155,10.1016/j.ypmed.2019.105776,Does the built environment influence the effectiveness of behavioral weight management interventions?,Preventive Medicine,2019,Other/None,Quasi-experimental,Quasi-experimental,Other/None,Quasi-experimental,Quasi-experimental,False,True,False,True,False,Built environment; Fitness facility; Intervention; Neighborhood; Obesity; Park; Walkability; Weight loss,,,True,0.04,False,no,0.0,1.0,1713,50,7.1946e-05,300.59900000924245,1,typesafe/jev-1.13-20260917,gen-dec-1789842878-d4iEUqZ8xhGE45qULbUj,,1d16b25dcca8,2026-09-19T18:34:38+00:00
69,DES-070,25469,SCOPUS_ID:38649097199,10.1007/s10654-007-9216-0,"Prior health care utilization as a potential determinant of enrollment in a 21-year prospective study, the Millennium Cohort Study",European Journal Of Epidemiology,2008,Cohort,Cohort,Cohort,Cohort,Cohort,Cohort,False,False,False,False,False,Cohort studies; Military medicine; Military personnel; Response bias; Veterans,,,True,0.03,False,no,0.0,1.0,1590,50,6.678e-05,416.8205419846345,1,typesafe/jev-1.13-20260917,gen-dec-1789842878-MO2angHGB7scQSObsvWj,,1d16b25dcca8,2026-09-19T18:34:38+00:00
70,DES-071,16370,SCOPUS_ID:2542431296,10.2105/ajph.94.6.1049,What patients expect from complementary therapy: A qualitative study,American Journal Of Public Health,2004,Qualitative,Other/None,Qualitative,Other/None,Qualitative,Qualitative,False,False,False,False,False,,,,True,0.21,False,no,0.13,0.75,1496,50,6.2832e-05,277.125500026159,1,typesafe/jev-1.13-20260917,gen-dec-1789842878-kaLtNVhAnPTyOIsDaVc5,,1d16b25dcca8,2026-09-19T18:34:38+00:00
71,DES-072,1928,SCOPUS_ID:0032527827,10.1093/oxfordjournals.aje.a009618,"Occupational status and cardiovascular disease risk factors in the rapidly developing, high-risk population of Mauritius",American Journal Of Epidemiology,1998,Other/None,Other/None,Other/None,Cross-sectional,Cross-sectional,Cross-sectional,False,False,False,False,False,Cardiovascular diseases; Cross-sectional studies; Occupations; Risk factors; Socioeconomic factors,,,True,0.63,True,yes,0.75,0.5,1713,50,7.1946e-05,296.11450000084005,1,typesafe/jev-1.13-20260917,gen-dec-1789842878-Ta1j90R5J4Tf1NaLcSMx,,1d16b25dcca8,2026-09-19T18:34:38+00:00
72,DES-073,2624,SCOPUS_ID:0035887888,10.1093/aje/154.8.687,Limitations of the case-only design for identifying gene-environment interactions,American Journal Of Epidemiology,2001,Other/None,Case-control,Case-control,Cohort,Case-control,Case-control,True,True,False,True,False,Case-control studies; Cohort studies; Environment; Genes; Genetics,,,True,0.1,False,no,0.05,0.9,1566,50,6.5772e-05,285.8360840182286,1,typesafe/jev-1.13-20260917,gen-dec-1789842878-4VNFyoDVhslnnTcwMJF0,,1d16b25dcca8,2026-09-19T18:34:38+00:00
73,DES-074,22018,SCOPUS_ID:1542682328,10.1097/01.ede.0000086881.84657.98,Sun exposure as a risk factor for nuclear cataract,Epidemiology,2003,Other/None,Case-control,Case-control,Other/None,Case-control,Case-control,False,False,False,False,False,Cataract; Ultraviolet radiation,,,True,0.04,False,no,0.0,1.0,1616,50,6.7872e-05,273.30083298147656,1,typesafe/jev-1.13-20260917,gen-dec-1789842878-o8sTyKeg5ShvYpDQwOAP,,1d16b25dcca8,2026-09-19T18:34:38+00:00
74,DES-075,18674,SCOPUS_ID:84874058630,10.2105/ajph.2012.300917,"Impact evaluation of a public bicycle share program on cycling: A case example of BIXI in Montreal, Quebec",American Journal Of Public Health,2013,Other/None,Quasi-experimental,Quasi-experimental,Other/None,Quasi-experimental,Quasi-experimental,False,True,True,True,False,,,,True,0.12,False,no,0.01,0.98,1617,50,6.7914e-05,754.1474160098005,1,typesafe/jev-1.13-20260917,gen-dec-1789842878-U3IDZiP3TJPCmRsqD9A3,,1d16b25dcca8,2026-09-19T18:34:39+00:00
75,DES-076,3219,SCOPUS_ID:0037675048,10.1093/aje/kwg083,Changes in smoking status affect women more than men: Results of the lung health study,American Journal Of Epidemiology,2003,Other/None,Experimental,Experimental,Experimental,Experimental,Experimental,False,False,False,False,False,"Clinical trials; Lung diseases, obstructive; Sex; Smoking cessation; Spirometry",,,True,0.06,False,no,0.0,0.99,1678,50,7.0476e-05,387.6272090128623,1,typesafe/jev-1.13-20260917,gen-dec-1789842878-seTis9i0JX7CiWhDk5LH,,1d16b25dcca8,2026-09-19T18:34:38+00:00
76,DES-077,24421,SCOPUS_ID:0032774187,10.1023/a:1007581907654,Cigarette smoking and risk of benign proliferative epithelial disorders of the breast,European Journal Of Epidemiology,1999,Other/None,Experimental,Experimental,Other/None,Experimental,Experimental,False,False,False,False,False,Benign breast disease; Breast cancer; Cigarette smoking,,,True,0.02,False,no,0.0,1.0,1702,50,7.1484e-05,323.5482920135837,1,typesafe/jev-1.13-20260917,gen-dec-1789842878-MMcgVISzb1exXOBEcUvL,,1d16b25dcca8,2026-09-19T18:34:38+00:00
77,DES-078,29648,SCOPUS_ID:85180011747,10.1093/eurpub/ckad157,Effective policies to promote sugar reduction in soft drinks: lessons from a comparison of six European countries,European Journal Of Public Health,2023,Other/None,Quasi-experimental,Quasi-experimental,Other/None,Quasi-experimental,Quasi-experimental,False,True,False,True,False,,,,True,0.3,False,no,0.18,0.64,1751,50,7.3542e-05,338.3630829921458,1,typesafe/jev-1.13-20260917,gen-dec-1789842878-loRYoki7BhVzumMTaOLo,,1d16b25dcca8,2026-09-19T18:34:38+00:00
78,DES-079,9824,SCOPUS_ID:77952393513,10.1016/j.amepre.2010.02.008,Chlamydia Screening and Pelvic Inflammatory Disease. Insights from Exploratory Time-Series Analyses,American Journal Of Preventive Medicine,2010,Ecological / Time-series,Ecological / Time-series,Ecological / Time-series,Other/None,Ecological / Time-series,Ecological / Time-series,False,False,False,False,False,,,,True,0.15,False,no,0.04,0.91,1763,50,7.4046e-05,400.73379199020565,1,typesafe/jev-1.13-20260917,gen-dec-1789842878-I63rWrlNcaMumECs7PaL,,1d16b25dcca8,2026-09-19T18:34:39+00:00
79,DES-080,15292,SCOPUS_ID:0031661866,10.2105/ajph.88.10.1503,Misclassification rates for current smokers misclassified as nonsmokers,American Journal Of Public Health,1998,Other/None,Other/None,Other/None,Other/None,Other/None,Other/None,False,False,False,False,False,,,,True,0.17,False,no,0.07,0.86,1616,50,6.7872e-05,442.5852499844041,1,typesafe/jev-1.13-20260917,gen-dec-1789842878-aAsVldVgF4fqtAnz7orY,,1d16b25dcca8,2026-09-19T18:34:39+00:00
80,DES-081,5990,SCOPUS_ID:84900341226,10.1093/aje/kwu031,Self-reported whole-grain intake and plasma alkylresorcinol concentrations in combination in relation to the incidence of colorectal cancer,American Journal Of Epidemiology,2014,Other/None,Case-control,Case-control,Other/None,Case-control,Case-control,False,False,False,False,False,biological markers; cereals; colorectal neoplasms; questionnaire,,,True,0.04,False,no,0.0,1.0,1748,50,7.3416e-05,323.6939590133261,1,typesafe/jev-1.13-20260917,gen-dec-1789842878-lTS6pHsoN6rmBisVy2Nl,,1d16b25dcca8,2026-09-19T18:34:39+00:00
81,DES-082,4994,SCOPUS_ID:77952344839,10.1093/aje/kwq039,Helmet use and risk of neck injury in skiers and snowboarders,American Journal Of Epidemiology,2010,Other/None,Case-control,Case-control,Other/None,Case-control,Case-control,False,False,False,False,False,Head protective devices; Neck; Skiing; Sports; Wounds and injuries,,,True,0.05,False,no,0.0,1.0,1732,50,7.2744e-05,256.6116669913754,1,typesafe/jev-1.13-20260917,gen-dec-1789842878-XgtZNFz5xJoSTOCaZcRA,,1d16b25dcca8,2026-09-19T18:34:39+00:00
82,DES-083,34339,SCOPUS_ID:85144587054,10.1093/ije/dyac093,A secondary data analysis of a cluster randomized controlled trial: improved cookstoves associated with reduction in incidence of low birthweight in rural Malawi,International Journal Of Epidemiology,2022,Experimental,Experimental,Experimental,Other/None,Experimental,Experimental,False,False,False,False,False,birth outcomes; birthweight; cookstove; household pollution; Maternal health; neonatal health,,,True,0.65,True,yes,0.8,0.6,1750,50,7.35e-05,317.728291003732,1,typesafe/jev-1.13-20260917,gen-dec-1789842878-6OQps4gQD5Uv1htNIb1g,,1d16b25dcca8,2026-09-19T18:34:39+00:00
83,DES-084,440,SCOPUS_ID:0026021709,10.1093/oxfordjournals.aje.a115806,Nonresponse and intensity of follow-up in an epidemiologic study of vietnam-era veterans,American Journal Of Epidemiology,1991,Other/None,Other/None,Other/None,Other/None,Other/None,Other/None,True,True,False,True,False,Bias; Epidemiologic methods; Follow-up studies,,,True,0.03,False,no,0.0,1.0,1675,50,7.035e-05,278.3447499969043,1,typesafe/jev-1.13-20260917,gen-dec-1789842879-YNj8wVtMu9ht8Miw4Lpl,,1d16b25dcca8,2026-09-19T18:34:39+00:00
84,DES-085,30607,SCOPUS_ID:0028159236,10.1093/ije/23.5.1082,"The epidemiology of melioidosis in Ubon Ratchatani, Northeast Thailand",International Journal Of Epidemiology,1994,Other/None,Other/None,Other/None,Other/None,Other/None,Other/None,False,False,False,False,False,,,,True,0.12,False,no,0.02,0.96,1829,50,7.6818e-05,344.66487501049414,1,typesafe/jev-1.13-20260917,gen-dec-1789842879-3OanBK4xpjZYgMeWiwum,,1d16b25dcca8,2026-09-19T18:34:39+00:00
85,DES-086,36657,SCOPUS_ID:39649096956,10.1136/jech.2006.051953,Changes in leisure time and occupational physical activity over 8 years: The Cornellà Health Interview Survey Follow-Up Study,Journal Of Epidemiology And Community Health,2008,Cohort,Cohort,Cohort,Other/None,Cohort,Cohort,False,False,False,False,False,,,,True,0.03,False,no,0.0,1.0,1716,50,7.2072e-05,272.98725000582635,1,typesafe/jev-1.13-20260917,gen-dec-1789842879-5YNgKLhVNAtrrGK73jes,,1d16b25dcca8,2026-09-19T18:34:39+00:00
86,DES-087,39935,SCOPUS_ID:0029924164,10.1006/pmed.1996.0038,Two sequential randomized trials of community participation to recruit women for mammographic screening,Preventive Medicine,1996,Experimental,Other/None,Experimental,Other/None,Experimental,Experimental,False,False,False,False,False,,,,True,0.37,False,no,0.28,0.45,1645,50,6.909e-05,350.4106670152396,1,typesafe/jev-1.13-20260917,gen-dec-1789842879-MvhTpb7NU74bhsxOCrcA,,1d16b25dcca8,2026-09-19T18:34:39+00:00
87,DES-088,19351,SCOPUS_ID:84937509189,10.2105/ajph.2014.302504,Addressing health disparities in the mental health of refugee children and adolescents through community-based participatory research: A study in 2 communities,American Journal Of Public Health,2015,Other/None,Qualitative,Qualitative,Other/None,Qualitative,Qualitative,False,False,False,False,False,,,,True,0.69,True,yes,0.84,0.68,1577,50,6.6234e-05,274.24624998820946,1,typesafe/jev-1.13-20260917,gen-dec-1789842879-MdloYNFUmCSBlrpksCa4,,1d16b25dcca8,2026-09-19T18:34:39+00:00
88,DES-089,35560,SCOPUS_ID:0032951069,10.1136/jech.53.5.294,The Health Education Authority's health and lifestyle survey 1993: Who are the low fruit and vegetable consumers?,Journal Of Epidemiology And Community Health,1999,Other/None,Cross-sectional,Cross-sectional,Other/None,Cross-sectional,Cross-sectional,False,False,False,False,False,,,,True,0.77,True,yes,0.89,0.79,1672,50,7.0224e-05,235.8837079955265,1,typesafe/jev-1.13-20260917,gen-dec-1789842879-hIKveuTracmA7CULrxEB,,1d16b25dcca8,2026-09-19T18:34:39+00:00
89,DES-090,1632,SCOPUS_ID:0030872603,10.1093/oxfordjournals.aje.a009263,Risk factors for diarrheal disease incidence in early childhood: A community cohort study from Guinea-Bissau,American Journal Of Epidemiology,1997,Cohort,Other/None,Cohort,Cohort,Cohort,Cohort,False,False,False,False,True,Breast feeding; Cohort studies; Cryptosporidium; Diarrhea; Incidence; Infantile; Preventive health services,,,True,0.95,True,yes,1.0,1.0,1647,50,6.9174e-05,236.12141600460745,1,typesafe/jev-1.13-20260917,gen-dec-1789842879-MY1uuSmiji54ujKECc5V,,1d16b25dcca8,2026-09-19T18:34:39+00:00
90,DES-091,42970,SCOPUS_ID:84904878302,10.1016/j.ypmed.2014.07.004,Church-based social marketing to motivate older adults to take balance classes for fall prevention: Cluster randomized controlled trial,Preventive Medicine,2014,Experimental,Other/None,Experimental,Other/None,Experimental,Experimental,False,False,False,False,False,Accident prevention; Accidental falls; Aged; Exercise; Injuries; Postural balance; Social marketing,,,True,0.11,False,no,0.02,0.96,1721,50,7.2282e-05,248.811041994486,1,typesafe/jev-1.13-20260917,gen-dec-1789842879-aG2mG24tUi2pEC1PENI0,,1d16b25dcca8,2026-09-19T18:34:39+00:00
91,DES-092,36715,SCOPUS_ID:70350212661,10.1136/jech.2008.077016,A qualitative study about immigrant workers' perceptions of their working conditions in Spain,Journal Of Epidemiology And Community Health,2009,Qualitative,Other/None,Qualitative,Other/None,Qualitative,Qualitative,False,False,False,False,True,,,,True,0.97,True,yes,1.0,1.0,1709,50,7.1778e-05,257.8240000002552,1,typesafe/jev-1.13-20260917,gen-dec-1789842879-pHhtvMFaFpOOX9Bdm9Qo,,1d16b25dcca8,2026-09-19T18:34:39+00:00
92,DES-093,45431,SCOPUS_ID:85165290956,10.1016/j.ypmed.2023.107607,Association of cardiovascular health using Life's Essential 8 with noncommunicable disease multimorbidity,Preventive Medicine,2023,Other/None,Cross-sectional,Cross-sectional,Other/None,Cross-sectional,Cross-sectional,False,False,False,False,False,Adults; Cardiovascular health; Life's Essential 8; Multimorbidity; NHANES; Noncommunicable disease,,,True,0.03,False,no,0.0,1.0,1755,50,7.371e-05,1045.2843329985626,1,typesafe/jev-1.13-20260917,gen-dec-1789842880-d252IV21oUPzDn6WUEqi,,1d16b25dcca8,2026-09-19T18:34:40+00:00
93,DES-094,1736,SCOPUS_ID:0031057125,10.1093/oxfordjournals.aje.a009107,Nicotine patches in smoking cessation: A randomized trial among over- the-counter customers in Denmark,American Journal Of Epidemiology,1997,Experimental,Experimental,Experimental,Experimental,Experimental,Experimental,False,False,False,False,False,drug administration routes; drugs; nicotine; non-prescription; placebo effect; randomized controlled trials; smoking cessation,,,True,0.04,False,no,0.0,1.0,1802,50,7.5684e-05,247.88620800245553,1,typesafe/jev-1.13-20260917,gen-dec-1789842879-JaGiT48UNJspQI6vID4l,,1d16b25dcca8,2026-09-19T18:34:39+00:00
94,DES-095,24600,SCOPUS_ID:0033851958,10.1023/a:1007627332215,"Cancer mortality and exposure to chemical carcinogens in the work place: An ecological study in the Valencian Community, Spain (1981-1995)",European Journal Of Epidemiology,2000,Ecological / Time-series,Ecological / Time-series,Ecological / Time-series,Ecological / Time-series,Ecological / Time-series,Ecological / Time-series,False,False,False,False,False,Cancer; Chemical carcinogens; Ecological study; Geographical differences; Job-exposure; Mortality,,,True,0.05,False,no,0.0,1.0,1648,50,6.9216e-05,296.04495799867436,1,typesafe/jev-1.13-20260917,gen-dec-1789842879-x1AEkLO8fxjOg3nZem0p,,1d16b25dcca8,2026-09-19T18:34:39+00:00
95,DES-096,42244,SCOPUS_ID:80955144172,10.1016/j.ypmed.2011.08.019,"""If there wasn't the technology then I would probably be out everyday"": A qualitative study of children's strategies to reduce their screen viewing",Preventive Medicine,2011,Qualitative,Other/None,Qualitative,Qualitative,Qualitative,Qualitative,False,False,False,False,False,Children; Focus groups; Physical activity; Screen-viewing; Sedentary lifestyle,,,True,0.56,True,yes,0.67,0.34,1648,50,6.9216e-05,322.46791702345945,1,typesafe/jev-1.13-20260917,gen-dec-1789842879-AZzNce9HMSz3APFXXHBs,,1d16b25dcca8,2026-09-19T18:34:39+00:00
96,DES-097,38188,SCOPUS_ID:85042849066,10.1136/jech-2017-209847,Do flexible work policies improve parents' health? A natural experiment based on the UK Millennium Cohort Study,Journal Of Epidemiology And Community Health,2018,Quasi-experimental,Quasi-experimental,Quasi-experimental,Cohort,Quasi-experimental,Other/None,False,True,False,True,True,cohort studies; lngitudinal studies; maternal health; policy; workplace,,,True,0.92,True,yes,0.99,0.98,1738,50,7.2996e-05,250.539666012628,1,typesafe/jev-1.13-20260917,gen-dec-1789842879-lRa9jduiqpJYRfCTENd4,,1d16b25dcca8,2026-09-19T18:34:39+00:00
97,DES-098,12067,SCOPUS_ID:85084603369,10.1016/j.amepre.2019.12.024,Impact of the Centers for Disease Control and Prevention Recommendation and State Law on Birth Cohort Hepatitis C Screening of New York City Medicaid Recipients,American Journal Of Preventive Medicine,2020,Cohort,Quasi-experimental,Quasi-experimental,Other/None,Quasi-experimental,Other/None,False,True,False,True,True,,,,True,0.82,True,yes,0.91,0.82,1754,50,7.3668e-05,360.05083299824037,1,typesafe/jev-1.13-20260917,gen-dec-1789842879-3oyzn2z345CDo9one0pb,,1d16b25dcca8,2026-09-19T18:34:39+00:00
98,DES-099,6708,SCOPUS_ID:85054250509,10.1093/aje/kwy113,Which Method of Fall Ascertainment Captures the Most Falls in Prefrail and Frail Seniors?,American Journal Of Epidemiology,2018,Other/None,Experimental,Experimental,Other/None,Experimental,Experimental,False,False,False,False,False,aged; ascertainment methods; diaries; falls; frailty; hotlines; seniors,,,True,0.52,True,yes,0.64,0.28,1711,50,7.1862e-05,256.40562499756925,1,typesafe/jev-1.13-20260917,gen-dec-1789842879-g5QDoL1j9Z3vrXxyyRmv,,1d16b25dcca8,2026-09-19T18:34:39+00:00
99,DES-100,38104,SCOPUS_ID:85052847690,10.1136/jech-2018-210701,Does environment influence childhood BMI? A longitudinal analysis of children aged 3-11,Journal Of Epidemiology And Community Health,2018,Cohort,Cohort,Cohort,Other/None,Cohort,Cohort,False,True,False,True,False,child health; housing; life course / childhood circumstances; longitudinal studies; obesity,,,True,0.05,False,no,0.0,1.0,1694,50,7.1148e-05,294.2332500242628,1,typesafe/jev-1.13-20260917,gen-dec-1789842879-rACmnTCHxhprQzPpQic8,,1d16b25dcca8,2026-09-19T18:34:39+00:00
100,DES-101,6972,SCOPUS_ID:85072687046,10.1093/aje/kwz100,Effect Estimates in Randomized Trials and Observational Studies: Comparing Apples with Apples,American Journal Of Epidemiology,2019,Experimental,Experimental,Experimental,Other/None,Experimental,Experimental,False,False,False,False,False,antiretroviral initiation; causal inference; per-protocol effect; target trial,,,True,0.03,False,no,0.0,1.0,1547,50,6.4974e-05,300.7426659751218,1,typesafe/jev-1.13-20260917,gen-dec-1789842879-krvdBJd7KclYYOLQwqXs,,1d16b25dcca8,2026-09-19T18:34:39+00:00
101,DES-102,18452,SCOPUS_ID:84886400284,10.2105/ajph.2013.301287,Secondhand smoke exposure and smoking behavior among young adult bar patrons,American Journal Of Public Health,2013,Other/None,Cross-sectional,Cross-sectional,Other/None,Cross-sectional,Cross-sectional,False,False,False,False,True,,,,True,0.9,True,yes,0.99,0.98,1616,50,6.7872e-05,321.86316698789597,1,typesafe/jev-1.13-20260917,gen-dec-1789842879-PQliKcfXAyNTI3699Wir,,1d16b25dcca8,2026-09-19T18:34:39+00:00
102,DES-103,28666,SCOPUS_ID:85044336737,10.1093/eurpub/ckx148,Maternal serum bisphenol A levels and risk of pre-eclampsia: A nested case-control study,European Journal Of Public Health,2017,Case-control,Case-control,Case-control,Other/None,Case-control,Case-control,False,False,False,False,False,,,,True,0.03,False,no,0.0,1.0,1837,50,7.7154e-05,261.79787499131635,1,typesafe/jev-1.13-20260917,gen-dec-1789842879-ZzQ8498UQuzh7AcT9m0e,,1d16b25dcca8,2026-09-19T18:34:39+00:00
103,DES-104,29564,SCOPUS_ID:85135501070,10.1093/eurpub/ckac070,"European mature adults and elderly are moving closer to the Mediterranean diet - a longitudinal study, 2013-19",European Journal Of Public Health,2022,Cohort,Cohort,Cohort,Other/None,Cohort,Cohort,False,False,False,False,False,,,,True,0.08,False,no,0.01,0.98,1753,50,7.3626e-05,1290.3506250004284,1,typesafe/jev-1.13-20260917,gen-dec-1789842880-FruYw4vdMZqkno5XeKBA,,1d16b25dcca8,2026-09-19T18:34:40+00:00
104,DES-105,21309,SCOPUS_ID:0028939653,10.1097/00001648-199505000-00008,An analysis of the process of human immunodeficiency virus sexual risk behavior change,Epidemiology,1995,Other/None,Ecological / Time-series,Ecological / Time-series,Cohort,Ecological / Time-series,Ecological / Time-series,False,False,False,False,False,Cohort study; Data collection; Exposure categorization; HIV/AIDS; Markov models; Pattern; Process; Risk behavior,,,True,0.55,True,yes,0.66,0.32,1546,50,6.4932e-05,419.35124999145046,1,typesafe/jev-1.13-20260917,gen-dec-1789842879-a3v6ryJSh2djqRLVLgdT,,1d16b25dcca8,2026-09-19T18:34:40+00:00
105,DES-106,3559,SCOPUS_ID:28944452411,10.1093/aje/kwi342,"Physical activity, obesity, energy intake, and the risk of non-Hodgkin's lymphoma: A population-based case-control study",American Journal Of Epidemiology,2005,Case-control,Case-control,Case-control,Case-control,Case-control,Case-control,False,False,False,False,False,Case-control studies; Energy intake; Exercise; Lymphoma; Non-hodgkin; Obesity; Recreation,,,True,0.04,False,no,0.0,1.0,1797,50,7.5474e-05,447.1155419887509,1,typesafe/jev-1.13-20260917,gen-dec-1789842879-K2jze42Z6mEJ3xKHsHRr,,1d16b25dcca8,2026-09-19T18:34:40+00:00
106,DES-107,3764,SCOPUS_ID:13544249699,10.1093/aje/kwi041,Occupational magnetic fields and female breast cancer: A case-control study using Swedish population registers and new exposure data,American Journal Of Epidemiology,2005,Case-control,Other/None,Case-control,Case-control,Case-control,Case-control,False,False,False,False,False,"Breast neoplasms; Case-control studies; Electromagnetic fields; Female; Receptors, estrogen",,,True,0.03,False,no,0.0,1.0,1615,50,6.783e-05,280.53108300082386,1,typesafe/jev-1.13-20260917,gen-dec-1789842879-9RaEIlsjEc8QaJksS7pS,,1d16b25dcca8,2026-09-19T18:34:40+00:00
107,DES-108,29794,SCOPUS_ID:85205334652,10.1093/eurpub/ckae083,Differences in colorectal cancer awareness between screening eligible vs. ineligible Palestinians: A national cross-sectional study,European Journal Of Public Health,2024,Cross-sectional,Other/None,Cross-sectional,Other/None,Cross-sectional,Cross-sectional,False,False,False,False,False,,,,True,0.04,False,no,0.0,1.0,1814,50,7.6188e-05,345.57858400512487,1,typesafe/jev-1.13-20260917,gen-dec-1789842879-mRrrfQp4x2fxZp8cN83u,,1d16b25dcca8,2026-09-19T18:34:40+00:00
108,DES-109,16809,SCOPUS_ID:31544435452,10.2105/ajph.2004.059840,Relative effectiveness of worker safety and health training methods,American Journal Of Public Health,2006,Other/None,Quasi-experimental,Quasi-experimental,Other/None,Quasi-experimental,Quasi-experimental,False,True,False,True,False,,,,True,0.67,True,yes,0.71,0.43,1567,50,6.5814e-05,295.8227080234792,1,typesafe/jev-1.13-20260917,gen-dec-1789842879-2shM7Kc6USlYdUyhNqd9,,1d16b25dcca8,2026-09-19T18:34:40+00:00
109,DES-110,28795,SCOPUS_ID:85056722999,10.1093/eurpub/cky095,A qualitative study on primary health care responses to intimate partner violence during the economic crisis in Spain,European Journal Of Public Health,2018,Qualitative,Qualitative,Qualitative,Other/None,Qualitative,Qualitative,False,False,False,False,True,,,,True,0.97,True,yes,1.0,1.0,1641,50,6.8922e-05,274.31016697664745,1,typesafe/jev-1.13-20260917,gen-dec-1789842880-CvWDuGfEMy74xv1oQcsR,,1d16b25dcca8,2026-09-19T18:34:40+00:00
110,DES-111,31809,SCOPUS_ID:0035093497,10.1093/ije/30.1.88,Birthweight and behavioural problems in children: A modifiable effect?,International Journal Of Epidemiology,2001,Other/None,Cross-sectional,Cross-sectional,Other/None,Cross-sectional,Cross-sectional,False,False,False,False,False,Behavioural problems; Birthweight; Children; Health inequalities; SDQ; Social environment,,,True,0.05,False,no,0.0,1.0,1801,50,7.5642e-05,409.9235830071848,1,typesafe/jev-1.13-20260917,gen-dec-1789842880-ReUMV6FuwVKBpERvz7mK,,1d16b25dcca8,2026-09-19T18:34:40+00:00
111,DES-112,32918,SCOPUS_ID:79953727246,10.1093/ije/dyp336,An evaluation of the impact of a large reduction in alcohol prices on alcohol-related and all-cause mortality: Time series analysis of a population-based natural experiment,International Journal Of Epidemiology,2011,Quasi-experimental,Ecological / Time-series,Quasi-experimental,Other/None,Quasi-experimental,Other/None,False,True,False,True,False,Alcohol drinking; Alcohol-related disorders; Cardiovascular diseases; Commerce; Economics; Mortality,,,True,0.07,False,no,0.0,1.0,1850,50,7.77e-05,455.7117910007946,1,typesafe/jev-1.13-20260917,gen-dec-1789842880-9L0V64F1S8GKQ4qX58Ou,,1d16b25dcca8,2026-09-19T18:34:40+00:00
112,DES-113,22992,SCOPUS_ID:84894105484,10.1097/ede.0000000000000042,Cause-specific mortality among spouses of parkinson disease patients,Epidemiology,2014,Other/None,Other/None,Other/None,Other/None,Other/None,Other/None,False,False,False,False,False,,,,True,0.03,False,no,0.0,1.0,1768,50,7.4256e-05,315.69204200059175,1,typesafe/jev-1.13-20260917,gen-dec-1789842880-puvuF1UUWxoREW6i43WB,,1d16b25dcca8,2026-09-19T18:34:40+00:00
113,DES-114,16955,SCOPUS_ID:34948844524,10.2105/ajph.2006.090399,The effect of disseminating evidence-based interventions that promote physical activity to health departments,American Journal Of Public Health,2007,Other/None,Quasi-experimental,Quasi-experimental,Other/None,Quasi-experimental,Quasi-experimental,False,True,False,True,True,,,,True,0.57,True,yes,0.7,0.39,1587,50,6.6654e-05,277.22445799736306,1,typesafe/jev-1.13-20260917,gen-dec-1789842880-vdpgVMvp37UxpRquT8yO,,1d16b25dcca8,2026-09-19T18:34:40+00:00
114,DES-115,27305,SCOPUS_ID:3042555349,10.1093/eurpub/14.2.212,Social position and functional decline among non-disabled old men and women,European Journal Of Public Health,2004,Other/None,Other/None,Other/None,Other/None,Other/None,Other/None,False,False,False,False,False,Changes; Disability; Elderly; Material wealth; Social inequalities; Social position,,,True,0.1,False,no,0.02,0.95,1584,50,6.6528e-05,323.5130830144044,1,typesafe/jev-1.13-20260917,gen-dec-1789842880-XXL8D3NTVSn8B1eL9ryG,,1d16b25dcca8,2026-09-19T18:34:40+00:00
115,DES-116,28814,SCOPUS_ID:85059287281,10.1093/eurpub/cky013,Changes in physical and mental health functioning during retirement transition: A register-linkage follow-up study,European Journal Of Public Health,2018,Cohort,Other/None,Cohort,Other/None,Cohort,Cohort,False,False,False,False,False,,,,True,0.61,True,yes,0.71,0.43,1742,50,7.3164e-05,282.5972920109052,1,typesafe/jev-1.13-20260917,gen-dec-1789842880-GWmxaApH8CDnZQRy55Ni,,1d16b25dcca8,2026-09-19T18:34:40+00:00
116,DES-117,25601,SCOPUS_ID:77953232402,10.1007/s10654-010-9431-y,A successful implementation of e-epidemiology: The Danish pregnancy planning study 'Snart-Gravid',European Journal Of Epidemiology,2010,Other/None,Cohort,Cohort,Cohort,Cohort,Cohort,False,False,False,False,False,Cost efficiency; Feasibility; Internet-based recruitment and follow-up; Pregnancy planning study; Prospective cohort,,,True,0.08,False,no,0.01,0.98,1671,50,7.0182e-05,343.5994579922408,1,typesafe/jev-1.13-20260917,gen-dec-1789842880-Nsuc7b7o8eWcTKHFUpxj,,1d16b25dcca8,2026-09-19T18:34:40+00:00
117,DES-118,16508,SCOPUS_ID:24144456535,10.2105/ajph.2004.044743,Prevalence of physical activity among Chinese adults: Results from the International Collaborative Study of Cardiovascular Disease in Asia,American Journal Of Public Health,2005,Other/None,Other/None,Other/None,Other/None,Other/None,Other/None,False,False,False,False,True,,,,True,0.96,True,yes,1.0,1.0,1624,50,6.8208e-05,329.3225829838775,1,typesafe/jev-1.13-20260917,gen-dec-1789842880-xLls8YMmMVxkFS5cVUQU,,1d16b25dcca8,2026-09-19T18:34:40+00:00
118,DES-119,18782,SCOPUS_ID:84907829497,10.2105/ajph.2014.302116,Factors influencing parental involvement among minors seeking an abortion: A qualitative study,American Journal Of Public Health,2014,Qualitative,Other/None,Qualitative,Other/None,Qualitative,Qualitative,False,False,False,False,False,,,,True,0.04,False,no,0.0,1.0,1574,50,6.6108e-05,335.6625000014901,1,typesafe/jev-1.13-20260917,gen-dec-1789842880-bPX9PmEIxuxz2rXGxcqK,,1d16b25dcca8,2026-09-19T18:34:40+00:00
119,DES-120,18298,SCOPUS_ID:84857327491,10.2105/ajph.2011.300470,Sleep disturbance preceding suicide among veterans,American Journal Of Public Health,2012,Other/None,Other/None,Other/None,Other/None,Other/None,Other/None,False,False,False,False,False,,,,True,0.73,True,yes,0.9,0.8,1573,50,6.6066e-05,330.1264170149807,1,typesafe/jev-1.13-20260917,gen-dec-1789842880-T279KgPF2C3seox9qCjM,,1d16b25dcca8,2026-09-19T18:34:40+00:00
120,DES-121,44524,SCOPUS_ID:85087292947,10.1016/j.ypmed.2020.106186,"The impact of the Great Recession on California domestic violence events, and related hospitalizations and emergency service visits",Preventive Medicine,2020,Other/None,Ecological / Time-series,Ecological / Time-series,Other/None,Ecological / Time-series,Ecological / Time-series,False,False,False,False,True,Domestic violence; Hospitalizations; Social determinants,,,True,0.9,True,yes,0.99,0.98,1755,50,7.371e-05,300.8927920018323,1,typesafe/jev-1.13-20260917,gen-dec-1789842880-7B5yIBYsUTTQMySHJg8r,,1d16b25dcca8,2026-09-19T18:34:40+00:00
121,DES-122,19114,SCOPUS_ID:84896533492,10.2105/ajph.2013.301666,Social branding to decrease smoking among young adults in bars,American Journal Of Public Health,2014,Other/None,Cross-sectional,Cross-sectional,Other/None,Cross-sectional,Cross-sectional,False,False,False,False,False,,,,True,0.52,True,yes,0.57,0.15,1688,50,7.0896e-05,263.39424998150207,1,typesafe/jev-1.13-20260917,gen-dec-1789842880-gj7jmJeZBqJaEs941MnG,,1d16b25dcca8,2026-09-19T18:34:40+00:00
122,DES-123,7492,SCOPUS_ID:85139573237,10.1093/aje/kwac123,Lifetime Exposure to Welding Fumes and Risk of Some Rare Cancers,American Journal Of Epidemiology,2022,Other/None,Case-control,Case-control,Other/None,Case-control,Case-control,False,False,False,False,False,biliary tract cancer; bone cancer; male breast cancer; mycosis fungoides; small intestine cancer; thymus cancer; uveal melanoma; welder,,,True,0.04,False,no,0.0,1.0,1704,50,7.1568e-05,331.33270899998024,1,typesafe/jev-1.13-20260917,gen-dec-1789842880-97QaxHk3uHxP175QzujR,,1d16b25dcca8,2026-09-19T18:34:40+00:00
123,DES-124,9110,SCOPUS_ID:22244440177,10.1016/j.amepre.2005.04.004,Screen-viewing behaviors among preschoolers: Parents' perceptions,American Journal Of Preventive Medicine,2005,Other/None,Qualitative,Qualitative,Other/None,Qualitative,Qualitative,False,False,False,False,True,,,,True,0.95,True,yes,1.0,1.0,1651,50,6.9342e-05,344.2734999989625,1,typesafe/jev-1.13-20260917,gen-dec-1789842880-ubniNuqCQvLhksbjkXoC,,1d16b25dcca8,2026-09-19T18:34:41+00:00
124,DES-125,21491,SCOPUS_ID:0343472105,10.1097/00001648-199701000-00003,Individual nonsteroidal antiinflammatory drugs and other risk factors for upper gastrointestinal bleeding and perforation,Epidemiology,1997,Other/None,Case-control,Case-control,Other/None,Case-control,Case-control,False,False,False,False,False,age; corticosteroids; drug interaction; drug utilization; gastrointestinal toxicity; medical record linkage; nonsteroidal antiinflammatory agents,,,True,0.04,False,no,0.0,1.0,1693,50,7.1106e-05,267.84112499444745,1,typesafe/jev-1.13-20260917,gen-dec-1789842880-C6aZdfvVJis8pkBqscOK,,1d16b25dcca8,2026-09-19T18:34:41+00:00
125,DES-126,24890,SCOPUS_ID:0041803237,10.1023/a:1024620617272,Evaluating a campaign to detect early stage breast tumors in the United States,European Journal Of Epidemiology,2003,Other/None,Ecological / Time-series,Ecological / Time-series,Other/None,Ecological / Time-series,Ecological / Time-series,False,False,False,False,False,Breast cancer; Community campaigns; Evaluation,,,True,0.87,True,yes,0.98,0.96,1572,50,6.6024e-05,294.81791699072346,1,typesafe/jev-1.13-20260917,gen-dec-1789842880-8AdC2eXcb96IcpW4idKZ,,1d16b25dcca8,2026-09-19T18:34:41+00:00
126,DES-127,44870,SCOPUS_ID:85104075810,10.1016/j.ypmed.2021.106548,Effect of Washington State and Colorado's cannabis legalization on death by suicides,Preventive Medicine,2021,Other/None,Quasi-experimental,Quasi-experimental,Quasi-experimental,Quasi-experimental,Quasi-experimental,False,True,False,True,False,Death by suicide; Health policy; Quantitative evaluation; Synthetic control modeling,,,True,0.05,False,no,0.0,1.0,1725,50,7.245e-05,318.8484580023214,1,typesafe/jev-1.13-20260917,gen-dec-1789842880-K4ZP7nGMDttsswiS5kgk,,1d16b25dcca8,2026-09-19T18:34:41+00:00
127,DES-128,29207,SCOPUS_ID:85089922239,10.1093/eurpub/ckaa073,Sexual health services in community pharmacy for women on opioid substitution treatment: A qualitative study,European Journal Of Public Health,2020,Qualitative,Other/None,Qualitative,Other/None,Qualitative,Qualitative,False,False,False,False,True,,,,True,0.92,True,yes,1.0,0.99,1639,50,6.8838e-05,391.32245900691487,1,typesafe/jev-1.13-20260917,gen-dec-1789842880-2lLLZfYWC7KhGquZs9im,,1d16b25dcca8,2026-09-19T18:34:41+00:00
128,DES-129,4616,SCOPUS_ID:70349662171,10.1093/aje/kwp217,Air pollution and hospitalization for headache in Chile,American Journal Of Epidemiology,2009,Other/None,Ecological / Time-series,Ecological / Time-series,Other/None,Ecological / Time-series,Ecological / Time-series,False,False,False,False,False,Air pollution; Environment; Headache,,,True,0.51,True,yes,0.57,0.14,1793,50,7.5306e-05,316.29033299395815,1,typesafe/jev-1.13-20260917,gen-dec-1789842880-y9nLOb5gXf9Eh0aVMqhg,,1d16b25dcca8,2026-09-19T18:34:41+00:00
129,DES-130,10310,SCOPUS_ID:83755172598,10.1016/j.amepre.2011.08.028,"Fax referrals, academic detailing, and tobacco quitline use: A randomized trial",American Journal Of Preventive Medicine,2012,Experimental,Other/None,Experimental,Other/None,Experimental,Experimental,False,False,False,False,False,,,,True,0.08,False,no,0.01,0.99,1750,50,7.35e-05,282.07362501416355,1,typesafe/jev-1.13-20260917,gen-dec-1789842880-NPkKNzc3bIwjZfeBFu5Y,,1d16b25dcca8,2026-09-19T18:34:41+00:00
130,DES-131,45198,SCOPUS_ID:85129032728,10.1016/j.ypmed.2022.107065,"Association of prenatal substance use with prenatal and postpartum care: Evidence from the Pregnancy Risk Assessment Monitoring System, 2016–2019",Preventive Medicine,2022,Other/None,Qualitative,Qualitative,Other/None,Qualitative,Qualitative,False,False,False,False,False,Intrapartum care; Postpartum care; Prenatal care; Substance use,,,True,0.75,True,yes,0.89,0.78,1903,50,7.9926e-05,324.1645000234712,1,typesafe/jev-1.13-20260917,gen-dec-1789842881-NHgkDi76iK3dvjoCJ717,,1d16b25dcca8,2026-09-19T18:34:41+00:00
131,DES-132,38857,SCOPUS_ID:85165157871,10.1136/jech-2022-220030,Alcohol use and internal migration in Nepal: A cross-sectional study,Journal Of Epidemiology And Community Health,2023,Cross-sectional,Other/None,Cross-sectional,Other/None,Cross-sectional,Cross-sectional,False,False,False,False,True,ALCOHOLISM; DEMOGRAPHY; HUMAN MIGRATION; MENTAL HEALTH,,,True,0.95,True,yes,1.0,1.0,1736,50,7.2912e-05,427.61033299029805,1,typesafe/jev-1.13-20260917,gen-dec-1789842881-HPLX0gR7fA9xWWy9vRSG,,1d16b25dcca8,2026-09-19T18:34:41+00:00
132,DES-133,45353,SCOPUS_ID:85166925724,10.1016/j.ypmed.2023.107594,"Effective, but underused: lessons learned implementing contingency management in real-world practice settings in the United States",Preventive Medicine,2023,Other/None,Other/None,Other/None,Other/None,Other/None,Other/None,False,False,False,False,True,Addiction technology transfer center; Contingency management; Implementation; Incentives; Lessons; Training,,,True,0.59,True,yes,0.71,0.43,1629,50,6.8418e-05,271.9623330049217,1,typesafe/jev-1.13-20260917,gen-dec-1789842881-73YdN1idz8mQuJOIws9U,,1d16b25dcca8,2026-09-19T18:34:41+00:00
133,DES-134,35231,SCOPUS_ID:18344411203,10.1136/jech.50.suppl_1.s42,Short term respiratory health effects of ambient air pollution: Results of the APHEA project in Paris,Journal Of Epidemiology And Community Health,1996,Other/None,Ecological / Time-series,Ecological / Time-series,Other/None,Ecological / Time-series,Ecological / Time-series,False,False,False,False,False,,,,True,0.75,True,yes,0.9,0.79,1718,50,7.2156e-05,307.68566598999314,1,typesafe/jev-1.13-20260917,gen-dec-1789842881-DB0LFKaAFaaxG6HyHimt,,1d16b25dcca8,2026-09-19T18:34:41+00:00
134,DES-135,30084,SCOPUS_ID:0025231692,10.1093/ije/19.1.42,Menopause-related changes in lipoproteins and some other cardiovascular risk factors,International Journal Of Epidemiology,1990,Other/None,Cross-sectional,Cross-sectional,Other/None,Cross-sectional,Cross-sectional,False,False,False,False,False,,,,True,0.03,False,no,0.0,1.0,1718,50,7.2156e-05,329.53099999576807,1,typesafe/jev-1.13-20260917,gen-dec-1789842881-UgxO7j6IzT9ZXiXYOkrN,,1d16b25dcca8,2026-09-19T18:34:41+00:00
135,DES-136,35957,SCOPUS_ID:0037934010,10.1136/jech.57.10.784,Excess winter mortality in Europe: A cross country analysis identifying key risk factors,Journal Of Epidemiology And Community Health,2003,Other/None,Ecological / Time-series,Ecological / Time-series,Other/None,Ecological / Time-series,Ecological / Time-series,False,False,False,False,True,,,,True,0.95,True,yes,1.0,0.99,1785,50,7.497e-05,287.2720000159461,1,typesafe/jev-1.13-20260917,gen-dec-1789842881-zLB3GO2d35jCI3XWng76,,1d16b25dcca8,2026-09-19T18:34:41+00:00
136,DES-137,7783,SCOPUS_ID:85212332215,10.1093/aje/kwae148,Statistical approaches for the integration of external controls in a cystic fibrosis clinical trial: A simulation and an application,American Journal Of Epidemiology,2024,Experimental,Experimental,Experimental,Other/None,Experimental,Experimental,True,True,False,True,False,bayesian borrowing; causal inference; cystic fibrosis; external controls; historical controls; pulmonary exacerbations,,,True,0.19,False,no,0.06,0.88,1626,50,6.8292e-05,287.7868330106139,1,typesafe/jev-1.13-20260917,gen-dec-1789842881-fZi2AuhC2cbj0uB42JQk,,1d16b25dcca8,2026-09-19T18:34:41+00:00
137,DES-138,6590,SCOPUS_ID:85020380646,10.1093/aje/kww199,Temporal Changes in Mortality Related to Extreme Temperatures for 15 Cities in Northeast Asia: Adaptation to Heat and Maladaptation to Cold,American Journal Of Epidemiology,2017,Other/None,Other/None,Other/None,Other/None,Other/None,Other/None,False,False,False,False,False,adaptation; climate change; heat and cold; temperature-mortality association; temporal change,,,True,0.18,False,no,0.1,0.79,1610,50,6.762e-05,290.2451659901999,1,typesafe/jev-1.13-20260917,gen-dec-1789842881-A6AvyABXHYw5eJWHJH3R,,1d16b25dcca8,2026-09-19T18:34:41+00:00
138,DES-139,3718,SCOPUS_ID:15744397542,10.1093/aje/kwi086,"Effect of sunscreen and clothing on the number of melanocytic nevi in 1,812 German children attending day care",American Journal Of Epidemiology,2005,Other/None,Experimental,Experimental,Other/None,Experimental,Other/None,False,False,False,False,True,Child; Clothing; Health behavior; Melanoma; Nevus; Pigmented; Sunlight; Sunscreening agents,,,True,0.96,True,yes,1.0,1.0,1663,50,6.9846e-05,322.96062499517575,1,typesafe/jev-1.13-20260917,gen-dec-1789842881-wkrfX8OkWJCaw8g7kHKq,,1d16b25dcca8,2026-09-19T18:34:41+00:00
139,DES-140,41699,SCOPUS_ID:33847267289,10.1016/j.ypmed.2006.11.002,Views on smoking cessation methods in ethnic minority communities: A qualitative investigation,Preventive Medicine,2007,Other/None,Qualitative,Qualitative,Other/None,Qualitative,Qualitative,False,False,False,False,True,African Americans; Asian Americans; Native Americans; Race/ethnicity; Smoking cessation,,,True,0.84,True,yes,0.97,0.95,1604,50,6.7368e-05,346.6647499881219,1,typesafe/jev-1.13-20260917,gen-dec-1789842881-QPhTZXoSNIRKM0cstUcy,,1d16b25dcca8,2026-09-19T18:34:41+00:00
140,DES-141,31068,SCOPUS_ID:0029782540,10.1093/ije/25.4.760,Use of psychotropic drugs and risk of myocardial infarction: A case-control study in Finnish farmers,International Journal Of Epidemiology,1996,Case-control,Other/None,Case-control,Experimental,Case-control,Case-control,False,False,False,False,False,Case-control study; Depression; Farmers; Myocardial infarction; Psychotropic drugs,,,True,0.03,False,no,0.0,1.0,1673,50,7.0266e-05,329.28579099825583,1,typesafe/jev-1.13-20260917,gen-dec-1789842881-Z3hRHXsgksAKqsWBLD5q,,1d16b25dcca8,2026-09-19T18:34:41+00:00
141,DES-142,28071,SCOPUS_ID:82155189928,10.1093/eurpub/ckr069,The association between physical activity and perceived environment in German adults,European Journal Of Public Health,2012,Other/None,Cross-sectional,Cross-sectional,Other/None,Cross-sectional,Cross-sectional,False,False,False,False,False,,,,True,0.29,False,no,0.23,0.55,1706,50,7.1652e-05,265.66162501694635,1,typesafe/jev-1.13-20260917,gen-dec-1789842881-uGdTEsSN6YLIYQG9llZu,,1d16b25dcca8,2026-09-19T18:34:41+00:00
142,DES-143,40784,SCOPUS_ID:0038349526,10.1016/s0091-7435(03)00112-9,Family income a strong predictor of coronary heart disease events but not of overall deaths among Turkish adults: A 12-year prospective study,Preventive Medicine,2003,Other/None,Other/None,Other/None,Other/None,Other/None,Other/None,False,False,False,False,False,Coronary heart disease; Family income; Risk factors,,,True,0.1,False,no,0.02,0.97,1807,50,7.5894e-05,317.434124997817,1,typesafe/jev-1.13-20260917,gen-dec-1789842881-xxkTkFJdGHCiRLYL1MFv,,1d16b25dcca8,2026-09-19T18:34:41+00:00
143,DES-144,18086,SCOPUS_ID:78650896830,10.2105/ajph.2009.186890,The inter- and intragenerational impact of gestational diabetes on the epidemic of type 2 diabetes,American Journal Of Public Health,2011,Other/None,Ecological / Time-series,Ecological / Time-series,Other/None,Ecological / Time-series,Ecological / Time-series,True,True,False,True,True,,,,True,0.97,True,yes,1.0,1.0,1643,50,6.9006e-05,396.1381670087576,1,typesafe/jev-1.13-20260917,gen-dec-1789842881-XSTG4UWlj7wT6vxjdArz,,1d16b25dcca8,2026-09-19T18:34:41+00:00
144,DES-145,9835,SCOPUS_ID:77950824907,10.1016/j.amepre.2010.01.028,The U.S.-Mexico Border. A Time-Trend Analysis of Border-Crossing Injuries,American Journal Of Preventive Medicine,2010,Other/None,Ecological / Time-series,Ecological / Time-series,Other/None,Ecological / Time-series,Ecological / Time-series,False,False,False,False,False,,,,True,0.19,False,no,0.1,0.8,1694,50,7.1148e-05,275.6529159960337,1,typesafe/jev-1.13-20260917,gen-dec-1789842881-4n9bNFJTt9RVpK6z3gZx,,1d16b25dcca8,2026-09-19T18:34:41+00:00
145,DES-146,25506,SCOPUS_ID:70349232227,10.1007/s10654-009-9378-z,A conditional synergy index to assess biological interaction,European Journal Of Epidemiology,2009,Other/None,Other/None,Other/None,Other/None,Other/None,Other/None,False,False,False,False,False,Antagonism; AP; Biological interaction; Epistasis; Gene-gene interaction; Penetrance scale; Synergy index,,,True,0.02,False,no,0.0,1.0,1575,50,6.615e-05,328.0674169945996,1,typesafe/jev-1.13-20260917,gen-dec-1789842881-jFsaC9eH9pz2t7uOcJt7,,1d16b25dcca8,2026-09-19T18:34:41+00:00
146,DES-147,22829,SCOPUS_ID:84864866588,10.1097/ede.0b013e31825fb61d,In-utero exposure to dichlorodiphenyltrichloroethane and cognitive development among infants and school-aged children,Epidemiology,2012,Other/None,Cohort,Cohort,Other/None,Cohort,Cohort,False,False,False,False,False,,,,True,0.03,False,no,0.0,1.0,1744,50,7.3248e-05,269.32645798660815,1,typesafe/jev-1.13-20260917,gen-dec-1789842881-ugzcTSg8IvJht2kKj5TE,,1d16b25dcca8,2026-09-19T18:34:41+00:00
147,DES-148,39287,SCOPUS_ID:85133297768,10.1016/s2468-2667(22)00089-5,"Immunisation status of UK-bound refugees between January, 2018, and October, 2019: a retrospective, population-based cross-sectional study",The Lancet Public Health,2022,Cross-sectional,Cross-sectional,Cross-sectional,Other/None,Cross-sectional,Cross-sectional,False,False,False,False,True,,,,True,0.98,True,yes,1.0,1.0,2085,50,8.757e-05,421.1061669921037,1,typesafe/jev-1.13-20260917,gen-dec-1789842881-KF93bskyrvkYRmQ5N5zW,,1d16b25dcca8,2026-09-19T18:34:42+00:00
148,DES-149,31390,SCOPUS_ID:0031912749,10.1093/ije/27.1.10,"Cancer incidence, morbidity and geothermal air pollution in Rotorua, New Zealand",International Journal Of Epidemiology,1998,Other/None,Ecological / Time-series,Ecological / Time-series,Ecological / Time-series,Ecological / Time-series,Ecological / Time-series,False,False,False,False,False,Ecological study; Epidemiology; Geothermal pollution; Hydrogen sulphide; Mercury; New Zealand; Rotorua,,,True,0.05,False,no,0.0,1.0,1670,50,7.014e-05,291.12620899104513,1,typesafe/jev-1.13-20260917,gen-dec-1789842881-brDnCfJWG8Hr0DiKwUtn,,1d16b25dcca8,2026-09-19T18:34:42+00:00
149,DES-150,9774,SCOPUS_ID:78649909542,10.1016/j.amepre.2010.08.015,Employment change for bars and restaurants following a statewide clean indoor air policy,American Journal Of Preventive Medicine,2010,Other/None,Quasi-experimental,Quasi-experimental,Other/None,Quasi-experimental,Other/None,False,True,False,True,False,,,,True,0.05,False,no,0.0,1.0,1654,50,6.9468e-05,277.2610420070123,1,typesafe/jev-1.13-20260917,gen-dec-1789842881-LJBi6wid1R18s1AmR5W8,,1d16b25dcca8,2026-09-19T18:34:42+00:00
150,DES-151,1349,SCOPUS_ID:0028820983,10.1093/oxfordjournals.aje.a117346,Case-control study of caffeinated beverages and preterm delivery,American Journal Of Epidemiology,1995,Case-control,Case-control,Case-control,Other/None,Case-control,Case-control,False,False,False,False,False,"Caffeine; Epidemiology; Infant; Pregnancy; Pregnancy trimester, second; Pregnancy trimester, third; Premature",,,True,0.03,False,no,0.0,1.0,1632,50,6.8544e-05,304.3470420234371,1,typesafe/jev-1.13-20260917,gen-dec-1789842881-kSsHhsJUQxPtNLw554ST,,1d16b25dcca8,2026-09-19T18:34:42+00:00
151,DES-152,12506,SCOPUS_ID:85135684420,10.1016/j.amepre.2022.02.022,"Motivators, Barriers, and Preferences to Engagement With Offered Social Care Assistance Among People With Diabetes: A Mixed Methods Study",American Journal Of Preventive Medicine,2022,Other/None,Qualitative,Qualitative,Other/None,Qualitative,Qualitative,False,False,False,False,True,,,,True,0.76,True,yes,0.91,0.81,1705,50,7.161e-05,257.9647499951534,1,typesafe/jev-1.13-20260917,gen-dec-1789842881-sduZev8jo5jApExb3h0q,,1d16b25dcca8,2026-09-19T18:34:42+00:00
152,DES-153,4689,SCOPUS_ID:67651094135,10.1093/aje/kwp102,Caregiving intensity and change in physical functioning over a 2-Year period: Results of the caregiver-study of osteoporotic fractures,American Journal Of Epidemiology,2009,Other/None,Other/None,Other/None,Other/None,Other/None,Other/None,False,False,False,False,False,Activities of daily living; Caregivers; Disability evaluation,,,True,0.03,False,no,0.0,1.0,1691,50,7.1022e-05,603.4571249911096,1,typesafe/jev-1.13-20260917,gen-dec-1789842881-5ViJhY1b26xl8rrQ3JGT,,1d16b25dcca8,2026-09-19T18:34:42+00:00
153,DES-154,29386,SCOPUS_ID:85112293491,10.1093/eurpub/ckab034,Airborne pollen concentrations and daily mortality from respiratory and cardiovascular causes,European Journal Of Public Health,2021,Other/None,Ecological / Time-series,Ecological / Time-series,Other/None,Ecological / Time-series,Ecological / Time-series,False,False,False,False,False,,,,True,0.42,False,no,0.43,0.13,1546,50,6.4932e-05,313.7696670019068,1,typesafe/jev-1.13-20260917,gen-dec-1789842881-oPWxveyPF9n2PollEgkV,,1d16b25dcca8,2026-09-19T18:34:42+00:00
154,DES-155,31330,SCOPUS_ID:0031691863,10.1093/ije/27.4.667,"Dental amalgam and multiple sclerosis: A case-control study in Montreal, Canada",International Journal Of Epidemiology,1998,Case-control,Case-control,Case-control,Other/None,Case-control,Case-control,False,False,False,False,False,Dental amalgams; Mercury; Multiple sclerosis,,,True,0.03,False,no,0.0,1.0,1617,50,6.7914e-05,277.32408299925737,1,typesafe/jev-1.13-20260917,gen-dec-1789842881-mRul1IB1R6o2j2JNhD14,,1d16b25dcca8,2026-09-19T18:34:42+00:00
155,DES-156,21507,SCOPUS_ID:0031044335,10.1097/00001648-199703000-00007,Association between ambient carbon monoxide levels and hospitalizations for congestive heart failure in the elderly in 10 Canadian cities,Epidemiology,1997,Other/None,Ecological / Time-series,Ecological / Time-series,Other/None,Ecological / Time-series,Ecological / Time-series,False,False,False,False,False,carbon monoxide; congestive heart failure; hospitalizations; nitrogen dioxide; ozone; pollution; sulfur dioxide,,,True,0.02,False,no,0.0,1.0,1612,50,6.7704e-05,370.40099999285303,1,typesafe/jev-1.13-20260917,gen-dec-1789842882-LQ5qlxv2nNKi1CVvlU6O,,1d16b25dcca8,2026-09-19T18:34:42+00:00
156,DES-157,18668,SCOPUS_ID:84874080245,10.2105/ajph.2012.300723,Intimate partner violence and socioeconomic deprivation in England: Findings from a national cross-sectional survey,American Journal Of Public Health,2013,Cross-sectional,Other/None,Cross-sectional,Other/None,Cross-sectional,Cross-sectional,False,False,False,False,True,,,,True,0.97,True,yes,1.0,1.0,1710,50,7.182e-05,290.75037498841994,1,typesafe/jev-1.13-20260917,gen-dec-1789842882-VJOnZpbGMcRzHPCpGTmS,,1d16b25dcca8,2026-09-19T18:34:42+00:00
157,DES-158,33301,SCOPUS_ID:84962772795,10.1093/ije/dyu199,Cohort Profile: Sympathetic activity and Ambulatory Blood Pressure in Africans (SABPA) prospective cohort study,International Journal Of Epidemiology,2015,Cohort,Cohort,Cohort,Other/None,Cohort,Cohort,False,False,False,False,False,,,,True,0.03,False,no,0.0,1.0,1641,50,6.8922e-05,338.04712499841116,1,typesafe/jev-1.13-20260917,gen-dec-1789842882-y3pl6DQ0xkzZpDZ5EUjQ,,1d16b25dcca8,2026-09-19T18:34:42+00:00
158,DES-159,29626,SCOPUS_ID:85123969306,10.1093/eurpub/ckab075,Post-implementation perspectives on smokefree prison policy: a qualitative study with staff and people in custody,European Journal Of Public Health,2022,Qualitative,Other/None,Qualitative,Other/None,Qualitative,Qualitative,False,False,False,False,True,,,,True,0.89,True,yes,0.98,0.96,1693,50,7.1106e-05,240.71445799199864,1,typesafe/jev-1.13-20260917,gen-dec-1789842882-6FGsGs4K7rkaHY6BpSpB,,1d16b25dcca8,2026-09-19T18:34:42+00:00
159,DES-160,9692,SCOPUS_ID:64049103211,10.1016/j.amepre.2009.01.019,The Influence of the National truth<sup>®</sup> Campaign on Smoking Initiation,American Journal Of Preventive Medicine,2009,Other/None,Quasi-experimental,Quasi-experimental,Other/None,Quasi-experimental,Quasi-experimental,False,True,False,True,False,,,,True,0.31,False,no,0.22,0.55,1750,50,7.35e-05,275.65320901339874,1,typesafe/jev-1.13-20260917,gen-dec-1789842882-8CHKgKJaL4RcQXEpweR7,,1d16b25dcca8,2026-09-19T18:34:42+00:00
160,DES-161,23482,SCOPUS_ID:85072790666,10.1097/ede.0000000000001086,Causal effect of sleep duration on body weight in adolescents: A population-based study using a natural experiment,Epidemiology,2019,Quasi-experimental,Quasi-experimental,Quasi-experimental,Quasi-experimental,Quasi-experimental,Quasi-experimental,False,True,False,True,False,Body weight; Causal inference; Instrumental variable; Natural experiment; Overweight and obesity; Sleep,,,True,0.06,False,no,0.0,1.0,1703,50,7.1526e-05,383.5457499953918,1,typesafe/jev-1.13-20260917,gen-dec-1789842882-A1F2hGqUyceUNOaPZTsE,,1d16b25dcca8,2026-09-19T18:34:42+00:00
161,DES-162,12839,SCOPUS_ID:85146478508,10.1016/j.amepre.2022.12.011,A Contactless App-Based Intervention to Improve Health Behaviors in Airline Pilots: A Randomized Trial,American Journal Of Preventive Medicine,2023,Experimental,Experimental,Experimental,Other/None,Experimental,Experimental,False,False,False,False,False,,,,True,0.06,False,no,0.0,1.0,1736,50,7.2912e-05,379.36437502503395,1,typesafe/jev-1.13-20260917,gen-dec-1789842882-kkWukOofFnRzunITpBBX,,1d16b25dcca8,2026-09-19T18:34:42+00:00
162,DES-163,19962,SCOPUS_ID:85056382704,10.2105/ajph.2018.304685,"23-year trends in life expectancy in good and poor physical and cognitive health at age 65 years in the Netherlands, 1993-2016",American Journal Of Public Health,2018,Other/None,Other/None,Other/None,Other/None,Other/None,Other/None,False,False,False,False,False,,,,True,0.03,False,no,0.0,1.0,1643,50,6.9006e-05,306.75600000540726,1,typesafe/jev-1.13-20260917,gen-dec-1789842882-04o7171iXTX1xq4AUJry,,1d16b25dcca8,2026-09-19T18:34:42+00:00
163,DES-164,22505,SCOPUS_ID:37349095958,10.1097/ede.0b013e31815c1da7,Characterizing temperature and mortality in nine California counties,Epidemiology,2008,Other/None,Ecological / Time-series,Ecological / Time-series,Other/None,Ecological / Time-series,Ecological / Time-series,False,False,False,False,False,,,,True,0.04,False,no,0.0,1.0,1714,50,7.1988e-05,315.7941249955911,1,typesafe/jev-1.13-20260917,gen-dec-1789842882-OGJwtzDyf8M3MFDfIOOJ,,1d16b25dcca8,2026-09-19T18:34:42+00:00
164,DES-165,23649,SCOPUS_ID:85078867493,10.1097/ede.0000000000001153,Estimating Causal Effects of Particulate Matter Regulation on Mortality,Epidemiology,2020,Other/None,Quasi-experimental,Quasi-experimental,Quasi-experimental,Quasi-experimental,Quasi-experimental,False,True,False,True,False,Environmental policy; Mortality; Particulate matter; Quasi-experimental studies,,,True,0.24,False,no,0.14,0.72,1712,50,7.1904e-05,325.49770799232647,1,typesafe/jev-1.13-20260917,gen-dec-1789842882-mSlzZI0xzYxzeUTkg95i,,1d16b25dcca8,2026-09-19T18:34:42+00:00
165,DES-166,45511,SCOPUS_ID:85152245502,10.1016/j.ypmed.2023.107500,Patterns of childhood adversity and health outcomes in early adolescence: Results from the Generation XXI cohort,Preventive Medicine,2023,Other/None,Cohort,Cohort,Other/None,Cohort,Cohort,False,False,False,False,True,Childhood adversity; Depressive symptoms; Early adolescence; Health behaviours; Household dysfunction; Violence,,,True,0.97,True,yes,1.0,1.0,1863,50,7.8246e-05,281.34329098975286,1,typesafe/jev-1.13-20260917,gen-dec-1789842882-BOnDP2KWy7ZWFrDEgjVc,,1d16b25dcca8,2026-09-19T18:34:42+00:00
166,DES-167,7831,SCOPUS_ID:85200623313,10.1093/aje/kwae043,Assessment of the impact of Uber system implementation on mortality from traffic injuries in Brazilian capital cities,American Journal Of Epidemiology,2024,Other/None,Quasi-experimental,Quasi-experimental,Ecological / Time-series,Quasi-experimental,Other/None,False,True,False,True,False,mortality; ride-hailing; time-series analysis; traffic injuries; Uber system,,,True,0.05,False,no,0.0,1.0,1614,50,6.7788e-05,400.33158400910906,1,typesafe/jev-1.13-20260917,gen-dec-1789842882-s6Ex0jgmpCKH4w3hUtbm,,1d16b25dcca8,2026-09-19T18:34:42+00:00
167,DES-168,11214,SCOPUS_ID:85030785838,10.1016/j.amepre.2017.08.004,Softening Among U.S. Smokers With Psychological Distress: More Quit Attempts and Lower Consumption as Smoking Drops,American Journal Of Preventive Medicine,2017,Other/None,Ecological / Time-series,Ecological / Time-series,Other/None,Ecological / Time-series,Ecological / Time-series,False,False,False,False,True,,,,True,0.98,True,yes,1.0,1.0,1723,50,7.2366e-05,278.6230419878848,1,typesafe/jev-1.13-20260917,gen-dec-1789842882-bPVIcxs5FY3anIj6SiuW,,1d16b25dcca8,2026-09-19T18:34:42+00:00
168,DES-169,28775,SCOPUS_ID:85026776996,10.1093/eurpub/ckw215,"High prevalence of poor fitness among Danish adults, especially among those with high cardiovascular mortality risk",European Journal Of Public Health,2017,Other/None,Cross-sectional,Cross-sectional,Other/None,Cross-sectional,Cross-sectional,False,False,False,False,True,,,,True,0.95,True,yes,1.0,1.0,1752,50,7.3584e-05,356.5188749926165,1,typesafe/jev-1.13-20260917,gen-dec-1789842882-hFjWYLE4dNzepNdexWrq,,1d16b25dcca8,2026-09-19T18:34:42+00:00
169,DES-170,35776,SCOPUS_ID:0034912443,10.1136/jech.55.8.600,Economic evaluation of a community based exercise programme to prevent falls,Journal Of Epidemiology And Community Health,2001,Other/None,Experimental,Experimental,Other/None,Experimental,Experimental,False,True,True,False,False,,,,True,0.42,False,no,0.27,0.45,1685,50,7.077e-05,388.6694160173647,1,typesafe/jev-1.13-20260917,gen-dec-1789842882-E4FqlqrkATGUVIaYiML7,,1d16b25dcca8,2026-09-19T18:34:42+00:00
170,DES-171,4918,SCOPUS_ID:77957301897,10.1093/aje/kwq198,Treatment effects in the presence of unmeasured confounding: Dealing with observations in the tails of the propensity score distribution-A simulation study,American Journal Of Epidemiology,2010,Other/None,Other/None,Other/None,Cohort,Cohort,Cohort,True,True,False,True,False,bias (epidemiology); causal inference; cohort studies; confounding factors (epidemiology); epidemiologic methods; models; propensity score; research design; statistical,,,True,0.07,False,no,0.01,0.98,1614,50,6.7788e-05,263.3727919892408,1,typesafe/jev-1.13-20260917,gen-dec-1789842882-0hihdcWvLZa12JDsEniD,,1d16b25dcca8,2026-09-19T18:34:42+00:00
171,DES-172,934,SCOPUS_ID:0028584055,10.1093/oxfordjournals.aje.a117180,Male and female factors in fertility,American Journal Of Epidemiology,1994,Other/None,Cohort,Cohort,Other/None,Cohort,Cohort,False,False,False,False,False,Age factors; Educational status; Fertility; Infertility; Reproduction; Smoking; Social class,,,True,0.03,False,no,0.0,1.0,1671,50,7.0182e-05,306.1947499809321,1,typesafe/jev-1.13-20260917,gen-dec-1789842882-i7doJgrXOLzy7asPd1Hg,,1d16b25dcca8,2026-09-19T18:34:42+00:00
172,DES-173,4032,SCOPUS_ID:36249027592,10.1093/aje/kwm205,Predictors of psychostimulant use by long-distance truck drivers,American Journal Of Epidemiology,2007,Other/None,Cross-sectional,Cross-sectional,Other/None,Cross-sectional,Cross-sectional,False,False,False,False,False,Central nervous system stimulants; Fatigue; Motor vehicles; Salaries and fringe benefits; Substance-related disorders,,,True,0.22,False,no,0.13,0.74,1622,50,6.8124e-05,282.7257919998374,1,typesafe/jev-1.13-20260917,gen-dec-1789842882-YgwkabnapCR3w98nwz60,,1d16b25dcca8,2026-09-19T18:34:42+00:00
173,DES-174,25785,SCOPUS_ID:84857993173,10.1007/s10654-011-9636-8,Declining rates of hepatocellular carcinoma in urban Shanghai: Incidence trends in 1976-2005,European Journal Of Epidemiology,2012,Other/None,Cohort,Cohort,Cohort,Cohort,Cohort,False,False,False,False,False,Age-period-cohort analysis; Hepatocellular carcinoma; Incidence; Shanghai; Time Trend,,,True,0.06,False,no,0.0,0.99,1803,50,7.5726e-05,258.1189160118811,1,typesafe/jev-1.13-20260917,gen-dec-1789842882-HOucwVpM5xBnYje1s6rL,,1d16b25dcca8,2026-09-19T18:34:42+00:00
174,DES-175,26937,SCOPUS_ID:0030908756,10.1093/eurpub/7.2.199,"Intravenous drug users and AIDS: Knowledge, attitudes and behaviour in Calabria, Italy",European Journal Of Public Health,1997,Other/None,Cross-sectional,Cross-sectional,Other/None,Cross-sectional,Cross-sectional,False,False,False,False,True,AIDS; Attitudes; Behaviour; Intravenous drug users; Italy; Knowledge,,,True,0.94,True,yes,1.0,1.0,1849,50,7.7658e-05,238.4639160009101,1,typesafe/jev-1.13-20260917,gen-dec-1789842882-1PtvPy22sdBTEXhCohnC,,1d16b25dcca8,2026-09-19T18:34:42+00:00
175,DES-176,41428,SCOPUS_ID:14644388091,10.1016/j.ypmed.2004.09.021,"Focused interviews with Sudanese Americans: Perceptions about diet, nutrition, and cancer",Preventive Medicine,2005,Other/None,Qualitative,Qualitative,Qualitative,Qualitative,Qualitative,False,False,False,False,False,Cancer; Dietary beliefs; Focus group; Food habits; Food practices; Food preparation methods,,,True,0.04,False,no,0.0,1.0,1640,50,6.888e-05,254.93116700090468,1,typesafe/jev-1.13-20260917,gen-dec-1789842882-zluyMc09hMtF7savHIqw,,1d16b25dcca8,2026-09-19T18:34:43+00:00
176,DES-177,37247,SCOPUS_ID:84864023197,10.1136/jech.2010.114595,Increased risk of tuberculosis disease in people with diabetes mellitus: Record-linkage study in a UK population,Journal Of Epidemiology And Community Health,2012,Other/None,Cohort,Cohort,Other/None,Cohort,Cohort,False,False,False,False,True,,,,True,0.49,False,yes,0.52,0.03,1776,50,7.4592e-05,343.86816699407063,1,typesafe/jev-1.13-20260917,gen-dec-1789842882-DxPdHAU0QlrRMCXLhudv,,1d16b25dcca8,2026-09-19T18:34:43+00:00
177,DES-178,43449,SCOPUS_ID:84976567143,10.1016/j.ypmed.2016.05.018,CHILE: Outcomes of a group randomized controlled trial of an intervention to prevent obesity in preschool Hispanic and American Indian children,Preventive Medicine,2016,Experimental,Experimental,Experimental,Other/None,Experimental,Experimental,False,False,False,False,False,American Indian; BMI z-score; Childhood obesity; Hispanic; Intervention; Rural,,,True,0.05,False,no,0.0,1.0,1624,50,6.8208e-05,355.7492080144584,1,typesafe/jev-1.13-20260917,gen-dec-1789842883-UDvPhymZXd0GAzGFXQF8,,1d16b25dcca8,2026-09-19T18:34:43+00:00
178,DES-179,29632,SCOPUS_ID:85123968979,10.1093/eurpub/ckab205,"Parental mental health, socioeconomic position and the risk of asthma in children - a nationwide Danish register study",European Journal Of Public Health,2022,Other/None,Cohort,Cohort,Other/None,Cohort,Cohort,False,False,False,False,False,,,,True,0.03,False,no,0.0,1.0,1695,50,7.119e-05,269.07770900288597,1,typesafe/jev-1.13-20260917,gen-dec-1789842883-FXg13QSnbQgphIsjKnwc,,1d16b25dcca8,2026-09-19T18:34:43+00:00
179,DES-180,22535,SCOPUS_ID:69549138742,10.1097/ede.0b013e3181aa2d96,Thromboembolic diseases in families of women with placental abruption,Epidemiology,2009,Other/None,Case-control,Case-control,Other/None,Case-control,Case-control,False,False,False,False,False,,,,True,0.03,False,no,0.0,1.0,1647,50,6.9174e-05,255.74404100188985,1,typesafe/jev-1.13-20260917,gen-dec-1789842883-WUNME9CVqu2hFw7e4Aeq,,1d16b25dcca8,2026-09-19T18:34:43+00:00
180,DES-181,25974,SCOPUS_ID:84925486260,10.1007/s10654-014-9969-1,Socio-economic status and co-morbidity as risk factors for trauma,European Journal Of Epidemiology,2015,Other/None,Case-control,Case-control,Case-control,Case-control,Case-control,False,False,False,False,False,Case–control; Co-morbidity; Gender; Outcome; Trauma,,,True,0.77,True,yes,0.92,0.83,1660,50,6.972e-05,328.4689590218477,1,typesafe/jev-1.13-20260917,gen-dec-1789842883-23vOYcBfBMKQhPHnceO7,,1d16b25dcca8,2026-09-19T18:34:43+00:00
181,DES-182,40759,SCOPUS_ID:0141737696,10.1016/s0091-7435(03)00145-2,Biological cardiovascular risk factors cluster in Danish children and adolescents: The European youth heart study,Preventive Medicine,2003,Other/None,Cross-sectional,Cross-sectional,Other/None,Cross-sectional,Cross-sectional,False,False,False,False,False,Adolescent; CHD risk factors; Clustering; Fatness; Fitness,,,True,0.06,False,no,0.0,0.99,1681,50,7.0602e-05,280.5112909991294,1,typesafe/jev-1.13-20260917,gen-dec-1789842883-W9XQ01NZ8FT9LiHsgAYq,,1d16b25dcca8,2026-09-19T18:34:43+00:00
182,DES-183,2194,SCOPUS_ID:0033168936,10.1093/oxfordjournals.aje.a009918,Prevalence and determinants of prone sleeping position in infants: Results from two cross-sectional studies on risk factors for SIDS in Germany,American Journal Of Epidemiology,1999,Other/None,Other/None,Other/None,Cross-sectional,Cross-sectional,Cross-sectional,False,False,False,False,True,"Cross-sectional studies; Infant care; Infant, sleeping position; Intervention studies; Prevalence; Risk; Sudden infant death",,,True,0.95,True,yes,1.0,1.0,1650,50,6.93e-05,311.6317079984583,1,typesafe/jev-1.13-20260917,gen-dec-1789842883-E5BvEf7IG2RD33MJG5KR,,1d16b25dcca8,2026-09-19T18:34:43+00:00
183,DES-184,19878,SCOPUS_ID:85020548273,10.2105/ajph.2017.303767,Use of a digital health application for influenza surveillance in China,American Journal Of Public Health,2017,Other/None,Ecological / Time-series,Ecological / Time-series,Other/None,Ecological / Time-series,Ecological / Time-series,False,False,False,False,False,,,,True,0.52,True,yes,0.57,0.15,1593,50,6.6906e-05,259.3034159799572,1,typesafe/jev-1.13-20260917,gen-dec-1789842883-rsZgbTSzgdaA4cAqIGXY,,1d16b25dcca8,2026-09-19T18:34:43+00:00
184,DES-185,2095,SCOPUS_ID:0032753470,10.1093/oxfordjournals.aje.a009927,Mortality in nondemented subjects with cognitive impairment: The influence of health-related factors,American Journal Of Epidemiology,1999,Other/None,Cohort,Cohort,Other/None,Cohort,Cohort,False,False,False,False,False,Aged; Apolipoprotiens E; Chronic disease; Cognition; Comorbidity; Dementia; Frail elderly; Health,,,True,0.03,False,no,0.0,1.0,1684,50,7.0728e-05,255.34950001747347,1,typesafe/jev-1.13-20260917,gen-dec-1789842883-phqtDvk0M7WIfI6yySz4,,1d16b25dcca8,2026-09-19T18:34:43+00:00
185,DES-186,30696,SCOPUS_ID:0028280942,10.1093/ije/23.1.66,A time-series analysis of trends in firearm-related homicide and suicide,International Journal Of Epidemiology,1994,Ecological / Time-series,Ecological / Time-series,Ecological / Time-series,Other/None,Ecological / Time-series,Ecological / Time-series,False,False,False,False,False,,,,True,0.06,False,no,0.0,0.99,1670,50,7.014e-05,348.78458399907686,1,typesafe/jev-1.13-20260917,gen-dec-1789842883-EnGQQkAcJO39aaSfQg5H,,1d16b25dcca8,2026-09-19T18:34:43+00:00
186,DES-187,15047,SCOPUS_ID:2642704215,10.2105/ajph.88.6.924,Injury and anomie: Effects of violence in an inner-city community,American Journal Of Public Health,1998,Other/None,Qualitative,Qualitative,Other/None,Qualitative,Qualitative,False,False,False,False,True,,,,True,0.97,True,yes,1.0,1.0,1559,50,6.5478e-05,265.476041007787,1,typesafe/jev-1.13-20260917,gen-dec-1789842883-yIX21LpMhwKz80UiH2uV,,1d16b25dcca8,2026-09-19T18:34:43+00:00
187,DES-188,36510,SCOPUS_ID:34147198203,10.1136/jech.2006.053538,The effectiveness and cost effectiveness of a national lay-led self care support programme for patients with long-term conditions: A pragmatic randomised controlled trial,Journal Of Epidemiology And Community Health,2007,Experimental,Experimental,Experimental,Other/None,Experimental,Experimental,False,True,True,False,True,,,,True,0.71,True,yes,0.83,0.67,1699,50,7.1358e-05,271.79050000268035,1,typesafe/jev-1.13-20260917,gen-dec-1789842883-CRROYcDQDXQJxBuArp4K,,1d16b25dcca8,2026-09-19T18:34:43+00:00
188,DES-189,26884,SCOPUS_ID:0013506645,10.1093/eurpub/6.1.2,Working in the field: The psychiatric nurse as a 'libero' in the community health services,European Journal Of Public Health,1996,Other/None,Qualitative,Qualitative,Other/None,Qualitative,Qualitative,False,False,False,False,False,Community psychiatric nursing; Existentialism; Hermeneutics; Libero; Phenomenology; Public health,,,True,0.03,False,no,0.0,1.0,1600,50,6.72e-05,341.74329100642353,1,typesafe/jev-1.13-20260917,gen-dec-1789842883-zD0O0Ajai6j7ZQjZAZrT,,1d16b25dcca8,2026-09-19T18:34:43+00:00
189,DES-190,28839,SCOPUS_ID:85055618322,10.1093/eurpub/cky152,The perspectives of politicians on tobacco control in Turkey,European Journal Of Public Health,2018,Other/None,Ecological / Time-series,Ecological / Time-series,Other/None,Ecological / Time-series,Ecological / Time-series,False,True,True,False,True,,,,True,0.95,True,yes,1.0,1.0,1808,50,7.5936e-05,271.75945800263435,1,typesafe/jev-1.13-20260917,gen-dec-1789842883-ozpeVDUjp0zdADpNgQhb,,1d16b25dcca8,2026-09-19T18:34:43+00:00
190,DES-191,43090,SCOPUS_ID:84890138454,10.1016/j.ypmed.2013.10.023,"Personal, social and environmental correlates of physical activity in adults from Curitiba, Brazil",Preventive Medicine,2014,Other/None,Cross-sectional,Cross-sectional,Other/None,Cross-sectional,Cross-sectional,False,False,False,False,False,Adults; Leisure; Moderator; Physical activity; Social-ecological model,,,True,0.83,True,yes,0.96,0.91,1629,50,6.8418e-05,352.298666985007,1,typesafe/jev-1.13-20260917,gen-dec-1789842883-mmXcHg4QadtmmLSyiS98,,1d16b25dcca8,2026-09-19T18:34:43+00:00
191,DES-192,29279,SCOPUS_ID:85084299221,10.1093/eurpub/ckz124,Perceived quality of HIV care and client satisfaction across different service providers in Ukraine,European Journal Of Public Health,2020,Other/None,Cross-sectional,Cross-sectional,Other/None,Cross-sectional,Cross-sectional,False,False,False,False,True,,,,True,0.93,True,yes,0.99,0.99,1792,50,7.5264e-05,302.85970799741335,1,typesafe/jev-1.13-20260917,gen-dec-1789842883-gxNQKrZMwhM6clGjoikB,,1d16b25dcca8,2026-09-19T18:34:43+00:00
192,DES-193,23614,SCOPUS_ID:85085713569,10.1097/ede.0000000000001194,Do Election Laws Restricting Public Road Publicity Reduce Road Traffic Crashes and Their Consequences?,Epidemiology,2020,Other/None,Quasi-experimental,Quasi-experimental,Quasi-experimental,Quasi-experimental,Other/None,False,True,False,True,False,Chile; Difference in Difference; Interrupted Time Series; Traffic Crashes; Traffic Injuries; Visual Pollution,,,True,0.07,False,no,0.0,1.0,1750,50,7.35e-05,289.4610830117017,1,typesafe/jev-1.13-20260917,gen-dec-1789842883-ZweDKFFanG2BaahDtQpM,,1d16b25dcca8,2026-09-19T18:34:43+00:00
193,DES-194,21742,SCOPUS_ID:0033784490,10.1097/00001648-200011000-00015,Do parental factors affect male and female fertility?,Epidemiology,2000,Other/None,Cohort,Cohort,Other/None,Cohort,Cohort,False,False,False,False,False,Fecundity; Fertility; Maternal smoking; Parental age; Parental factors; Time to pregnancy,,,True,0.03,False,no,0.0,1.0,1611,50,6.7662e-05,264.7611669963226,1,typesafe/jev-1.13-20260917,gen-dec-1789842883-h1cB3xLfRgSEXi1Dsmti,,1d16b25dcca8,2026-09-19T18:34:43+00:00
194,DES-195,36073,SCOPUS_ID:4644231980,10.1136/jech.2003.016089,"Malaria, from natural to supernatural: A qualitative study of mothers' reactions to fever (Dienga, Gabon)",Journal Of Epidemiology And Community Health,2004,Qualitative,Qualitative,Qualitative,Other/None,Qualitative,Qualitative,False,False,False,False,False,,,,True,0.23,False,no,0.12,0.77,1669,50,7.0098e-05,258.8699999905657,1,typesafe/jev-1.13-20260917,gen-dec-1789842883-MPGJP2RQmERTFQEDhWE6,,1d16b25dcca8,2026-09-19T18:34:43+00:00
195,DES-196,10159,SCOPUS_ID:84867524282,10.1016/j.amepre.2012.06.025,Active living by design sustainability strategies,American Journal Of Preventive Medicine,2012,Other/None,Qualitative,Qualitative,Other/None,Qualitative,Qualitative,False,False,False,False,False,,,,True,0.14,False,no,0.02,0.95,1677,50,7.0434e-05,305.33324999851175,1,typesafe/jev-1.13-20260917,gen-dec-1789842883-MvBxwrIzxG7nwIS7qJOl,,1d16b25dcca8,2026-09-19T18:34:43+00:00
196,DES-197,17424,SCOPUS_ID:67049110381,10.2105/ajph.2008.140681,Public health responses to the HIV epidemic among black men who have sex with men: A qualitative study of US Health Departments and Communities,American Journal Of Public Health,2009,Qualitative,Other/None,Qualitative,Other/None,Qualitative,Qualitative,False,False,False,False,False,,,,True,0.87,True,yes,0.96,0.92,1497,50,6.2874e-05,330.51437500398606,1,typesafe/jev-1.13-20260917,gen-dec-1789842883-30fQAQG4OGl1ZnO0VNND,,1d16b25dcca8,2026-09-19T18:34:43+00:00
197,DES-198,20891,SCOPUS_ID:85185703642,10.2105/ajph.2023.307518,"1965 US Voting Rights Act Impact on Black and Black Versus White Infant Death Rates in Jim Crow States, 1959–1980 and 2017–2021",American Journal Of Public Health,2024,Other/None,Quasi-experimental,Quasi-experimental,Other/None,Quasi-experimental,Quasi-experimental,False,True,False,True,False,,,,True,0.08,False,no,0.0,0.99,1745,50,7.329e-05,308.202500018524,1,typesafe/jev-1.13-20260917,gen-dec-1789842883-pG9thZlVEawWE1CclIT2,,1d16b25dcca8,2026-09-19T18:34:43+00:00
198,DES-199,43983,SCOPUS_ID:85047638321,10.1016/j.ypmed.2018.05.021,The challenge of HPV vaccination uptake and opportunities for solutions: Lessons learned from Alabama,Preventive Medicine,2018,Other/None,Other/None,Other/None,Qualitative,Qualitative,Qualitative,False,False,False,False,True,Cervical cancer; Cervical cancer prevention; HPV; HPV vaccine; Human papillomavirus; Oropharyngeal cancer; Qualitative research,,,True,0.85,True,yes,0.96,0.91,1651,50,6.9342e-05,297.91033299989067,1,typesafe/jev-1.13-20260917,gen-dec-1789842883-8cfWlkY0uTvkmt6MtwMk,,1d16b25dcca8,2026-09-19T18:34:43+00:00
199,DES-200,19422,SCOPUS_ID:84929346987,10.2105/ajph.2014.302522,"Research done in ""A good way"": The importance of indigenous elder involvement in HIV community-based research",American Journal Of Public Health,2015,Other/None,Qualitative,Qualitative,Other/None,Qualitative,Qualitative,False,False,False,False,False,,,,True,0.21,False,no,0.1,0.8,1584,50,6.6528e-05,248.1809169985354,1,typesafe/jev-1.13-20260917,gen-dec-1789842883-LnWGtOFhngsv5UR0dU61,,1d16b25dcca8,2026-09-19T18:34:43+00:00
200,DES-201,2065,SCOPUS_ID:0031963005,10.1093/oxfordjournals.aje.a009369,Nationwide oral poliovirus vaccination campaign and the incidence of Guillain-Barre syndrome,American Journal Of Epidemiology,1998,Other/None,Ecological / Time-series,Ecological / Time-series,Other/None,Ecological / Time-series,Ecological / Time-series,False,False,False,False,False,"Poliovirus vaccine, oral; Polyradiculoneuritis; Vaccination",,,True,0.04,False,no,0.0,1.0,1603,50,6.7326e-05,325.5255410040263,1,typesafe/jev-1.13-20260917,gen-dec-1789842883-PFYF4og2dRsJLJJkb3an,,1d16b25dcca8,2026-09-19T18:34:44+00:00
201,DES-202,42085,SCOPUS_ID:78649692072,10.1016/j.ypmed.2010.09.015,Public perceptions of cardiovascular risk factors in Croatia: The PERCRO survey,Preventive Medicine,2010,Other/None,Other/None,Other/None,Experimental,Experimental,Experimental,False,False,False,False,True,Coronary heart disease; Exercise; Guidelines; Hypercholesterolemia; Hypertension; Myocardial infarction; Prevention; Risk factors,,,True,0.95,True,yes,1.0,1.0,1654,50,6.9468e-05,270.72266599861905,1,typesafe/jev-1.13-20260917,gen-dec-1789842883-ttzinf4qn2frpkFsiwoe,,1d16b25dcca8,2026-09-19T18:34:44+00:00
202,DES-203,22166,SCOPUS_ID:1542715782,10.1097/01.ede.0000101749.28283.de,Residential exposure to traffic in California and childhood cancer,Epidemiology,2004,Other/None,Other/None,Other/None,Other/None,Other/None,Other/None,False,False,False,False,False,,,,True,0.03,False,no,0.0,1.0,1700,50,7.14e-05,832.9397909983527,1,typesafe/jev-1.13-20260917,gen-dec-1789842884-7Q34vIPS58hmF1HBxOh3,,1d16b25dcca8,2026-09-19T18:34:44+00:00
203,DES-204,25780,SCOPUS_ID:84860281409,10.1007/s10654-012-9653-2,"The aging population in Sweden: Can declining incidence rates in MI, stroke and cancer counterbalance the future demographic challenges?",European Journal Of Epidemiology,2012,Other/None,Other/None,Other/None,Experimental,Experimental,Experimental,False,False,False,False,False,Cancer; Demography; Incidence trends; Myocardial infarction; Projections; Stroke; Sweden,,,True,0.07,False,no,0.0,0.99,1750,50,7.35e-05,305.7109159999527,1,typesafe/jev-1.13-20260917,gen-dec-1789842883-ijscxO13As0ICN9yhtDb,,1d16b25dcca8,2026-09-19T18:34:44+00:00
204,DES-205,24771,SCOPUS_ID:17944379554,10.1023/a:1017580329538,Screening for tuberculosis upon admission to shelters and free-meal services,European Journal Of Epidemiology,2001,Other/None,Other/None,Other/None,Other/None,Other/None,Other/None,False,False,False,False,True,Homeless; Screening; Tuberculosis,,,True,0.96,True,yes,1.0,1.0,1730,50,7.266e-05,264.2153330089059,1,typesafe/jev-1.13-20260917,gen-dec-1789842883-lDoJwaabA43ofJHzRMDN,,1d16b25dcca8,2026-09-19T18:34:44+00:00
205,DES-206,12949,SCOPUS_ID:85198216217,10.1016/j.amepre.2024.06.003,"Arrest History and Health Among U.S. Sexual and Gender Minority Youth, 2022",American Journal Of Preventive Medicine,2024,Other/None,Cross-sectional,Cross-sectional,Other/None,Cross-sectional,Cross-sectional,False,False,False,False,True,,,,True,0.97,True,yes,1.0,1.0,1733,50,7.2786e-05,262.4397909967229,1,typesafe/jev-1.13-20260917,gen-dec-1789842883-dNSJKDZAFjDaFqE6YYQB,,1d16b25dcca8,2026-09-19T18:34:44+00:00
206,DES-207,35444,SCOPUS_ID:0031966687,10.1136/jech.52.4.272,Use of sequential case-control studies to investigate a community salmonella outbreak in Wales,Journal Of Epidemiology And Community Health,1998,Other/None,Case-control,Case-control,Other/None,Case-control,Case-control,False,False,False,False,False,,,,True,0.29,False,no,0.33,0.35,1559,50,6.5478e-05,439.8602500150446,1,typesafe/jev-1.13-20260917,gen-dec-1789842884-RHbRrcybO9mIsKpjeKYK,,1d16b25dcca8,2026-09-19T18:34:44+00:00
207,DES-208,26004,SCOPUS_ID:84937866835,10.1007/s10654-015-0073-y,Breast cancer risk and night shift work in a case–control study in a Spanish population,European Journal Of Epidemiology,2016,Case-control,Case-control,Case-control,Other/None,Case-control,Case-control,False,False,False,False,False,Breast cancer; Circadian disruption; Night shift,,,True,0.03,False,no,0.0,1.0,1699,50,7.1358e-05,426.7769170110114,1,typesafe/jev-1.13-20260917,gen-dec-1789842884-dleiNiNFAokjEOoeVDlE,,1d16b25dcca8,2026-09-19T18:34:44+00:00
208,DES-209,19092,SCOPUS_ID:84898645161,10.2105/ajph.2013.301825,Insurer views on reimbursement of preventive services in the dental setting: Results from a qualitative study,American Journal Of Public Health,2014,Qualitative,Other/None,Qualitative,Other/None,Qualitative,Qualitative,False,False,False,False,True,,,,True,0.88,True,yes,0.98,0.95,1546,50,6.4932e-05,289.65920899645425,1,typesafe/jev-1.13-20260917,gen-dec-1789842884-9kHuxtzGmPuOJF6ob5Kw,,1d16b25dcca8,2026-09-19T18:34:44+00:00
209,DES-210,35807,SCOPUS_ID:0035103167,10.1136/jech.55.4.239,Material deprivation and leading causes of death by gender: Evidence from a nationwide small area study,Journal Of Epidemiology And Community Health,2001,Other/None,Ecological / Time-series,Ecological / Time-series,Other/None,Ecological / Time-series,Ecological / Time-series,False,False,False,False,False,,,,True,0.05,False,no,0.0,1.0,1682,50,7.0644e-05,284.1763330216054,1,typesafe/jev-1.13-20260917,gen-dec-1789842884-P9EqcYeRAMZCJAOOynzz,,1d16b25dcca8,2026-09-19T18:34:44+00:00
210,DES-211,28421,SCOPUS_ID:84904993373,10.1093/eurpub/ckt146,Evaluation of a Swedish version of the Strengthening Families Programme,European Journal Of Public Health,2014,Other/None,Experimental,Experimental,Other/None,Experimental,Experimental,False,False,False,False,False,,,,True,0.04,False,no,0.0,1.0,1705,50,7.161e-05,360.72154200519435,1,typesafe/jev-1.13-20260917,gen-dec-1789842884-fLTvUkQEn8L3qkghOA7H,,1d16b25dcca8,2026-09-19T18:34:44+00:00
211,DES-212,41223,SCOPUS_ID:25844464845,10.1016/j.ypmed.2005.07.003,Perceived risk for developing stroke among older adults,Preventive Medicine,2005,Other/None,Other/None,Other/None,Cross-sectional,Cross-sectional,Cross-sectional,False,False,False,False,True,Awareness; Beliefs; Cerebrovascular disease; Cross-sectional studies; Perceptions; Risk factors; Stroke,,,True,0.93,True,yes,1.0,0.99,1598,50,6.7116e-05,280.0459999998566,1,typesafe/jev-1.13-20260917,gen-dec-1789842884-s8OAKsz7EKxEpIZ9D9HR,,1d16b25dcca8,2026-09-19T18:34:44+00:00
212,DES-213,31364,SCOPUS_ID:2642702548,10.1093/ije/27.2.282,Multivariate time series analysis in nosocomial infection surveillance: A case study,International Journal Of Epidemiology,1998,Ecological / Time-series,Ecological / Time-series,Ecological / Time-series,Ecological / Time-series,Ecological / Time-series,Ecological / Time-series,False,False,False,False,True,ARIMA models; Intervention studies; Nosocomial infection; Quality control; Surveillance; Time series,,,True,0.95,True,yes,1.0,1.0,1699,50,7.1358e-05,290.38858399144374,1,typesafe/jev-1.13-20260917,gen-dec-1789842884-0RmlQtHXXqC9SBpbNFvE,,1d16b25dcca8,2026-09-19T18:34:44+00:00
213,DES-214,37423,SCOPUS_ID:84881253149,10.1136/jech-2012-201919,"The child's body without fluid: Mother's knowledge and practices about hydration and rehydration in Salvador, Bahia, Brazil",Journal Of Epidemiology And Community Health,2013,Other/None,Qualitative,Qualitative,Other/None,Qualitative,Qualitative,False,False,False,False,False,,,,True,0.03,False,no,0.0,1.0,1664,50,6.9888e-05,306.5397499885876,1,typesafe/jev-1.13-20260917,gen-dec-1789842884-0xGtxjUsfV14u8AnOmLE,,1d16b25dcca8,2026-09-19T18:34:44+00:00
214,DES-215,8688,SCOPUS_ID:0034783226,10.1016/s0749-3797(01)00371-3,Impact of multiple injections on immunization rates among vulnerable children,American Journal Of Preventive Medicine,2001,Other/None,Other/None,Other/None,Other/None,Other/None,Other/None,False,False,False,False,False,,,,True,0.58,True,yes,0.57,0.13,1742,50,7.3164e-05,333.3960419986397,1,typesafe/jev-1.13-20260917,gen-dec-1789842884-o4xotS1vVXkNg8aDfwvw,,1d16b25dcca8,2026-09-19T18:34:44+00:00
215,DES-216,32917,SCOPUS_ID:79957602740,10.1093/ije/dyr008,Inequalities in participation in an organized national colorectal cancer screening programme: Results from the first 2.6 million invitations in England,International Journal Of Epidemiology,2011,Other/None,Cross-sectional,Cross-sectional,Other/None,Cross-sectional,Cross-sectional,False,False,False,False,True,Age; Colorectal cancer screening; Ethnicity; Gender; Inequalities; Socioeconomic status,,,True,0.97,True,yes,1.0,1.0,1837,50,7.7154e-05,279.77999998256564,1,typesafe/jev-1.13-20260917,gen-dec-1789842884-OriYcycJhBYLrUGzABog,,1d16b25dcca8,2026-09-19T18:34:44+00:00
216,DES-217,44451,SCOPUS_ID:85093705339,10.1016/j.ypmed.2020.106257,The impact of state policies for school-based BMI/fitness assessments on children's BMI outcomes in rural versus urban schools: Evidence from a natural experiment,Preventive Medicine,2020,Quasi-experimental,Quasi-experimental,Quasi-experimental,Other/None,Quasi-experimental,Quasi-experimental,False,True,False,True,False,BMI; Body mass index; Health and fitness assessments; School BMI; Urban and rural,,,True,0.07,False,no,0.0,0.99,1703,50,7.1526e-05,390.86579202557914,1,typesafe/jev-1.13-20260917,gen-dec-1789842884-8uGnNFHxjIapuom0z97s,,1d16b25dcca8,2026-09-19T18:34:44+00:00
217,DES-218,1036,SCOPUS_ID:0028274665,10.1093/oxfordjournals.aje.a117097,"Occupational exposure to human immunodeficiency virus (HIV)-infected blood in denver, colorado, police officers",American Journal Of Epidemiology,1994,Other/None,Other/None,Other/None,Other/None,Other/None,Other/None,False,False,False,False,True,Blood; HIV; Occupational exposure; Police,,,True,0.82,True,yes,0.94,0.89,1704,50,7.1568e-05,282.3297499853652,1,typesafe/jev-1.13-20260917,gen-dec-1789842884-408x6Auc4gTCeopRw1y7,,1d16b25dcca8,2026-09-19T18:34:44+00:00
218,DES-219,37375,SCOPUS_ID:84885424906,10.1136/jech-2012-202137,Investing in health: Is social housing value for money? A cost-utility analysis,Journal Of Epidemiology And Community Health,2013,Other/None,Quasi-experimental,Quasi-experimental,Other/None,Quasi-experimental,Quasi-experimental,False,True,True,True,True,,,,True,0.49,False,no,0.43,0.13,1695,50,7.119e-05,372.97475000377744,1,typesafe/jev-1.13-20260917,gen-dec-1789842884-4jCWgu02cobVjq4WWdGr,,1d16b25dcca8,2026-09-19T18:34:44+00:00
219,DES-220,45784,SCOPUS_ID:85182002284,10.1016/j.ypmed.2024.107850,Distress about social problems and tobacco and cannabis use outcomes among young adults in Los Angeles County,Preventive Medicine,2024,Other/None,Other/None,Other/None,Other/None,Other/None,Other/None,False,False,False,False,False,Cannabis; Discrimination; Distress; Dual use; E-cigarette; Marijuana; Police brutality; Stress; Tobacco; Violence,,,True,0.04,False,no,0.0,1.0,1765,50,7.413e-05,261.38924999395385,1,typesafe/jev-1.13-20260917,gen-dec-1789842884-s1WGtU2pmmCjLsG2AMtr,,1d16b25dcca8,2026-09-19T18:34:44+00:00
220,DES-221,44866,SCOPUS_ID:85104320939,10.1016/j.ypmed.2021.106553,Smoking behavior in 18–20 year-olds after tobacco 21 policy implementation in California: A difference-in-differences analysis with other states,Preventive Medicine,2021,Quasi-experimental,Quasi-experimental,Quasi-experimental,Other/None,Quasi-experimental,Quasi-experimental,False,True,False,True,False,Tobacco control; Youth,,,True,0.07,False,no,0.0,1.0,1812,50,7.6104e-05,300.4079580132384,1,typesafe/jev-1.13-20260917,gen-dec-1789842884-L1hRBOgmA7TI7Y0tAt9j,,1d16b25dcca8,2026-09-19T18:34:44+00:00
221,DES-222,2319,SCOPUS_ID:0032952372,10.1093/oxfordjournals.aje.a009731,"Time-series analysis of the relation between influenza virus and hospital admissions of the elderly in Ontario, Canada, for pneumonia, chronic lung disease, and congestive heart failure",American Journal Of Epidemiology,1999,Ecological / Time-series,Ecological / Time-series,Ecological / Time-series,Other/None,Ecological / Time-series,Ecological / Time-series,False,False,False,False,False,"Geriatrics; Heart failure, congestive; Hospital records; Influenza; Lung diseases, obstructive; Pneumonia; Time",,,True,0.15,False,no,0.06,0.88,1596,50,6.7032e-05,251.7612920200918,1,typesafe/jev-1.13-20260917,gen-dec-1789842884-i4XUjCPeFEzzD5EfEZtQ,,1d16b25dcca8,2026-09-19T18:34:44+00:00
222,DES-223,35229,SCOPUS_ID:0028681660,10.1136/jech.49.4.401,Tropospheric ozone: Respiratory effects and Australian air quality goals,Journal Of Epidemiology And Community Health,1995,Other/None,Other/None,Other/None,Other/None,Other/None,Other/None,False,False,False,False,True,,,,True,0.99,True,yes,1.0,1.0,1760,50,7.392e-05,285.9574999893084,1,typesafe/jev-1.13-20260917,gen-dec-1789842884-2ZGQThquQWuunyDHfQgf,,1d16b25dcca8,2026-09-19T18:34:44+00:00
223,DES-224,31638,SCOPUS_ID:0034035717,10.1093/ije/29.2.248,Nicotine dependence and its familial aggregation in Chinese,International Journal Of Epidemiology,2000,Other/None,Cross-sectional,Cross-sectional,Other/None,Cross-sectional,Cross-sectional,False,False,False,False,False,Familial aggregation; Nicotine dependence; Recurrent risk; Regression model; Smoking,,,True,0.03,False,no,0.0,1.0,1751,50,7.3542e-05,307.71504098083824,1,typesafe/jev-1.13-20260917,gen-dec-1789842884-ms4oBTtP9BsSJ6OxzD7h,,1d16b25dcca8,2026-09-19T18:34:45+00:00
224,DES-225,40843,SCOPUS_ID:12244273691,10.1016/s0091-7435(02)00014-2,The public health burden of material deprivation: Excess mortality in leading causes of death in Spain,Preventive Medicine,2003,Other/None,Ecological / Time-series,Ecological / Time-series,Other/None,Ecological / Time-series,Ecological / Time-series,False,False,False,False,True,Cause-specific mortality; Health policies; Material deprivation; Small areas,,,True,0.98,True,yes,1.0,1.0,1618,50,6.7956e-05,313.49920900538564,1,typesafe/jev-1.13-20260917,gen-dec-1789842884-g3Za0WWon3S4QZsgvHTf,,1d16b25dcca8,2026-09-19T18:34:45+00:00
225,DES-226,38644,SCOPUS_ID:85097870561,10.1136/jech-2020-215002,"Temperature and cardiovascular mortality in Rio de Janeiro, Brazil: Effect modification by individual-level and neighbourhood-level factors",Journal Of Epidemiology And Community Health,2021,Other/None,Other/None,Other/None,Ecological / Time-series,Ecological / Time-series,Ecological / Time-series,False,False,False,False,True,Cardiovascular disease; Mortality; Neighborhood/place; Temperature; Time-series,,,True,0.92,True,yes,0.99,0.99,1681,50,7.0602e-05,365.8617910114117,1,typesafe/jev-1.13-20260917,gen-dec-1789842884-qKopp2CzhmYQ3izIdlMg,,1d16b25dcca8,2026-09-19T18:34:45+00:00
226,DES-227,38275,SCOPUS_ID:85068355867,10.1136/jech-2018-211936,"Monitoring epidemiological trends in back to school asthma among preschool and school-aged children using real-time syndromic surveillance in England, 2012-2016",Journal Of Epidemiology And Community Health,2019,Other/None,Ecological / Time-series,Ecological / Time-series,Other/None,Ecological / Time-series,Ecological / Time-series,False,False,False,False,True,asthma; asthma exacerbation; children; emergency department; general practitioner; school; surveillance,,,True,0.69,True,yes,0.86,0.72,1652,50,6.9384e-05,326.26362500013784,1,typesafe/jev-1.13-20260917,gen-dec-1789842884-Tn0AHUg6DPpWmp2mF0MX,,1d16b25dcca8,2026-09-19T18:34:45+00:00
227,DES-228,23994,SCOPUS_ID:85190844068,10.1097/ede.0000000000001728,"Long-term Impact of Tropical Cyclones on Disease Exacerbation among Children with Asthma in the Eastern United States, 2000-2018",Epidemiology,2024,Other/None,Quasi-experimental,Quasi-experimental,Other/None,Quasi-experimental,Quasi-experimental,False,True,False,True,False,Asthma; Child; Cyclonic storms; United States,,,True,0.03,False,no,0.0,1.0,1732,50,7.2744e-05,358.40712499339134,1,typesafe/jev-1.13-20260917,gen-dec-1789842884-PV7zXgy7NxY7LA9U13xi,,1d16b25dcca8,2026-09-19T18:34:45+00:00
228,DES-229,22127,SCOPUS_ID:4344714811,10.1097/01.ede.0000129518.99816.e1,Case-control studies of the efficacy of cancer screening: Overcoming bias from nonrandom patterns of screening,Epidemiology,2004,Other/None,Case-control,Case-control,Other/None,Case-control,Case-control,False,False,False,False,False,,,,True,0.03,False,no,0.0,1.0,1514,50,6.3588e-05,293.1691249832511,1,typesafe/jev-1.13-20260917,gen-dec-1789842884-CufFTIXTKQwuxphIta3J,,1d16b25dcca8,2026-09-19T18:34:45+00:00
229,DES-230,1063,SCOPUS_ID:0028268493,10.1093/oxfordjournals.aje.a117052,"Salivary cotinine, frequency of cigarette smoking, and body mass index: Findings at baseline in the lung health study",American Journal Of Epidemiology,1994,Other/None,Experimental,Experimental,Other/None,Experimental,Experimental,False,False,False,False,False,Body weight; Cotinine; Smoking,,,True,0.03,False,no,0.0,1.0,1555,50,6.531e-05,291.16854100720957,1,typesafe/jev-1.13-20260917,gen-dec-1789842884-tMS8jzh8XDoGnSNe3teH,,1d16b25dcca8,2026-09-19T18:34:45+00:00
230,DES-231,45720,SCOPUS_ID:85190277395,10.1016/j.ypmed.2024.107954,"Would banning menthol cigarettes, flavored cigars, and flavored e-cigarettes prompt users to seek illicit channels for obtaining them in the United States?",Preventive Medicine,2024,Other/None,Cross-sectional,Cross-sectional,Other/None,Cross-sectional,Cross-sectional,False,False,False,False,True,Flavor ban; Flavored cigars; Flavored e-cigarettes; Illicit channels; Illicit market; Menthol cigarettes,,,True,0.83,True,yes,0.93,0.86,1667,50,7.0014e-05,277.4226249894127,1,typesafe/jev-1.13-20260917,gen-dec-1789842885-XFXf7Qo5ag6zmEuJB4Y0,,1d16b25dcca8,2026-09-19T18:34:45+00:00
231,DES-232,27567,SCOPUS_ID:34047227884,10.1093/eurpub/ckl119,Are manual workers at higher risk of death than non-manual employees when living in Swedish municipalities with higher income inequality?,European Journal Of Public Health,2007,Other/None,Other/None,Other/None,Experimental,Experimental,Experimental,False,False,False,False,False,Attempted suicide; Income inequality; Myocardial infarction; Socio-economic position; Sweden,,,True,0.05,False,no,0.0,1.0,1766,50,7.4172e-05,255.3179170063231,1,typesafe/jev-1.13-20260917,gen-dec-1789842885-jptANtY0qh55ogl39v9T,,1d16b25dcca8,2026-09-19T18:34:45+00:00
232,DES-233,35441,SCOPUS_ID:0031973323,10.1136/jech.52.1.59,"Effect of varying the time frame for COOP-WONCA functional health status charts: A nested randomised controlled trial in Bristol, UK",Journal Of Epidemiology And Community Health,1998,Experimental,Experimental,Experimental,Other/None,Experimental,Experimental,False,False,False,False,False,,,,True,0.77,True,yes,0.94,0.88,1778,50,7.4676e-05,311.84725000639446,1,typesafe/jev-1.13-20260917,gen-dec-1789842885-8NN2hKsHHKHTPEKh3OY5,,1d16b25dcca8,2026-09-19T18:34:45+00:00
233,DES-234,21394,SCOPUS_ID:0029962275,10.1097/00001648-199605000-00005,Job stress and preeclampsia,Epidemiology,1996,Other/None,Case-control,Case-control,Case-control,Case-control,Case-control,False,False,False,False,False,case-control study; job; occupation; preeclampsia; strain; stress,,,True,0.03,False,no,0.0,1.0,1701,50,7.1442e-05,311.47654200321995,1,typesafe/jev-1.13-20260917,gen-dec-1789842885-SkgIHAsRske1svcCfex6,,1d16b25dcca8,2026-09-19T18:34:45+00:00
234,DES-235,28178,SCOPUS_ID:84881286025,10.1093/eurpub/ckt008,Access points to the different levels of health care and demographic predictors in a country without a gatekeeping system. Results of a cross-sectional study from Austria,European Journal Of Public Health,2013,Cross-sectional,Other/None,Cross-sectional,Other/None,Cross-sectional,Cross-sectional,False,False,False,False,True,,,,True,0.92,True,yes,1.0,0.99,1692,50,7.1064e-05,291.79358400870115,1,typesafe/jev-1.13-20260917,gen-dec-1789842885-wJolhvx6zCavpAL1oz7s,,1d16b25dcca8,2026-09-19T18:34:45+00:00
235,DES-236,12815,SCOPUS_ID:85150030965,10.1016/j.amepre.2023.02.001,Time-Varying Food Retail and Incident Disease in the Cardiovascular Health Study,American Journal Of Preventive Medicine,2023,Other/None,Quasi-experimental,Quasi-experimental,Other/None,Quasi-experimental,Other/None,False,True,False,True,False,,,,True,0.54,True,yes,0.58,0.16,1739,50,7.3038e-05,251.63149999571033,1,typesafe/jev-1.13-20260917,gen-dec-1789842885-lsxXDyxlkQ88K50DPkrG,,1d16b25dcca8,2026-09-19T18:34:45+00:00
236,DES-237,40880,SCOPUS_ID:0345283025,10.1016/j.ypmed.2003.09.015,A randomized trial of a family-based smoking prevention intervention in managed care,Preventive Medicine,2003,Experimental,Experimental,Experimental,Other/None,Experimental,Experimental,False,False,False,False,False,Family; Managed care; Tobacco prevention; Youth,,,True,0.51,True,yes,0.56,0.12,1681,50,7.0602e-05,232.81395799131133,1,typesafe/jev-1.13-20260917,gen-dec-1789842885-QKxoeed1kldssDLvue8h,,1d16b25dcca8,2026-09-19T18:34:45+00:00
237,DES-238,45273,SCOPUS_ID:85121848541,10.1016/j.ypmed.2021.106915,"The association between fast-food outlet proximity and density and Body Mass Index: Findings from 147,027 Lifelines Cohort Study participants",Preventive Medicine,2022,Cohort,Quasi-experimental,Quasi-experimental,Other/None,Quasi-experimental,Other/None,False,True,False,True,False,Body Mass Index; Body Weight; Built environment; Fast foods,,,True,0.04,False,no,0.0,1.0,1869,50,7.8498e-05,447.42174999555573,1,typesafe/jev-1.13-20260917,gen-dec-1789842885-6NRVOjCwEyuw9GT173qk,,1d16b25dcca8,2026-09-19T18:34:45+00:00
238,DES-239,44996,SCOPUS_ID:85097799481,10.1016/j.ypmed.2020.106316,"Effects of e-cigarette use on cigarette smoking among U.S. youth, 2004–2018",Preventive Medicine,2021,Other/None,Quasi-experimental,Quasi-experimental,Other/None,Quasi-experimental,Other/None,False,True,False,True,False,Adolescent; Cigarette smoking; E-cigarettes; Tobacco use,,,True,0.04,False,no,0.0,1.0,1812,50,7.6104e-05,299.2692919797264,1,typesafe/jev-1.13-20260917,gen-dec-1789842885-ckuLLUu6HFryJJnzGJI6,,1d16b25dcca8,2026-09-19T18:34:45+00:00
239,DES-240,20170,SCOPUS_ID:85070646385,10.2105/ajph.2019.305168,"Effect of the Affordable Care Act’s medicaid expansions on food security, 2010–2016",American Journal Of Public Health,2019,Other/None,Quasi-experimental,Quasi-experimental,Other/None,Quasi-experimental,Quasi-experimental,False,False,False,False,False,,,,True,0.89,True,yes,0.97,0.94,1639,50,6.8838e-05,356.1929170100484,1,typesafe/jev-1.13-20260917,gen-dec-1789842885-QXdAJFsSrrkOFJosaXC4,,1d16b25dcca8,2026-09-19T18:34:45+00:00
240,DES-241,23630,SCOPUS_ID:85083041258,10.1097/ede.0000000000001161,A Graphical Catalog of Threats to Validity: Linking Social Science with Epidemiology,Epidemiology,2020,Other/None,Other/None,Other/None,Quasi-experimental,Quasi-experimental,Quasi-experimental,True,True,False,True,False,Causal inference; Directed acyclic graph; Epidemiologic methods; Quasi-experimental designs; The Campbell tradition; Threats to validity,,,True,0.03,False,no,0.0,1.0,1598,50,6.7116e-05,257.5514999916777,1,typesafe/jev-1.13-20260917,gen-dec-1789842885-pNloOxxjY8ZQDTbV4Je6,,1d16b25dcca8,2026-09-19T18:34:45+00:00
241,DES-242,40704,SCOPUS_ID:0036353591,10.1006/pmed.2001.0970,"The population consumption model, alcohol control practices, and alcohol-related traffic fatalities",Preventive Medicine,2002,Other/None,Cross-sectional,Cross-sectional,Other/None,Cross-sectional,Cross-sectional,False,False,False,False,True,Alcohol accessibility; Alcohol policy; Traffic fatalities,,,True,0.98,True,yes,1.0,1.0,1655,50,6.951e-05,302.635083993664,1,typesafe/jev-1.13-20260917,gen-dec-1789842885-tlGIRJLZQIXlTXFSOajB,,1d16b25dcca8,2026-09-19T18:34:45+00:00
242,DES-243,10984,SCOPUS_ID:84994161556,10.1016/j.amepre.2016.05.008,School Obesity Prevention Policies and Practices in Minnesota and Student Outcomes: A Longitudinal Cohort Study,American Journal Of Preventive Medicine,2016,Cohort,Cohort,Cohort,Other/None,Cohort,Cohort,False,True,True,False,False,,,,True,0.16,False,no,0.07,0.86,1674,50,7.0308e-05,277.3757080140058,1,typesafe/jev-1.13-20260917,gen-dec-1789842885-qynRpfFqBDngMYSE8wlX,,1d16b25dcca8,2026-09-19T18:34:45+00:00
243,DES-244,28372,SCOPUS_ID:84922474802,10.1093/eurpub/cku043,Public health in the 21st century: Working differently means leading and learning differently,European Journal Of Public Health,2014,Other/None,Qualitative,Qualitative,Other/None,Qualitative,Qualitative,False,False,False,False,True,,,,True,0.71,True,yes,0.82,0.65,1643,50,6.9006e-05,286.31341698928736,1,typesafe/jev-1.13-20260917,gen-dec-1789842885-LBLZdYgCvMwuEtp1Ct7k,,1d16b25dcca8,2026-09-19T18:34:45+00:00
244,DES-245,21645,SCOPUS_ID:0033025118,10.1097/00001648-199907000-00018,Hormone replacement therapy and colon cancer among members of a health maintenance organization,Epidemiology,1999,Other/None,Case-control,Case-control,Other/None,Case-control,Case-control,False,False,False,False,False,Colon cancer; Colorectal neoplasms; Estrogen replacement therapy; Hormone replacement therapy; Menopause,,,True,0.03,False,no,0.0,1.0,1719,50,7.2198e-05,294.0874170162715,1,typesafe/jev-1.13-20260917,gen-dec-1789842885-Zn6zmmnHvDlTYdfIbALw,,1d16b25dcca8,2026-09-19T18:34:45+00:00
245,DES-246,33857,SCOPUS_ID:85077222152,10.1093/ije/dyz157,"Assessing longer-term effectiveness of a combined household-level piped water and sanitation intervention on child diarrhoea, acute respiratory infection, soil-transmitted helminth infection and nutritional status: A matched cohort study in rural Odisha, India",International Journal Of Epidemiology,2019,Cohort,Cohort,Cohort,Other/None,Cohort,Cohort,False,False,False,False,False,diarrhoea; on-premise piped water; Sanitation; soil-transmitted helminth infection; stunting,,,True,0.06,False,no,0.0,1.0,1800,50,7.56e-05,343.039833009243,1,typesafe/jev-1.13-20260917,gen-dec-1789842885-txplRl8oNPBjNIE8HxEf,,1d16b25dcca8,2026-09-19T18:34:45+00:00
246,DES-247,12041,SCOPUS_ID:85084750443,10.1016/j.amepre.2020.02.022,Rhode Island Human Papillomavirus Vaccine School Entry Requirement Using Provider-Verified Report,American Journal Of Preventive Medicine,2020,Other/None,Quasi-experimental,Quasi-experimental,Other/None,Quasi-experimental,Other/None,False,True,False,True,True,,,,True,0.92,True,yes,0.99,0.98,1729,50,7.2618e-05,275.6720839824993,1,typesafe/jev-1.13-20260917,gen-dec-1789842885-HhliWW7XPSaIb8hA0Cjq,,1d16b25dcca8,2026-09-19T18:34:45+00:00
247,DES-248,18314,SCOPUS_ID:84857271411,10.2105/ajph.2011.300484,Suicide incidence and risk factors in an active duty US military population,American Journal Of Public Health,2012,Other/None,Cross-sectional,Cross-sectional,Other/None,Cross-sectional,Cross-sectional,False,False,False,False,False,,,,True,0.19,False,no,0.12,0.75,1605,50,6.741e-05,322.8120840212796,1,typesafe/jev-1.13-20260917,gen-dec-1789842885-uxbS2gOe0qIWfThyPRMw,,1d16b25dcca8,2026-09-19T18:34:45+00:00
248,DES-249,30090,SCOPUS_ID:0025113261,10.1093/ije/19.supplement_1.s32,Protective dietary factors and lung cancer,International Journal Of Epidemiology,1990,Other/None,Experimental,Experimental,Other/None,Experimental,Experimental,False,False,False,False,False,,,,True,0.05,False,no,0.0,1.0,1747,50,7.3374e-05,290.6283749907743,1,typesafe/jev-1.13-20260917,gen-dec-1789842885-SDjv9gD0xAhSP0otqk0k,,1d16b25dcca8,2026-09-19T18:34:45+00:00
249,DES-250,40368,SCOPUS_ID:0034025282,10.1006/pmed.2000.0658,Health-promoting behaviors among adults with type 2 diabetes: Findings from the health and retirement study,Preventive Medicine,2000,Other/None,Other/None,Other/None,Other/None,Other/None,Other/None,False,False,False,False,False,Diabetes; Diet; Exercise; Weight loss,,,True,0.58,True,yes,0.62,0.24,1635,50,6.867e-05,283.71995899942704,1,typesafe/jev-1.13-20260917,gen-dec-1789842885-yfDOnKNVVgPTF22xF1HH,,1d16b25dcca8,2026-09-19T18:34:45+00:00
250,DES-251,10877,SCOPUS_ID:84928237502,10.1016/j.amepre.2014.11.015,Understanding Mis-implementation in public health practice,American Journal Of Preventive Medicine,2015,Other/None,Cross-sectional,Cross-sectional,Other/None,Cross-sectional,Cross-sectional,False,False,False,False,True,,,,True,0.84,True,yes,0.97,0.94,1694,50,7.1148e-05,234.84695798833854,1,typesafe/jev-1.13-20260917,gen-dec-1789842885-KBWNeB51SAWML8kCaWkj,,1d16b25dcca8,2026-09-19T18:34:45+00:00
251,DES-252,6126,SCOPUS_ID:84947580609,10.1093/aje/kwv202,Estimating Efficacy in a Randomized Trial With Product Nonadherence: Application of Multiple Methods to a Trial of Preexposure Prophylaxis for HIV Prevention,American Journal Of Epidemiology,2015,Experimental,Experimental,Experimental,Experimental,Experimental,Experimental,False,False,False,False,False,HIV; HIV prevention; intention-to-treat analysis; medication adherence; randomized controlled trials,,,True,0.04,False,no,0.0,1.0,1829,50,7.6818e-05,267.73866699659266,1,typesafe/jev-1.13-20260917,gen-dec-1789842885-gUxPBawTchdSPCVKPFID,,1d16b25dcca8,2026-09-19T18:34:45+00:00
252,DES-253,9549,SCOPUS_ID:40949132946,10.1016/j.amepre.2008.01.018,"Urban Containment Policies and Physical Activity. A Time-Series Analysis of Metropolitan Areas, 1990-2002",American Journal Of Preventive Medicine,2008,Ecological / Time-series,Other/None,Ecological / Time-series,Other/None,Ecological / Time-series,Ecological / Time-series,False,False,False,False,False,,,,True,0.13,False,no,0.01,0.98,1690,50,7.098e-05,243.26583300717175,1,typesafe/jev-1.13-20260917,gen-dec-1789842885-RgKu2Y9xQW2oTUWmXZrL,,1d16b25dcca8,2026-09-19T18:34:45+00:00
253,DES-254,28765,SCOPUS_ID:85032635334,10.1093/eurpub/ckx154,Ethics in public health: Call for shared moral public health literacy,European Journal Of Public Health,2017,Other/None,Other/None,Other/None,Other/None,Other/None,Other/None,False,False,False,False,False,,,,True,0.66,True,yes,0.8,0.6,1536,50,6.4512e-05,253.9286249957513,1,typesafe/jev-1.13-20260917,gen-dec-1789842885-H8qX8CCHzeUa3pK1YopP,,1d16b25dcca8,2026-09-19T18:34:46+00:00
254,DES-255,2436,SCOPUS_ID:18544395999,10.1093/aje/152.2.186,Multiple modes of hepatitis A virus transmission among methamphetamine users,American Journal Of Epidemiology,2000,Other/None,Case-control,Case-control,Case-control,Case-control,Case-control,True,True,False,True,True,"Case-control studies; Disease outbreaks; Epidemiologic methods; Equipment contamination; Hepatitis A; Methamphetamine; Substance abuse, intravenous",,,True,0.96,True,yes,1.0,1.0,1713,50,7.1946e-05,319.8490409995429,1,typesafe/jev-1.13-20260917,gen-dec-1789842885-0IUixd0VJYZ8OFygmpke,,1d16b25dcca8,2026-09-19T18:34:46+00:00
255,DES-256,20370,SCOPUS_ID:85121991133,10.2105/ajph.2021.306464,Philadelphia’s Excise Tax on Sugar-Sweetened and Artificially Sweetened Beverages and Supplemental Nutrition Assistance Program Benefit Redemption,American Journal Of Public Health,2021,Other/None,Quasi-experimental,Quasi-experimental,Other/None,Quasi-experimental,Quasi-experimental,False,True,False,True,False,,,,True,0.7,True,yes,0.8,0.59,1610,50,6.762e-05,364.46733301272616,1,typesafe/jev-1.13-20260917,gen-dec-1789842886-hYfnsDBNKUM7Dixp0MC8,,1d16b25dcca8,2026-09-19T18:34:46+00:00
256,DES-257,21506,SCOPUS_ID:0031045098,10.1097/00001648-199703000-00004,Margarine intake and subsequent coronary heart disease in men,Epidemiology,1997,Other/None,Other/None,Other/None,Cohort,Cohort,Cohort,False,False,False,False,False,cohort study; coronary heart disease; diet; trans fatty acids,,,True,0.03,False,no,0.0,1.0,1726,50,7.2492e-05,252.9497080249712,1,typesafe/jev-1.13-20260917,gen-dec-1789842886-QytxxJBqL0dZtrV30gzA,,1d16b25dcca8,2026-09-19T18:34:46+00:00
257,DES-258,37669,SCOPUS_ID:84958104558,10.1136/jech-2015-205988,Contribution of modifiable risk factors for hypertension and type-2 diabetes in Peruvian resource-limited settings,Journal Of Epidemiology And Community Health,2015,Other/None,Cohort,Cohort,Other/None,Cohort,Cohort,False,False,False,False,False,,,,True,0.84,True,yes,0.98,0.95,1790,50,7.518e-05,277.83529201406054,1,typesafe/jev-1.13-20260917,gen-dec-1789842886-nqYQ1tHZTw0PC0B7pFzW,,1d16b25dcca8,2026-09-19T18:34:46+00:00
258,DES-259,39596,SCOPUS_ID:0026640432,10.1016/0091-7435(92)90061-l,Association of serum lipoproteins and health-related habits with coffee and tea consumption in free-living subjects examined in the Israeli CORDIS study,Preventive Medicine,1992,Other/None,Experimental,Experimental,Other/None,Experimental,Experimental,False,False,False,False,False,,,,True,0.05,False,no,0.0,1.0,1746,50,7.3332e-05,293.60062498017214,1,typesafe/jev-1.13-20260917,gen-dec-1789842886-sjBuZ06hioP0zswWqjJL,,1d16b25dcca8,2026-09-19T18:34:46+00:00
259,DES-260,39156,SCOPUS_ID:85062301183,10.1016/s2468-2667(19)30002-7,"Long-term trends in child maltreatment in England and Wales, 1858–2016: an observational, time-series analysis",The Lancet Public Health,2019,Ecological / Time-series,Ecological / Time-series,Ecological / Time-series,Other/None,Ecological / Time-series,Ecological / Time-series,False,False,False,False,True,,,,True,0.97,True,yes,1.0,1.0,1928,50,8.0976e-05,265.0871250079945,1,typesafe/jev-1.13-20260917,gen-dec-1789842886-SxmrlVIa8NVHsV1YqO4I,,1d16b25dcca8,2026-09-19T18:34:46+00:00
260,DES-261,24747,SCOPUS_ID:0035702784,10.1023/a:1013765016742,Association between gastric cancer mortality and nitrate content of drinking water: Ecological study on small area inequalities,European Journal Of Epidemiology,2001,Ecological / Time-series,Ecological / Time-series,Ecological / Time-series,Ecological / Time-series,Ecological / Time-series,Ecological / Time-series,False,False,False,False,False,Drinking water; Ecological study; Gastric cancer; Nitrate,,,True,0.05,False,no,0.0,1.0,1674,50,7.0308e-05,367.80150001868606,1,typesafe/jev-1.13-20260917,gen-dec-1789842886-tZI3ob1uAUPLW5CBjFJ0,,1d16b25dcca8,2026-09-19T18:34:46+00:00
261,DES-262,1087,SCOPUS_ID:0028069411,10.1093/oxfordjournals.aje.a116998,Characteristics of a hypothetical group of hospital controls for a case-control study,American Journal Of Epidemiology,1994,Case-control,Other/None,Case-control,Case-control,Case-control,Case-control,True,True,False,True,False,Case-control studies; Epidemiologic methods,,,True,0.03,False,no,0.0,1.0,1630,50,6.846e-05,303.13745798775926,1,typesafe/jev-1.13-20260917,gen-dec-1789842886-HhI9KOLXETTNk9IMMIRt,,1d16b25dcca8,2026-09-19T18:34:46+00:00
262,DES-263,4362,SCOPUS_ID:53749089278,10.1093/aje/kwn190,Antidiabetic medication and prostate cancer risk: A population-based case-control study,American Journal Of Epidemiology,2008,Case-control,Other/None,Case-control,Case-control,Case-control,Case-control,False,False,False,False,False,Case-control studies; Diabetes mellitus; Drug therapy; Finland; Incidence; Population; Prostatic neoplasms,,,True,0.03,False,no,0.0,1.0,1656,50,6.9552e-05,325.1187080168165,1,typesafe/jev-1.13-20260917,gen-dec-1789842886-tiSxP29ZX1D9R2aAcxVd,,1d16b25dcca8,2026-09-19T18:34:46+00:00
263,DES-264,2612,SCOPUS_ID:0035500686,10.1093/aje/154.9.787,Boy/girl differences in risk for reading disability: Potential clues?,American Journal Of Epidemiology,2001,Other/None,Case-control,Case-control,Case-control,Case-control,Case-control,False,False,False,False,False,Case-control studies; Dyslexia; Educational status; Learning disorders; Risk factors,,,True,0.03,False,no,0.0,1.0,1734,50,7.2828e-05,271.34191698860377,1,typesafe/jev-1.13-20260917,gen-dec-1789842886-34JkWCzPeXEjGn4J2MBy,,1d16b25dcca8,2026-09-19T18:34:46+00:00
264,DES-265,23676,SCOPUS_ID:85116823719,10.1097/ede.0000000000001402,Effect of Adjustment for Case Misclassification and Infection Date Uncertainty on Estimates of COVID-19 Effective Reproduction Number,Epidemiology,2021,Other/None,Ecological / Time-series,Ecological / Time-series,Other/None,Ecological / Time-series,Ecological / Time-series,False,False,False,False,True,Bayesian analysis; COVID-19; Deconvolution; Misclassification; Quantitative bias analysis; Surveillance,,,True,0.73,True,yes,0.86,0.73,1761,50,7.3962e-05,327.45566600351594,1,typesafe/jev-1.13-20260917,gen-dec-1789842886-hGNQhKPxEAegblC8QWT0,,1d16b25dcca8,2026-09-19T18:34:46+00:00
265,DES-266,37137,SCOPUS_ID:78651322611,10.1136/jech.2009.090100,Social inequalities in health among adolescents in a large southern European city,Journal Of Epidemiology And Community Health,2011,Other/None,Cross-sectional,Cross-sectional,Other/None,Cross-sectional,Cross-sectional,False,False,False,False,False,,,,True,0.24,False,no,0.15,0.7,1642,50,6.8964e-05,318.0713749898132,1,typesafe/jev-1.13-20260917,gen-dec-1789842886-yTIUbI1nodWPhAGx5a0w,,1d16b25dcca8,2026-09-19T18:34:46+00:00
266,DES-267,43888,SCOPUS_ID:85002152458,10.1016/j.ypmed.2016.08.043,“We actually care and we want to make the parks better”: A qualitative study of youth experiences and perceptions after conducting park audits,Preventive Medicine,2017,Qualitative,Other/None,Qualitative,Other/None,Qualitative,Qualitative,False,False,False,False,False,Active living; Community policy systems; Environmental change; Parks and recreation; Youth advocacy,,,True,0.26,False,no,0.18,0.64,1660,50,6.972e-05,316.71116600045934,1,typesafe/jev-1.13-20260917,gen-dec-1789842886-dnN9oTBX4GtN838GHWQK,,1d16b25dcca8,2026-09-19T18:34:46+00:00
267,DES-268,23011,SCOPUS_ID:84927699517,10.1097/ede.0000000000000165,Global variation in the effects of ambient temperature on mortality: A systematic evaluation,Epidemiology,2014,Other/None,Other/None,Other/None,Other/None,Other/None,Other/None,False,False,False,False,True,,,,True,0.96,True,yes,1.0,1.0,1686,50,7.0812e-05,313.38474998483434,1,typesafe/jev-1.13-20260917,gen-dec-1789842886-filbILDwu53jDloAs1fe,,1d16b25dcca8,2026-09-19T18:34:46+00:00
268,DES-269,32402,SCOPUS_ID:33645800377,10.1093/ije/dyi170,Randomized controlled trial: Effect of nutritional counselling in general practice,International Journal Of Epidemiology,2006,Experimental,Experimental,Experimental,Experimental,Experimental,Experimental,False,False,False,False,False,General practice; Health promotion; Nutrition; Randomized controlled trial,,,True,0.2,False,no,0.07,0.86,1833,50,7.6986e-05,303.46129200188443,1,typesafe/jev-1.13-20260917,gen-dec-1789842886-X6zfyeeCHtoPr2UYhbor,,1d16b25dcca8,2026-09-19T18:34:46+00:00
269,DES-270,12583,SCOPUS_ID:85126380124,10.1016/j.amepre.2021.12.026,Young Adult Healthcare Exposure and Future Opioid Misuse: A Prospective Cohort Study,American Journal Of Preventive Medicine,2022,Cohort,Cohort,Cohort,Other/None,Cohort,Cohort,False,False,False,False,True,,,,True,0.91,True,yes,0.99,0.99,1719,50,7.2198e-05,258.1767500087153,1,typesafe/jev-1.13-20260917,gen-dec-1789842886-uU1odTD93IW3ZzJ9ZDZE,,1d16b25dcca8,2026-09-19T18:34:46+00:00
270,DES-271,4161,SCOPUS_ID:34547437743,10.1093/aje/kwm051,"A prospective study of tobacco, alcohol, and the risk of esophageal and gastric cancer subtypes",American Journal Of Epidemiology,2007,Other/None,Other/None,Other/None,Cohort,Cohort,Cohort,False,False,False,False,False,Alcohol drinking; Cohort studies; Esophageal neoplasms; Prospective studies; Smoking; Stomach neoplasms,,,True,0.03,False,no,0.0,1.0,1883,50,7.9086e-05,285.9750839998014,1,typesafe/jev-1.13-20260917,gen-dec-1789842886-Ii76jPgH6xvi3pfG5y4k,,1d16b25dcca8,2026-09-19T18:34:46+00:00
271,DES-272,33190,SCOPUS_ID:84913592564,10.1093/ije/dyu134,Prospective association between red and processed meat intakes and breast cancer risk: Modulation by an antioxidant supplementation in the SU.VI.MAX randomized controlled trial,International Journal Of Epidemiology,2014,Experimental,Experimental,Experimental,Other/None,Experimental,Experimental,False,False,False,False,False,Antioxidants; Breast cancer; Meat; Meat products; Prospective studies,,,True,0.03,False,no,0.0,1.0,1821,50,7.6482e-05,303.8124580052681,1,typesafe/jev-1.13-20260917,gen-dec-1789842886-eUGpGbVTRsUkqmkEO36M,,1d16b25dcca8,2026-09-19T18:34:46+00:00
272,DES-273,13400,SCOPUS_ID:0026351577,10.2105/ajph.81.12.1651,Patterns of breast and cervical cancer screening at three public health centers in an inner-city urban area,American Journal Of Public Health,1991,Other/None,Other/None,Other/None,Other/None,Other/None,Other/None,False,False,False,False,True,,,,True,0.94,True,yes,1.0,0.99,1497,50,6.2874e-05,257.20883399480954,1,typesafe/jev-1.13-20260917,gen-dec-1789842886-88s3HGJK78ky7tN3zPBv,,1d16b25dcca8,2026-09-19T18:34:46+00:00
273,DES-274,8981,SCOPUS_ID:4644318676,10.1016/j.amepre.2004.05.002,Barriers to physical activity: Qualitative data on caregiver-daughter perceptions and practices,American Journal Of Preventive Medicine,2004,Other/None,Qualitative,Qualitative,Other/None,Qualitative,Qualitative,False,False,False,False,False,,,,True,0.53,True,yes,0.64,0.27,1708,50,7.1736e-05,395.05074999760836,1,typesafe/jev-1.13-20260917,gen-dec-1789842886-27cXndDZstG5yluovMXf,,1d16b25dcca8,2026-09-19T18:34:46+00:00
274,DES-275,32418,SCOPUS_ID:36949040429,10.1093/ije/dym196,The influence of media reporting of the suicide of a celebrity on suicide rates: A population-based study,International Journal Of Epidemiology,2007,Other/None,Ecological / Time-series,Ecological / Time-series,Other/None,Ecological / Time-series,Ecological / Time-series,False,False,False,False,True,Celebrity suicide; Completed suicide; Media report,,,True,0.97,True,yes,1.0,1.0,1697,50,7.1274e-05,258.58487500227056,1,typesafe/jev-1.13-20260917,gen-dec-1789842886-2rvdX3KCyEDH1s3sFyTk,,1d16b25dcca8,2026-09-19T18:34:46+00:00
275,DES-276,31125,SCOPUS_ID:0030724109,10.1093/ije/26.5.953,Comparing dietary recall data for mothers and children obtained on two occasions in a case-control study of environmental factors and childhood brain tumours,International Journal Of Epidemiology,1997,Case-control,Case-control,Case-control,Other/None,Case-control,Case-control,False,False,False,False,False,Childhood brain tumours; Diet; Food frequency questionnaires,,,True,0.09,False,no,0.02,0.95,1667,50,7.0014e-05,295.41383299510926,1,typesafe/jev-1.13-20260917,gen-dec-1789842886-Z8Puac2tT2tDFgBHRnte,,1d16b25dcca8,2026-09-19T18:34:46+00:00
276,DES-277,20845,SCOPUS_ID:85197973008,10.2105/ajph.2024.307696,"“The Hotel of 10,000 Stars”: The Impact of Social-Structural Determinants of Health Among Im/migrant Shrimpers in the Gulf of Mexico",American Journal Of Public Health,2024,Other/None,Qualitative,Qualitative,Other/None,Qualitative,Qualitative,False,False,False,False,True,,,,True,0.95,True,yes,1.0,0.99,1592,50,6.6864e-05,256.3172920199577,1,typesafe/jev-1.13-20260917,gen-dec-1789842886-4PElQVQ753Xeb4yxGNEK,,1d16b25dcca8,2026-09-19T18:34:46+00:00
277,DES-278,40887,SCOPUS_ID:0242720547,10.1016/j.ypmed.2003.08.004,Indices of changes in adiposity in American Indian children,Preventive Medicine,2003,Other/None,Experimental,Experimental,Other/None,Experimental,Experimental,False,False,False,False,False,American Indian children; Bioelectrical impedance; Body composition changes; Body fat; Body mass index; Native American; Skinfolds,,,True,0.03,False,no,0.0,1.0,1706,50,7.1652e-05,343.2869579992257,1,typesafe/jev-1.13-20260917,gen-dec-1789842886-mcTWQ29uiTWAerYmaaoT,,1d16b25dcca8,2026-09-19T18:34:47+00:00
278,DES-279,14462,SCOPUS_ID:0029044371,10.2105/ajph.85.5.726,Predicting body fatness: The body mass index vs estimation by bioelectrical impedance,American Journal Of Public Health,1995,Other/None,Other/None,Other/None,Other/None,Other/None,Other/None,False,False,False,False,False,,,,True,0.03,False,no,0.0,1.0,1554,50,6.5268e-05,251.64550001500174,1,typesafe/jev-1.13-20260917,gen-dec-1789842886-MPrOHSlthajGi416oWeF,,1d16b25dcca8,2026-09-19T18:34:47+00:00
279,DES-280,11452,SCOPUS_ID:85006166037,10.1016/j.amepre.2016.09.018,Factors Perceived as Influencing Local Health Department Involvement in Mental Health,American Journal Of Preventive Medicine,2017,Other/None,Qualitative,Qualitative,Other/None,Qualitative,Qualitative,False,False,False,False,True,,,,True,0.88,True,yes,0.98,0.97,1688,50,7.0896e-05,289.4749999977648,1,typesafe/jev-1.13-20260917,gen-dec-1789842886-GefP3SG3r9fXyS4vC6Yo,,1d16b25dcca8,2026-09-19T18:34:47+00:00
280,DES-281,5533,SCOPUS_ID:84859514238,10.1093/aje/kwr358,Welding and lung cancer in Central and Eastern Europe and the United Kingdom,American Journal Of Epidemiology,2012,Other/None,Other/None,Other/None,Case-control,Case-control,Case-control,False,False,False,False,False,Case-control studies; Confounding factors (epidemiology); Lung neoplasms; Metals; Welding,,,True,0.11,False,no,0.03,0.94,1735,50,7.287e-05,385.4129579849541,1,typesafe/jev-1.13-20260917,gen-dec-1789842886-Mi9BHPwPAJz5lWCraV5Q,,1d16b25dcca8,2026-09-19T18:34:47+00:00
281,DES-282,12465,SCOPUS_ID:85135519533,10.1016/j.amepre.2022.06.015,Family-Centered Care and Flourishing in Early Childhood,American Journal Of Preventive Medicine,2022,Other/None,Other/None,Other/None,Other/None,Other/None,Other/None,False,False,False,False,True,,,,True,0.81,True,yes,0.95,0.9,1772,50,7.4424e-05,339.399709017016,1,typesafe/jev-1.13-20260917,gen-dec-1789842886-c0ks0J7iIqZiUt5vc71j,,1d16b25dcca8,2026-09-19T18:34:47+00:00
282,DES-283,39320,SCOPUS_ID:85121911783,10.1016/s2468-2667(21)00273-5,The effect of mandatory COVID-19 certificates on vaccine uptake: synthetic-control modelling of six countries,The Lancet Public Health,2022,Quasi-experimental,Quasi-experimental,Quasi-experimental,Other/None,Quasi-experimental,Quasi-experimental,False,True,False,True,False,,,,True,0.3,False,no,0.18,0.64,1871,50,7.8582e-05,436.24516599811614,1,typesafe/jev-1.13-20260917,gen-dec-1789842886-lk0AYx6ccLj1msLn9sZA,,1d16b25dcca8,2026-09-19T18:34:47+00:00
283,DES-284,35091,SCOPUS_ID:0028198341,10.1136/jech.48.2.201,Measurement issues in research on social support and health,Journal Of Epidemiology And Community Health,1994,Other/None,Cross-sectional,Cross-sectional,Other/None,Cross-sectional,Cross-sectional,False,False,False,False,False,,,,True,0.08,False,no,0.01,0.98,1685,50,7.077e-05,249.42150001879781,1,typesafe/jev-1.13-20260917,gen-dec-1789842886-oVYBjbAb5qGvachLMFoH,,1d16b25dcca8,2026-09-19T18:34:47+00:00
284,DES-285,10393,SCOPUS_ID:84879327938,10.1016/j.amepre.2013.01.032,A participatory physical activity intervention in preschools: A cluster randomized controlled trial,American Journal Of Preventive Medicine,2013,Experimental,Other/None,Experimental,Other/None,Experimental,Experimental,False,False,False,False,False,,,,True,0.15,False,no,0.02,0.96,1898,50,7.9716e-05,336.4957910089288,1,typesafe/jev-1.13-20260917,gen-dec-1789842887-sx4K6PGawAnXkcVcsZgh,,1d16b25dcca8,2026-09-19T18:34:47+00:00
285,DES-286,17583,SCOPUS_ID:77958165624,10.2105/ajph.2009.179358,"Anti-alcohol posters in Poland, 1945-1989: Diverse meanings, uncertain effects",American Journal Of Public Health,2010,Other/None,Qualitative,Qualitative,Other/None,Qualitative,Qualitative,False,False,False,False,True,,,,True,0.8,True,yes,0.92,0.84,1557,50,6.5394e-05,320.89637499302626,1,typesafe/jev-1.13-20260917,gen-dec-1789842887-h0hmBjG81gGlJNTLPLUe,,1d16b25dcca8,2026-09-19T18:34:47+00:00
286,DES-287,8635,SCOPUS_ID:0034057580,10.1016/s0749-3797(99)00160-9,Clinician satisfaction with a preventive services implementation trial: The IMPROVE project,American Journal Of Preventive Medicine,2000,Other/None,Experimental,Experimental,Experimental,Experimental,Experimental,False,False,False,False,False,Clinical trial (randomized controlled trials); Health services; Personal satisfaction; Preventive health services,,,True,0.06,False,no,0.0,1.0,1650,50,6.93e-05,321.43962499685585,1,typesafe/jev-1.13-20260917,gen-dec-1789842887-qX2fS5FeHDosvX8HXcyJ,,1d16b25dcca8,2026-09-19T18:34:47+00:00
287,DES-288,23341,SCOPUS_ID:85006312735,10.1097/ede.0000000000000607,Estimating Acute Cardiorespiratory Effects of Ambient Volatile Organic Compounds,Epidemiology,2017,Other/None,Ecological / Time-series,Ecological / Time-series,Other/None,Ecological / Time-series,Ecological / Time-series,False,False,False,False,False,,,,True,0.03,False,no,0.0,1.0,1670,50,7.014e-05,318.3491249801591,1,typesafe/jev-1.13-20260917,gen-dec-1789842887-aqpAQmJt1Cd78VgV3Xme,,1d16b25dcca8,2026-09-19T18:34:47+00:00
288,DES-289,6700,SCOPUS_ID:85054286659,10.1093/aje/kwy112,New-Onset Asthma and Combat Deployment: Findings from the Millennium Cohort Study,American Journal Of Epidemiology,2018,Cohort,Cohort,Cohort,Other/None,Cohort,Cohort,False,False,False,False,False,asthma; combat disorders; longitudinal studies; military personnel; occupational exposure; respiratory system; veterans,,,True,0.07,False,no,0.0,0.99,1612,50,6.7704e-05,315.7274580153171,1,typesafe/jev-1.13-20260917,gen-dec-1789842887-9i0cXqGHcuIUddGCCHkI,,1d16b25dcca8,2026-09-19T18:34:47+00:00
289,DES-290,26032,SCOPUS_ID:84960122817,10.1007/s10654-016-0122-1,Cost–benefit analysis of the polypill in the primary prevention of myocardial infarction and stroke,European Journal Of Epidemiology,2016,Other/None,Other/None,Other/None,Experimental,Experimental,Experimental,False,True,True,False,True,Cardiovascular diseases; Cost–benefit analysis; Myocardial infarction; Polypill; Primary prevention; Stroke,,,True,0.64,True,yes,0.62,0.24,1624,50,6.8208e-05,508.11987498309463,1,typesafe/jev-1.13-20260917,gen-dec-1789842887-m7ZHYJHY4CE7n7LXMUAn,,1d16b25dcca8,2026-09-19T18:34:47+00:00
290,DES-291,19933,SCOPUS_ID:85017537931,10.2105/ajph.2016.303550,The contagious spread of violence among US adolescents through social networks,American Journal Of Public Health,2017,Other/None,Cohort,Cohort,Other/None,Cohort,Cohort,False,False,False,False,False,,,,True,0.04,False,no,0.0,1.0,1592,50,6.6864e-05,287.9256249871105,1,typesafe/jev-1.13-20260917,gen-dec-1789842887-kwFEOZFJbJobTdw0qUre,,1d16b25dcca8,2026-09-19T18:34:47+00:00
291,DES-292,4093,SCOPUS_ID:34548321301,10.1093/aje/kwm131,Birth order and sibship size: Evaluation of the role of selection bias in a case-control study of non-Hodgkin's lymphoma,American Journal Of Epidemiology,2007,Case-control,Case-control,Case-control,Case-control,Case-control,Case-control,False,False,False,False,False,"Birth order; Case-control studies; Lymphoma, non-Hodgkin; Selection bias; Siblings",,,True,0.03,False,no,0.0,1.0,1614,50,6.7788e-05,304.15829198318534,1,typesafe/jev-1.13-20260917,gen-dec-1789842887-1BlqbE0VotXyhS8uwzzA,,1d16b25dcca8,2026-09-19T18:34:47+00:00
292,DES-293,2687,SCOPUS_ID:0035879480,10.1093/aje/154.2.120,Is suicide contagious? A study of the relation between exposure to the suicidal behavior of others and nearly lethal suicide attempts,American Journal Of Epidemiology,2001,Other/None,Case-control,Case-control,Other/None,Case-control,Case-control,False,False,False,False,False,"Adolescent behavior; Adolescent psychology; Imitative behavior; Psychology; Suicide; Suicide, attempted",,,True,0.04,False,no,0.0,1.0,1714,50,7.1988e-05,324.24245798029006,1,typesafe/jev-1.13-20260917,gen-dec-1789842887-edU40McaB34nZSns9qDQ,,1d16b25dcca8,2026-09-19T18:34:47+00:00
293,DES-294,31264,SCOPUS_ID:0030888571,,Reproducibility and relative validity of food group intake in a food frequency questionnaire developed for the German part of the EPIC project,International Journal Of Epidemiology,1997,Other/None,Other/None,Other/None,Other/None,Other/None,Other/None,False,False,False,False,False,Diet recalls; EPIC; Food frequency questionnaire; Food intake measurements; Reproducibility; Validity,,,True,0.02,False,no,0.0,1.0,1774,50,7.4508e-05,466.05141600593925,1,typesafe/jev-1.13-20260917,gen-dec-1789842887-ggmEsIZRvmfH9tQ1dz5E,,1d16b25dcca8,2026-09-19T18:34:47+00:00
294,DES-295,38570,SCOPUS_ID:85097398368,10.1136/jech-2020-214063,Feasibility and validity of using death surveillance data and SmartVA for fact and cause of death in clinical trials in rural China: A substudy of the China salt substitute and stroke study (SSaSS),Journal Of Epidemiology And Community Health,2021,Experimental,Experimental,Experimental,Experimental,Experimental,Experimental,False,False,False,False,False,death certification; mortality; outcome research evaluation; randomised trials; surveillance,,,True,0.71,True,yes,0.84,0.67,1716,50,7.2072e-05,311.53479201020673,1,typesafe/jev-1.13-20260917,gen-dec-1789842887-f9Gl4BHWylFJJMR0TxWB,,1d16b25dcca8,2026-09-19T18:34:47+00:00
295,DES-296,43699,SCOPUS_ID:85007277428,10.1016/j.ypmed.2016.11.005,"Assessing the effect of physical activity classes in public spaces on leisure-time physical activity: “Al Ritmo de las Comunidades” A natural experiment in Bogota, Colombia",Preventive Medicine,2017,Quasi-experimental,Quasi-experimental,Quasi-experimental,Quasi-experimental,Quasi-experimental,Quasi-experimental,False,True,False,True,False,"Community-based programs, natural experiment, Recreovia, physical activity classes; Leisure-time; Physical activity; Public space",,,True,0.46,False,no,0.48,0.05,1702,50,7.1484e-05,243.85333398822695,1,typesafe/jev-1.13-20260917,gen-dec-1789842887-dY6UOUf0nBS6BmxVA0Di,,1d16b25dcca8,2026-09-19T18:34:47+00:00
296,DES-297,2710,SCOPUS_ID:0035875840,10.1093/aje/153.12.1227,Comparison of assessment methods for pesticide exposure in a case-control interview study,American Journal Of Epidemiology,2001,Other/None,Case-control,Case-control,Case-control,Case-control,Case-control,True,True,False,True,False,Case-control studies; Child; Epidemiologic methods; Interviews; Neoplasms; Neuroblastoma; Occupational exposure; Pesticides,,,True,0.05,False,no,0.0,0.99,1621,50,6.8082e-05,310.8160000119824,1,typesafe/jev-1.13-20260917,gen-dec-1789842887-wvEs0wkwxJQL92JvsScn,,1d16b25dcca8,2026-09-19T18:34:47+00:00
297,DES-298,10465,SCOPUS_ID:84882974112,10.1016/j.amepre.2012.11.013,Bridging research and policy to address childhood obesity among border hispanics a pilot study,American Journal Of Preventive Medicine,2013,Other/None,Qualitative,Qualitative,Other/None,Qualitative,Qualitative,False,False,False,False,True,,,,True,0.73,True,yes,0.75,0.5,1649,50,6.9258e-05,431.9066659954842,1,typesafe/jev-1.13-20260917,gen-dec-1789842887-zhZ47ldwPSvIbacwoIGy,,1d16b25dcca8,2026-09-19T18:34:47+00:00
298,DES-299,33372,SCOPUS_ID:84939619752,10.1093/ije/dyv117,An enigma: Why vitamin A supplementation does not always reduce mortality even though vitamin A deficiency is associated with increased mortality,International Journal Of Epidemiology,2015,Other/None,Experimental,Experimental,Other/None,Experimental,Experimental,False,False,False,False,False,Child mortality; Heterologous effects; Vaccines; Vitamin A,,,True,0.58,True,yes,0.58,0.17,1746,50,7.3332e-05,267.1813749766443,1,typesafe/jev-1.13-20260917,gen-dec-1789842887-n3tL3VzFcl3YWTKfvuhg,,1d16b25dcca8,2026-09-19T18:34:47+00:00
299,DES-300,37150,SCOPUS_ID:78650904299,10.1136/jech.2008.085639,Impact of heat on mortality in 15 European cities: Attributable deaths under different weather scenarios,Journal Of Epidemiology And Community Health,2011,Other/None,Other/None,Other/None,Other/None,Other/None,Other/None,False,False,False,False,False,,,,True,0.11,False,no,0.02,0.97,1666,50,6.9972e-05,267.70062497234903,1,typesafe/jev-1.13-20260917,gen-dec-1789842887-2fD66shMwWiURtUFt3CM,,1d16b25dcca8,2026-09-19T18:34:47+00:00
300,DES-301,43893,SCOPUS_ID:84994528807,10.1016/j.ypmed.2016.08.029,Associations between demographic characteristics and physical activity practices in Nevada schools,Preventive Medicine,2017,Other/None,Other/None,Other/None,Other/None,Other/None,Other/None,False,False,False,False,False,Children; Demography; Disparities; Nevada; Physical activity; Schools,,,True,0.04,False,no,0.0,1.0,1810,50,7.602e-05,260.5213339847978,1,typesafe/jev-1.13-20260917,gen-dec-1789842887-fWI89Z3T2NKbVREs4urj,,1d16b25dcca8,2026-09-19T18:34:47+00:00
301,DES-302,28236,SCOPUS_ID:84880899371,10.1093/eurpub/cks136,Aging and health in France: An unexpected expansion of disability in mid-adulthood over recent years,European Journal Of Public Health,2013,Other/None,Ecological / Time-series,Ecological / Time-series,Other/None,Ecological / Time-series,Ecological / Time-series,False,False,False,False,False,,,,True,0.24,False,no,0.12,0.76,1653,50,6.9426e-05,389.2444580269512,1,typesafe/jev-1.13-20260917,gen-dec-1789842887-iWOeNUqoExA3Y0Xy39jA,,1d16b25dcca8,2026-09-19T18:34:48+00:00
302,DES-303,24020,SCOPUS_ID:85206689789,10.1097/ede.0000000000001799,State Schooling Policies and Cognitive Performance Trajectories: A Natural Experiment in a National US Cohort of Black and White Adults,Epidemiology,2024,Quasi-experimental,Quasi-experimental,Quasi-experimental,Quasi-experimental,Quasi-experimental,Quasi-experimental,False,True,False,True,False,cognition; cognitive aging; education; health disparities; longitudinal analysis; natural experiment,,,True,0.05,False,no,0.0,1.0,1728,50,7.2576e-05,313.1351249758154,1,typesafe/jev-1.13-20260917,gen-dec-1789842887-sxOfUNmU7nwatqBhXRDQ,,1d16b25dcca8,2026-09-19T18:34:48+00:00
303,DES-304,9820,SCOPUS_ID:77953267050,10.1016/j.amepre.2010.03.004,Neighborhood Walkability and Sedentary Time in Belgian Adults,American Journal Of Preventive Medicine,2010,Other/None,Cross-sectional,Cross-sectional,Other/None,Cross-sectional,Cross-sectional,False,False,False,False,True,,,,True,0.91,True,yes,0.99,0.99,1788,50,7.5096e-05,314.8943329870235,1,typesafe/jev-1.13-20260917,gen-dec-1789842887-oUigTF79tlSTRgu153Gs,,1d16b25dcca8,2026-09-19T18:34:48+00:00
304,DES-305,34239,SCOPUS_ID:85107083153,10.1093/ije/dyaa168,Early-life antibiotic use and risk of attention-deficit hyperactivity disorder and autism spectrum disorder: results of a discordant twin study,International Journal Of Epidemiology,2021,Other/None,Cohort,Cohort,Other/None,Cohort,Cohort,False,False,False,False,False,ADHD; antibiotics; ASD; children; discordant twin design; early life; gut-brain axis,,,True,0.03,False,no,0.0,1.0,1824,50,7.6608e-05,294.5523749804124,1,typesafe/jev-1.13-20260917,gen-dec-1789842887-QvLyFVMSPEBy6lM6Urjt,,1d16b25dcca8,2026-09-19T18:34:48+00:00
305,DES-306,12214,SCOPUS_ID:85112108552,10.1016/j.amepre.2021.05.009,"Outpatient Prescribing of Antibiotics and Opioids by Veterans Health Administration Providers, 2015–2017",American Journal Of Preventive Medicine,2021,Other/None,Cross-sectional,Cross-sectional,Other/None,Cross-sectional,Cross-sectional,False,False,False,False,True,,,,True,0.93,True,yes,1.0,0.99,1746,50,7.3332e-05,291.6399999812711,1,typesafe/jev-1.13-20260917,gen-dec-1789842887-UbS8WccVc5YNXI0VegMx,,1d16b25dcca8,2026-09-19T18:34:48+00:00
306,DES-307,28590,SCOPUS_ID:84939484084,10.1093/eurpub/cku190,Concurrent validation of two key health literacy instruments in a South Eastern European population,European Journal Of Public Health,2015,Other/None,Cross-sectional,Cross-sectional,Other/None,Cross-sectional,Cross-sectional,False,False,False,False,False,,,,True,0.03,False,no,0.0,1.0,1752,50,7.3584e-05,294.7899579885416,1,typesafe/jev-1.13-20260917,gen-dec-1789842888-HDruYefax3UNuWfHKPrr,,1d16b25dcca8,2026-09-19T18:34:48+00:00
307,DES-308,1356,SCOPUS_ID:0029834111,10.1093/oxfordjournals.aje.a008895,Confounding by indication and channeling over time: The risks of β<inf>2</inf>- agonists,American Journal Of Epidemiology,1996,Other/None,Case-control,Case-control,Cohort,Case-control,Case-control,True,True,False,True,False,asthma; bronchodilator agents; cohort studies; confounding factors (epidemiology); epidemiologic methods,,,True,0.14,False,no,0.05,0.9,1717,50,7.2114e-05,244.6369999961462,1,typesafe/jev-1.13-20260917,gen-dec-1789842887-ehPmbYOc0tKJ991VTWAt,,1d16b25dcca8,2026-09-19T18:34:48+00:00
308,DES-309,1486,SCOPUS_ID:0029888495,10.1093/oxfordjournals.aje.a008711,Prognostic indices for mortality of hospitalized children in Central Africa,American Journal Of Epidemiology,1996,Other/None,Cohort,Cohort,Other/None,Cohort,Cohort,False,False,False,False,False,child; hospitals; malnutrition; mortality; ROC curve,,,True,0.61,True,yes,0.77,0.54,1669,50,7.0098e-05,294.2576670029666,1,typesafe/jev-1.13-20260917,gen-dec-1789842888-K9JsIDqdogNTXdFg8IYS,,1d16b25dcca8,2026-09-19T18:34:48+00:00
309,DES-310,11721,SCOPUS_ID:85075023453,10.1016/j.amepre.2019.07.016,Part II: A Qualitative Study of Social Risk Screening Acceptability in Patients and Caregivers,American Journal Of Preventive Medicine,2019,Qualitative,Other/None,Qualitative,Other/None,Qualitative,Qualitative,False,False,False,False,False,,,,True,0.27,False,no,0.19,0.62,1717,50,7.2114e-05,453.60112498747185,1,typesafe/jev-1.13-20260917,gen-dec-1789842888-wWrYhMYf5v6T6efHSRm6,,1d16b25dcca8,2026-09-19T18:34:48+00:00
310,DES-311,5487,SCOPUS_ID:84862504913,10.1093/aje/kwr465,Role of tobacco use in the etiology of acoustic neuroma,American Journal Of Epidemiology,2012,Other/None,Case-control,Case-control,Other/None,Case-control,Case-control,False,False,False,False,False,Acoustic neuroma; Cigarette smoking; Smoking; Snuff; Snus; Swedish snuff; Tobacco; Vestibular schwannoma,,,True,0.03,False,no,0.0,1.0,1663,50,6.9846e-05,285.3697079990525,1,typesafe/jev-1.13-20260917,gen-dec-1789842888-Su9dzKTLDTJdYYbftWlR,,1d16b25dcca8,2026-09-19T18:34:48+00:00
311,DES-312,23152,SCOPUS_ID:84923939061,10.1097/ede.0000000000000236,"Framing air pollution epidemiology in terms of population interventions, with applications to multipollutant modeling",Epidemiology,2015,Other/None,Ecological / Time-series,Ecological / Time-series,Other/None,Ecological / Time-series,Ecological / Time-series,False,False,False,False,False,,,,True,0.15,False,no,0.06,0.89,1716,50,7.2072e-05,394.1012079885695,1,typesafe/jev-1.13-20260917,gen-dec-1789842888-FiAG40DuAzb3n0KImwyq,,1d16b25dcca8,2026-09-19T18:34:48+00:00
312,DES-313,444,SCOPUS_ID:0027533085,10.1093/oxfordjournals.aje.a116464,A case-control study of the risk of breast cancer in relation to oral contraceptive use,American Journal Of Epidemiology,1992,Case-control,Case-control,Case-control,Other/None,Case-control,Case-control,False,False,False,False,False,"Breast neoplasms; Contraceptives, oral",,,True,0.03,False,no,0.0,1.0,1684,50,7.0728e-05,296.4958749944344,1,typesafe/jev-1.13-20260917,gen-dec-1789842888-enacxWj3YTjlF2fp09bJ,,1d16b25dcca8,2026-09-19T18:34:48+00:00
313,DES-314,34333,SCOPUS_ID:85145341571,10.1093/ije/dyac188,Impact of Brazil's Bolsa Família Programme on cardiovascular and all-cause mortality: a natural experiment study using the 100 Million Brazilian Cohort,International Journal Of Epidemiology,2022,Quasi-experimental,Other/None,Quasi-experimental,Other/None,Quasi-experimental,Quasi-experimental,False,True,False,True,False,Bolsa Família Programme; Cardiovascular disease; conditional cash transfer; Family Health Strategy; mortality,,,True,0.05,False,no,0.0,1.0,1860,50,7.812e-05,274.0934999892488,1,typesafe/jev-1.13-20260917,gen-dec-1789842888-KBvTZgZpfZuCgBxCrGGx,,1d16b25dcca8,2026-09-19T18:34:48+00:00
314,DES-315,41034,SCOPUS_ID:2942752236,10.1016/j.ypmed.2004.03.024,Where's Maria? A video to increase awareness about breast cancer and mammography screening among low-literacy Latinas,Preventive Medicine,2004,Other/None,Qualitative,Qualitative,Other/None,Qualitative,Qualitative,False,False,False,False,False,Breast cancer; Cancer control; Health education; Hispanic; Mammography,,,True,0.08,False,no,0.01,0.99,1632,50,6.8544e-05,279.3434579798486,1,typesafe/jev-1.13-20260917,gen-dec-1789842888-jJQr2ISydUV5OKb9yMMv,,1d16b25dcca8,2026-09-19T18:34:48+00:00
315,DES-316,2104,SCOPUS_ID:0033231245,10.1093/oxfordjournals.aje.a010098,Risk factors for coronary heart disease in African American women,American Journal Of Epidemiology,1999,Other/None,Other/None,Other/None,Experimental,Experimental,Experimental,False,False,False,False,False,Blacks; Coronary disease; Myocardial infarction; Risk factors; Women,,,True,0.03,False,no,0.0,1.0,1618,50,6.7956e-05,276.6696249891538,1,typesafe/jev-1.13-20260917,gen-dec-1789842888-y0y8MCaRx3rVkSLEayck,,1d16b25dcca8,2026-09-19T18:34:48+00:00
316,DES-317,42860,SCOPUS_ID:84944449004,10.1016/j.ypmed.2014.07.041,The cost-effectiveness of installing sidewalks to increase levels of transport-walking and health,Preventive Medicine,2014,Other/None,Other/None,Other/None,Other/None,Other/None,Other/None,False,True,True,False,False,Active transportation; Built environment; Economic analysis; Physical activity; Public health,,,True,0.75,True,yes,0.84,0.68,1696,50,7.1232e-05,270.7866249838844,1,typesafe/jev-1.13-20260917,gen-dec-1789842888-wVlbFDwdAbbIWBeMwV72,,1d16b25dcca8,2026-09-19T18:34:48+00:00
317,DES-318,42544,SCOPUS_ID:84855507957,10.1016/j.ypmed.2011.10.017,Understanding the potential and challenges of adenoma treatment as a prevention opportunity: Insights from the BeWEL formative study,Preventive Medicine,2012,Other/None,Qualitative,Qualitative,Qualitative,Qualitative,Qualitative,False,False,False,False,True,Adenoma; Cancer screening; Focus groups; Intervention; Lifestyle; Polyps; Prevention; Qualitative research,,,True,0.85,True,yes,0.97,0.94,1639,50,6.8838e-05,252.0272920082789,1,typesafe/jev-1.13-20260917,gen-dec-1789842888-etBccbtcmpUqIbDvqobY,,1d16b25dcca8,2026-09-19T18:34:48+00:00
318,DES-319,9610,SCOPUS_ID:70450208082,10.1016/j.amepre.2009.08.023,A Culturally Adapted Physical Activity Intervention for Latinas. A Randomized Controlled Trial,American Journal Of Preventive Medicine,2009,Experimental,Other/None,Experimental,Other/None,Experimental,Experimental,False,False,False,False,False,,,,True,0.31,False,no,0.27,0.46,1870,50,7.854e-05,284.7995839838404,1,typesafe/jev-1.13-20260917,gen-dec-1789842888-5OgPpckZ0iOdTgSNx5Cw,,1d16b25dcca8,2026-09-19T18:34:48+00:00
319,DES-320,24745,SCOPUS_ID:0035723975,10.1023/a:1014568930992,Evaluation of community-wide interventions: The ecologic case-referent study design,European Journal Of Epidemiology,2001,Other/None,Experimental,Experimental,Other/None,Experimental,Experimental,False,False,False,False,False,Ecologic case-referent study design; Effect evaluation; Evidence based medicine; Health services research,,,True,0.06,False,no,0.0,1.0,1576,50,6.6192e-05,294.62941698147915,1,typesafe/jev-1.13-20260917,gen-dec-1789842888-BLW1jE3PNlF0iSKxJOBW,,1d16b25dcca8,2026-09-19T18:34:48+00:00
320,DES-321,11055,SCOPUS_ID:84990233434,10.1016/j.amepre.2016.02.020,The Physical Activity 4 Everyone Cluster Randomized Trial: 2-Year Outcomes of a School Physical Activity Intervention Among Adolescents,American Journal Of Preventive Medicine,2016,Experimental,Experimental,Experimental,Other/None,Experimental,Experimental,False,False,False,False,False,,,,True,0.35,False,no,0.29,0.41,1857,50,7.7994e-05,255.30812499346212,1,typesafe/jev-1.13-20260917,gen-dec-1789842888-m9qSpphuZZEy648BwFbM,,1d16b25dcca8,2026-09-19T18:34:48+00:00
321,DES-322,38246,SCOPUS_ID:85074737382,10.1136/jech-2019-212256,Cardiometabolic health in adolescence and its association with educational outcomes,Journal Of Epidemiology And Community Health,2019,Other/None,Other/None,Other/None,Other/None,Other/None,Other/None,False,False,False,False,False,adolescents cg; cardiovascular disease; cognition; health promotion,,,True,0.03,False,no,0.0,1.0,1861,50,7.8162e-05,305.8665840071626,1,typesafe/jev-1.13-20260917,gen-dec-1789842888-iNdOvTdUCBETQAQ8t07C,,1d16b25dcca8,2026-09-19T18:34:48+00:00
322,DES-323,45495,SCOPUS_ID:85159234133,10.1016/j.ypmed.2023.107543,"Do age-based discontinuation recommendations influence cervical cancer screening rates? Evidence from the United States' Behavioral Risk Factor Surveillance System, 2016 and 2018",Preventive Medicine,2023,Other/None,Quasi-experimental,Quasi-experimental,Other/None,Quasi-experimental,Quasi-experimental,False,True,False,True,False,Age discontinuation recommendations; Cancer screening; Cervical cancer; Healthcare disparities; Older adults; Papinicolaou test; Practice guideline; Preventive health services; USPSTF,,,True,0.1,False,no,0.01,0.99,1778,50,7.4676e-05,373.1875830271747,1,typesafe/jev-1.13-20260917,gen-dec-1789842888-LErByeqA6hpixbvO9X8Y,,1d16b25dcca8,2026-09-19T18:34:48+00:00
323,DES-324,36726,SCOPUS_ID:70349446498,10.1136/jech.2008.082438,Marital status and survival following bladder cancer,Journal Of Epidemiology And Community Health,2009,Other/None,Other/None,Other/None,Other/None,Other/None,Other/None,False,False,False,False,False,,,,True,0.04,False,no,0.0,1.0,1659,50,6.9678e-05,356.17233300581574,1,typesafe/jev-1.13-20260917,gen-dec-1789842888-ysus2opaDuDngemfFF7Y,,1d16b25dcca8,2026-09-19T18:34:48+00:00
324,DES-325,18988,SCOPUS_ID:84904312856,10.2105/ajph.2014.301894,Impact of texting laws on motor vehicular fatalities in the united states,American Journal Of Public Health,2014,Other/None,Quasi-experimental,Quasi-experimental,Other/None,Quasi-experimental,Quasi-experimental,False,True,False,True,False,,,,True,0.06,False,no,0.0,1.0,1510,50,6.342e-05,251.82420798228122,1,typesafe/jev-1.13-20260917,gen-dec-1789842888-X6SfdVx0pJYD6WCAO3gi,,1d16b25dcca8,2026-09-19T18:34:48+00:00
325,DES-326,38616,SCOPUS_ID:85095578636,10.1136/jech-2020-214089,"Impact of law enforcement-related deaths of unarmed black New Yorkers on emergency department rates, New York 2013-2016",Journal Of Epidemiology And Community Health,2021,Other/None,Quasi-experimental,Quasi-experimental,Other/None,Quasi-experimental,Quasi-experimental,False,True,False,True,False,Access to hlth care; Health services; Policy,,,True,0.14,False,no,0.02,0.96,1717,50,7.2114e-05,268.02250000764616,1,typesafe/jev-1.13-20260917,gen-dec-1789842888-6I7ARo3iOKUo5KDwUMCn,,1d16b25dcca8,2026-09-19T18:34:48+00:00
326,DES-327,36503,SCOPUS_ID:34147219243,10.1136/jech.2006.046078,Health-related beliefs and experiences of Gypsies and Travellers: A qualitative study,Journal Of Epidemiology And Community Health,2007,Qualitative,Qualitative,Qualitative,Other/None,Qualitative,Qualitative,False,False,False,False,True,,,,True,0.91,True,yes,0.99,0.99,1650,50,6.93e-05,456.6317500139121,1,typesafe/jev-1.13-20260917,gen-dec-1789842888-irh2k6r73Y0JearMpRVC,,1d16b25dcca8,2026-09-19T18:34:49+00:00
327,DES-328,9189,SCOPUS_ID:33748476393,10.1016/j.amepre.2006.06.019,Translating Effective Clinic-Based Physical Activity Interventions into Practice,American Journal Of Preventive Medicine,2006,Other/None,Other/None,Other/None,Other/None,Other/None,Other/None,False,False,False,False,False,,,,True,0.1,False,no,0.01,0.98,1467,50,6.1614e-05,358.0474580230657,1,typesafe/jev-1.13-20260917,gen-dec-1789842888-AU9j3zYfSLHGMpK079IQ,,1d16b25dcca8,2026-09-19T18:34:49+00:00
328,DES-329,43829,SCOPUS_ID:85014529712,10.1016/j.ypmed.2016.11.029,Introduction of molecular HPV testing as the primary technology in cervical cancer screening: Acting on evidence to change the current paradigm,Preventive Medicine,2017,Other/None,Experimental,Experimental,Other/None,Experimental,Experimental,False,False,False,False,True,Cervical cancer; HPV testing; Screening,,,True,0.94,True,yes,1.0,0.99,1635,50,6.867e-05,445.8617499913089,1,typesafe/jev-1.13-20260917,gen-dec-1789842888-XA8ysPh91jKLitAps6Lm,,1d16b25dcca8,2026-09-19T18:34:49+00:00
329,DES-330,33698,SCOPUS_ID:85061056409,10.1093/ije/dyy108,"Susceptibility to price discounting of soda by neighbourhood educational status: An ecological analysis of disparities in soda consumption using point-of-purchase transaction data in Montreal, Canada",International Journal Of Epidemiology,2018,Ecological / Time-series,Ecological / Time-series,Ecological / Time-series,Other/None,Ecological / Time-series,Ecological / Time-series,False,False,False,False,True,Food marketing; Obesity and overweight; Price discounting; Public health nutrition; Soda; Transaction data,,,True,0.93,True,yes,0.99,0.98,1767,50,7.4214e-05,283.6071250203531,1,typesafe/jev-1.13-20260917,gen-dec-1789842888-fJuw0kEXtlruUiIN1MOn,,1d16b25dcca8,2026-09-19T18:34:49+00:00
330,DES-331,258,SCOPUS_ID:0026039059,10.1093/oxfordjournals.aje.a116144,Using dead controls to adjust for confounders in case-control studies,American Journal Of Epidemiology,1991,Other/None,Case-control,Case-control,Case-control,Case-control,Case-control,True,True,False,True,False,Case-control studies; Epidemiologic methods; Retrospective studies; Statistics,,,True,0.14,False,no,0.08,0.84,1452,50,6.0984e-05,285.0067089893855,1,typesafe/jev-1.13-20260917,gen-dec-1789842888-HZspM97ga5Fw6sWcayaC,,1d16b25dcca8,2026-09-19T18:34:49+00:00
331,DES-332,45683,SCOPUS_ID:85195393676,10.1016/j.ypmed.2024.108032,"Loneliness and its cross-sectional associations with health, health behaviours, and perceptions in Finnish patients with overweight or obesity taking part in the Healthy Weight Coaching",Preventive Medicine,2024,Other/None,Experimental,Experimental,Other/None,Experimental,Experimental,False,False,False,False,False,Digital weight loss intervention; Health; Health behaviours; Healthcare resource utilization; Loneliness; Perceptions,,,True,0.03,False,no,0.0,1.0,1911,50,8.0262e-05,247.56170800537802,1,typesafe/jev-1.13-20260917,gen-dec-1789842888-rVDF3qeaC3cQPRHeVBRe,,1d16b25dcca8,2026-09-19T18:34:49+00:00
332,DES-333,35936,SCOPUS_ID:0036144774,10.1136/jech.56.1.36,"Indicators of deprivation, voting patterns, and health status at area level in the Republic of Ireland",Journal Of Epidemiology And Community Health,2002,Other/None,Ecological / Time-series,Ecological / Time-series,Other/None,Ecological / Time-series,Ecological / Time-series,False,False,False,False,False,,,,True,0.07,False,no,0.01,0.99,2177,50,9.1434e-05,284.08841698546894,1,typesafe/jev-1.13-20260917,gen-dec-1789842888-zHER4ylivFdIAeiT9voM,,1d16b25dcca8,2026-09-19T18:34:49+00:00
333,DES-334,26862,SCOPUS_ID:0000517489,10.1093/eurpub/5.3.215,Dilemmas in sickness certification among Swedish physicians,European Journal Of Public Health,1995,Other/None,Qualitative,Qualitative,Other/None,Qualitative,Qualitative,False,False,False,False,True,Critical incident technique; Physicians; Sickness certification; Sickness insurance system,,,True,0.94,True,yes,1.0,0.99,1642,50,6.8964e-05,268.24729100917466,1,typesafe/jev-1.13-20260917,gen-dec-1789842888-5I0UbtlXLhAyvP7FOdg2,,1d16b25dcca8,2026-09-19T18:34:49+00:00
334,DES-335,7578,SCOPUS_ID:85128160634,10.1093/aje/kwab289,Impact of Racial Categorization on Effect Estimates: An HIV Stigma Analysis,American Journal Of Epidemiology,2022,Other/None,Other/None,Other/None,Other/None,Other/None,Other/None,False,False,False,False,False,HIV; multiracial categorization; race factors; racism; regression analysis; stigma,,,True,0.07,False,no,0.0,1.0,1635,50,6.867e-05,350.39229100220837,1,typesafe/jev-1.13-20260917,gen-dec-1789842889-dqCfXmybSCh6XciCYvhZ,,1d16b25dcca8,2026-09-19T18:34:49+00:00
335,DES-336,18390,SCOPUS_ID:84888248528,10.2105/ajph.2013.301307,When health insurance is not a factor: National comparison of homeless and nonhomeless US veterans who use veterans affairs emergency departments,American Journal Of Public Health,2013,Other/None,Cross-sectional,Cross-sectional,Other/None,Cross-sectional,Cross-sectional,False,False,False,False,True,,,,True,0.89,True,yes,0.99,0.98,1691,50,7.1022e-05,344.99304098426364,1,typesafe/jev-1.13-20260917,gen-dec-1789842889-3XMDH1vGTmWCNfQET1MT,,1d16b25dcca8,2026-09-19T18:34:49+00:00
336,DES-337,6713,SCOPUS_ID:85054224561,10.1093/aje/kwy126,Combining a Food Frequency Questionnaire with 24-Hour Recalls to Increase the Precision of Estimation of Usual Dietary Intakes-Evidence from the Validation Studies Pooling Project,American Journal Of Epidemiology,2018,Other/None,Other/None,Other/None,Cohort,Cohort,Cohort,False,False,False,False,False,cohort studies; dietary measurement; energy; measurement error; potassium; protein; recovery biomarkers; sodium,,,True,0.03,False,no,0.0,1.0,1743,50,7.3206e-05,314.27195901051164,1,typesafe/jev-1.13-20260917,gen-dec-1789842889-NbuuMH9X67c8R0seYSsM,,1d16b25dcca8,2026-09-19T18:34:49+00:00
337,DES-338,5931,SCOPUS_ID:84907368344,10.1093/aje/kwu148,Inverse association of plasma vanadium levels with newly diagnosed type 2 diabetes in a Chinese population,American Journal Of Epidemiology,2014,Other/None,Case-control,Case-control,Other/None,Case-control,Case-control,False,False,False,False,False,Diabetes mellitus; Trace elements; Type 2; Vanadium,,,True,0.03,False,no,0.0,1.0,1648,50,6.9216e-05,306.27158301649615,1,typesafe/jev-1.13-20260917,gen-dec-1789842889-ATHCfQuaj64GKtEbfta6,,1d16b25dcca8,2026-09-19T18:34:49+00:00
338,DES-339,3557,SCOPUS_ID:0345737128,10.1093/aje/kwg250,Flexible Matching in Case-Control Studies of Gene-Environment Interactions,American Journal Of Epidemiology,2004,Other/None,Case-control,Case-control,Case-control,Case-control,Case-control,True,True,False,True,False,Case-control studies; Epidemiologic methods; Interaction; Research design; Statistics,,,True,0.03,False,no,0.0,1.0,1448,50,6.0816e-05,249.16487498558126,1,typesafe/jev-1.13-20260917,gen-dec-1789842889-fAF1H1i0YSMKZc0H2qat,,1d16b25dcca8,2026-09-19T18:34:49+00:00
339,DES-340,25971,SCOPUS_ID:84926372408,10.1007/s10654-015-9998-4,Challenges in conducting genome-wide association studies in highly admixed multi-ethnic populations: the Generation R Study,European Journal Of Epidemiology,2015,Other/None,Cohort,Cohort,Other/None,Cohort,Cohort,False,False,False,False,False,Admixed population; Genome-wide association studies; Genomic imputation; Multiethnic study; Quality control GWAS,,,True,0.03,False,no,0.0,1.0,1508,50,6.3336e-05,293.32987498492,1,typesafe/jev-1.13-20260917,gen-dec-1789842889-bkUYA9RSKlkWhBuCQXMS,,1d16b25dcca8,2026-09-19T18:34:49+00:00
340,DES-341,30604,SCOPUS_ID:0028166459,10.1093/ije/23.5.1050,Community-based hygiene education to reduce diarrhoeal disease in rural Zaire: Impact of the intervention on diarrhoeal morbidity,International Journal Of Epidemiology,1994,Other/None,Experimental,Experimental,Other/None,Experimental,Experimental,False,False,False,False,False,,,,True,0.29,False,no,0.22,0.56,1824,50,7.6608e-05,334.6390000078827,1,typesafe/jev-1.13-20260917,gen-dec-1789842889-zcoH6LPx2pQwNSKQq2Io,,1d16b25dcca8,2026-09-19T18:34:49+00:00
341,DES-342,2390,SCOPUS_ID:0034307353,10.1093/aje/152.7.633,Visual impairment and risk of hip fracture,American Journal Of Epidemiology,2000,Other/None,Case-control,Case-control,Other/None,Case-control,Case-control,False,False,False,False,True,Accidental falls; Aged; Depth perception; Hip fractures; Vision; Visual acuity; Visually impaired persons,,,True,0.82,True,yes,0.96,0.93,1740,50,7.308e-05,309.04895800631493,1,typesafe/jev-1.13-20260917,gen-dec-1789842889-pbIAdNnwldSwOVQBF6bQ,,1d16b25dcca8,2026-09-19T18:34:49+00:00
342,DES-343,19604,SCOPUS_ID:84921845812,10.2105/ajph.2014.302284,Rumors and realities: Making sense of HIV/AIDS conspiracy narratives and contemporary legends,American Journal Of Public Health,2015,Other/None,Other/None,Other/None,Other/None,Other/None,Other/None,False,False,False,False,True,,,,True,0.96,True,yes,1.0,1.0,1482,50,6.2244e-05,262.67675001872703,1,typesafe/jev-1.13-20260917,gen-dec-1789842889-mmvluoglT4LEcWY05c0h,,1d16b25dcca8,2026-09-19T18:34:49+00:00
343,DES-344,25817,SCOPUS_ID:84884291326,10.1007/s10654-013-9813-z,Influenza H1N1 vaccination and adverse pregnancy outcome,European Journal Of Epidemiology,2013,Other/None,Cohort,Cohort,Other/None,Cohort,Cohort,False,False,False,False,False,Child; H1N1; Immunization; Influenza; Pregnancy; Preterm birth; Small-for-gestational-age; Vaccination,,,True,0.07,False,no,0.0,0.99,1823,50,7.6566e-05,416.2713330006227,1,typesafe/jev-1.13-20260917,gen-dec-1789842889-ikWaHsHQzgHxE4beVjEp,,1d16b25dcca8,2026-09-19T18:34:49+00:00
344,DES-345,27576,SCOPUS_ID:34047197668,10.1093/eurpub/ckl097,'It's interesting how few people die from smoking': Tobacco industry efforts to minimize risk and discredit health promotion,European Journal Of Public Health,2007,Other/None,Qualitative,Qualitative,Other/None,Qualitative,Qualitative,False,False,False,False,False,Mass media; Smoking cessation; Tobacco industry,,,True,0.07,False,no,0.01,0.99,1697,50,7.1274e-05,270.8599579927977,1,typesafe/jev-1.13-20260917,gen-dec-1789842889-xcK9BbI0zIjEjMhYBvgY,,1d16b25dcca8,2026-09-19T18:34:49+00:00
345,DES-346,34023,SCOPUS_ID:85100358342,10.1093/ije/dyaa133,Maternal life and work stressors during pregnancy and asthma in offspring,International Journal Of Epidemiology,2020,Other/None,Cohort,Cohort,Other/None,Cohort,Cohort,False,False,False,False,False,bereavement; childhood asthma; job-exposure matrix; Negative life events; occupational exposure; stress,,,True,0.03,False,no,0.0,1.0,1645,50,6.909e-05,276.82674999232404,1,typesafe/jev-1.13-20260917,gen-dec-1789842889-kPrDpunxTjDORi1aAHno,,1d16b25dcca8,2026-09-19T18:34:49+00:00
346,DES-347,45354,SCOPUS_ID:85166343792,10.1016/j.ypmed.2023.107645,US state laws relevant to incentives for health behavior: A qualitative analysis,Preventive Medicine,2023,Qualitative,Other/None,Qualitative,Other/None,Qualitative,Qualitative,False,False,False,False,True,Contingency management; Health behavior; Health legislation; Incentive; Laws and statutes; Substance use disorder; Wellness programs,,,True,0.94,True,yes,1.0,0.99,1646,50,6.9132e-05,278.90766598284245,1,typesafe/jev-1.13-20260917,gen-dec-1789842889-jbUEXEc3eO0QjTWFIcSi,,1d16b25dcca8,2026-09-19T18:34:49+00:00
347,DES-348,9317,SCOPUS_ID:36048983381,10.1016/j.amepre.2007.09.013,Smoking Cessation. A Critical Component of Medical Management in Chronic Disease Populations,American Journal Of Preventive Medicine,2007,Other/None,Other/None,Other/None,Other/None,Other/None,Other/None,False,False,False,False,False,,,,True,0.07,False,no,0.0,1.0,1563,50,6.5646e-05,258.32170801004395,1,typesafe/jev-1.13-20260917,gen-dec-1789842889-2fyyKiM4PvBfM1DisNr4,,1d16b25dcca8,2026-09-19T18:34:49+00:00
348,DES-349,40065,SCOPUS_ID:0344609326,10.1006/pmed.1998.0370,A randomized community trial to increase mammography utilization among low-income women living in public housing,Preventive Medicine,1998,Other/None,Experimental,Experimental,Other/None,Experimental,Other/None,False,False,False,False,False,Breast neoplasms; Cancer; Health behavior; Intervention studies; Mammography; Mass screening; Poverty; Public housing,,,True,0.25,False,no,0.17,0.65,1597,50,6.7074e-05,283.7514999846462,1,typesafe/jev-1.13-20260917,gen-dec-1789842889-wgfmO7x9Hw3TGU0TWV20,,1d16b25dcca8,2026-09-19T18:34:49+00:00
349,DES-350,4907,SCOPUS_ID:77958111908,10.1093/aje/kwq226,"Maternal alcohol consumption, alcohol metabolism genes, and the risk of oral clefts: A population-based case-control study in Norway, 1996-2001",American Journal Of Epidemiology,2010,Case-control,Case-control,Case-control,Other/None,Case-control,Case-control,False,False,False,False,False,alcohol drinking; alcoholic beverages; cleft lip; cleft palate; genetic research; maternal exposure; pregnancy,,,True,0.03,False,no,0.0,1.0,1701,50,7.1442e-05,287.38487500231713,1,typesafe/jev-1.13-20260917,gen-dec-1789842889-E5kM0Th5dqRVOOHWhLJI,,1d16b25dcca8,2026-09-19T18:34:49+00:00
350,DES-351,10623,SCOPUS_ID:84906303468,10.1016/j.amepre.2014.05.021,Experiences and wisdom behind the numbers: Qualitative analysis of the national action alliance for suicide prevention's research prioritization task force stakeholder survey,American Journal Of Preventive Medicine,2014,Qualitative,Qualitative,Qualitative,Other/None,Qualitative,Qualitative,False,False,False,False,False,,,,True,0.1,False,no,0.01,0.97,1706,50,7.1652e-05,318.4821250033565,1,typesafe/jev-1.13-20260917,gen-dec-1789842889-Gnm6RhpXO05Ug9jA7PZz,,1d16b25dcca8,2026-09-19T18:34:49+00:00
351,DES-352,742,SCOPUS_ID:0027443408,10.1093/oxfordjournals.aje.a116885,"Long-term risk of hysterectomy among 80,007 sterilized and comparison women at kaiser permanente, 1971-1987",American Journal Of Epidemiology,1993,Other/None,Other/None,Other/None,Cohort,Cohort,Cohort,False,False,False,False,False,"Cohort studies; Health maintenance organizations; Hysterectomy; Longitudinal studies; Sterilization, tubal",,,True,0.03,False,no,0.0,1.0,1715,50,7.203e-05,288.1924160174094,1,typesafe/jev-1.13-20260917,gen-dec-1789842889-gHLaEJATCUH1Zvn4KrlN,,1d16b25dcca8,2026-09-19T18:34:49+00:00
352,DES-353,24417,SCOPUS_ID:0032804298,10.1023/a:1007594911541,Influenza vaccines: Antibody responses to split virus and MF59- adjuvanted subunit virus in an adult population,European Journal Of Epidemiology,1999,Other/None,Other/None,Other/None,Other/None,Other/None,Other/None,False,False,False,False,False,Adjuvant; Immune response; Influenza; Vaccination,,,True,0.03,False,no,0.0,1.0,1587,50,6.6654e-05,319.124041008763,1,typesafe/jev-1.13-20260917,gen-dec-1789842889-QmjOKbkYTqr44w62r6fg,,1d16b25dcca8,2026-09-19T18:34:49+00:00
353,DES-354,9983,SCOPUS_ID:80053330684,10.1016/j.amepre.2011.06.003,Integration of community health teaching in the undergraduate medicine curriculum at the University of Toronto,American Journal Of Preventive Medicine,2011,Other/None,Ecological / Time-series,Ecological / Time-series,Other/None,Ecological / Time-series,Ecological / Time-series,False,False,False,False,False,,,,True,0.1,False,no,0.01,0.98,1667,50,7.0014e-05,309.8141659866087,1,typesafe/jev-1.13-20260917,gen-dec-1789842889-Lql7D5tVr1Z4RIRzEJcH,,1d16b25dcca8,2026-09-19T18:34:50+00:00
354,DES-355,17876,SCOPUS_ID:81555196091,10.2105/ajph.2011.300263,An innovative method to involve community health workers as partners in evaluation research,American Journal Of Public Health,2011,Other/None,Qualitative,Qualitative,Other/None,Qualitative,Qualitative,False,False,False,False,False,,,,True,0.17,False,no,0.07,0.86,1560,50,6.552e-05,297.9332079994492,1,typesafe/jev-1.13-20260917,gen-dec-1789842889-hyht2TPbaiwTEXv1lGvj,,1d16b25dcca8,2026-09-19T18:34:50+00:00
355,DES-356,39226,SCOPUS_ID:85111300048,10.1016/s2468-2667(21)00052-9,Impact of minimum unit pricing on alcohol purchases in Scotland and Wales: controlled interrupted time series analyses,The Lancet Public Health,2021,Quasi-experimental,Quasi-experimental,Quasi-experimental,Other/None,Quasi-experimental,Other/None,False,True,False,True,True,,,,True,0.98,True,yes,1.0,1.0,2006,50,8.4252e-05,377.49758298741654,1,typesafe/jev-1.13-20260917,gen-dec-1789842889-0cvBwTUUn4wUChecsq5W,,1d16b25dcca8,2026-09-19T18:34:50+00:00
356,DES-357,1045,SCOPUS_ID:0028267147,10.1093/oxfordjournals.aje.a117077,Nonresponse pattern and bias in a community-based cross-sectional study of cognitive functioning among the elderly,American Journal Of Epidemiology,1994,Cross-sectional,Cross-sectional,Cross-sectional,Cross-sectional,Cross-sectional,Cross-sectional,True,True,False,True,False,Aged; Cognition; Cross-sectional studies; Epidemiologic methods; Family practice,,,True,0.07,False,no,0.01,0.99,1756,50,7.3752e-05,344.0553749969695,1,typesafe/jev-1.13-20260917,gen-dec-1789842889-fKSeDzHWqEYPIKuAboGI,,1d16b25dcca8,2026-09-19T18:34:50+00:00
357,DES-358,27392,SCOPUS_ID:20644470941,10.1093/eurpub/cki102,How is your health in general? A qualitative study on self-assessed health,European Journal Of Public Health,2005,Qualitative,Qualitative,Qualitative,Qualitative,Qualitative,Qualitative,False,False,False,False,False,Qualitative study; Selfassessed health; Stratified sample; Subgroup differences,,,True,0.03,False,no,0.0,1.0,1723,50,7.2366e-05,339.52499998849817,1,typesafe/jev-1.13-20260917,gen-dec-1789842889-tas4ZNWuwhYaMdD59CzX,,1d16b25dcca8,2026-09-19T18:34:50+00:00
358,DES-359,11258,SCOPUS_ID:85021341801,10.1016/j.amepre.2017.04.014,Recent Patterns in Genetic Testing for Breast and Ovarian Cancer Risk in the U.S.,American Journal Of Preventive Medicine,2017,Other/None,Quasi-experimental,Quasi-experimental,Other/None,Quasi-experimental,Quasi-experimental,False,True,False,True,True,,,,True,0.77,True,yes,0.88,0.76,1658,50,6.9636e-05,307.36854099086486,1,typesafe/jev-1.13-20260917,gen-dec-1789842890-l1G34HuXxKJYBCf41uwE,,1d16b25dcca8,2026-09-19T18:34:50+00:00
359,DES-360,543,SCOPUS_ID:0026657505,10.1093/oxfordjournals.aje.a116520,Efficiency loss from categorizing quantitative exposures into qualitative exposures in case-control studies,American Journal Of Epidemiology,1992,Other/None,Qualitative,Qualitative,Case-control,Qualitative,Qualitative,True,True,False,True,False,Case-control studies; Epidemiologic methods; Models; Odds ratio; Statistical; Statistics,,,True,0.13,False,no,0.11,0.77,1778,50,7.4676e-05,346.62833300535567,1,typesafe/jev-1.13-20260917,gen-dec-1789842890-K4jpu6LL6wYMrRigcHZi,,1d16b25dcca8,2026-09-19T18:34:50+00:00
360,DES-361,42318,SCOPUS_ID:79954594076,10.1016/j.ypmed.2011.03.010,A feasibility study of a personalised lifestyle programme (HealthForce) for individuals who have participated in cardiovascular risk screening,Preventive Medicine,2011,Other/None,Experimental,Experimental,Other/None,Experimental,Experimental,False,False,False,False,False,Cardiovascular screening; Feasibility study; Intervention; Obesity; Weight management,,,True,0.04,False,no,0.0,1.0,1695,50,7.119e-05,353.44000000623055,1,typesafe/jev-1.13-20260917,gen-dec-1789842890-Xn0lHjOmmtA3zELh8SmX,,1d16b25dcca8,2026-09-19T18:34:50+00:00
361,DES-362,22236,SCOPUS_ID:17844375458,10.1097/01.ede.0000158742.11877.99,Influence of body size and body fat distribution on risk of uterine leiomyomata in U.S. black women,Epidemiology,2005,Other/None,Cohort,Cohort,Other/None,Cohort,Cohort,False,False,False,False,False,,,,True,0.02,False,no,0.0,1.0,1906,50,8.0052e-05,283.1284170097206,1,typesafe/jev-1.13-20260917,gen-dec-1789842890-dQaopu6FEbOGvCkA1rYr,,1d16b25dcca8,2026-09-19T18:34:50+00:00
362,DES-363,38861,SCOPUS_ID:85164409882,10.1136/jech-2022-219654,Could diabetes prevention programmes result in the widening of sociodemographic inequalities in type 2 diabetes? Comparison of survey and administrative data for England,Journal Of Epidemiology And Community Health,2023,Other/None,Cohort,Cohort,Other/None,Cohort,Cohort,False,False,False,False,True,diabetes mellitus; health inequalities; prevention; primary health care,,,True,0.97,True,yes,1.0,1.0,1917,50,8.0514e-05,365.4103330045473,1,typesafe/jev-1.13-20260917,gen-dec-1789842890-pMY7FxJ43LDjG5PrSdlS,,1d16b25dcca8,2026-09-19T18:34:50+00:00
363,DES-364,16939,SCOPUS_ID:35748940993,10.2105/ajph.2006.094615,Motorcycle safety and the repeal of universal helmet laws,American Journal Of Public Health,2007,Other/None,Ecological / Time-series,Ecological / Time-series,Other/None,Ecological / Time-series,Ecological / Time-series,False,False,False,False,False,,,,True,0.77,True,yes,0.78,0.56,1587,50,6.6654e-05,294.98350000358187,1,typesafe/jev-1.13-20260917,gen-dec-1789842890-w05o7rxfIFxLeFle7VcS,,1d16b25dcca8,2026-09-19T18:34:50+00:00
364,DES-365,22272,SCOPUS_ID:33750488434,10.1097/01.ede.0000239688.70829.63,Impact of high temperatures on mortality: Is there an added heat wave effect?,Epidemiology,2006,Other/None,Ecological / Time-series,Ecological / Time-series,Other/None,Ecological / Time-series,Ecological / Time-series,False,False,False,False,True,,,,True,0.92,True,yes,0.99,0.99,1754,50,7.3668e-05,356.1922910157591,1,typesafe/jev-1.13-20260917,gen-dec-1789842890-XNC4ElWr18bFhZCaLP9d,,1d16b25dcca8,2026-09-19T18:34:50+00:00
365,DES-366,32145,SCOPUS_ID:3242886215,10.1093/ije/dyh093,Impact of social standing on injury prevention in a World Health Organization Safe Community - Intervention outcome by household employment contract,International Journal Of Epidemiology,2004,Other/None,Quasi-experimental,Quasi-experimental,Other/None,Quasi-experimental,Quasi-experimental,False,True,False,True,True,,,,True,0.88,True,yes,0.99,0.97,1754,50,7.3668e-05,268.42833298724145,1,typesafe/jev-1.13-20260917,gen-dec-1789842890-LrxYlbCUhFIf47cXd6Jk,,1d16b25dcca8,2026-09-19T18:34:50+00:00
366,DES-367,23781,SCOPUS_ID:85135753773,10.1097/ede.0000000000001506,"Thunderstorms, Pollen, and Severe Asthma in a Midwestern, USA, Urban Environment, 2007-2018",Epidemiology,2022,Other/None,Ecological / Time-series,Ecological / Time-series,Other/None,Ecological / Time-series,Ecological / Time-series,False,False,False,False,False,,,,True,0.03,False,no,0.0,1.0,1694,50,7.1148e-05,287.4771250062622,1,typesafe/jev-1.13-20260917,gen-dec-1789842890-G1LXXuBAt2S4zpvA9vPG,,1d16b25dcca8,2026-09-19T18:34:50+00:00
367,DES-368,22761,SCOPUS_ID:79955074502,10.1097/ede.0b013e3182117747,Bayesian factor analysis to calculate a deprivation index and its uncertainty,Epidemiology,2011,Other/None,Ecological / Time-series,Ecological / Time-series,Other/None,Ecological / Time-series,Ecological / Time-series,False,False,False,False,True,,,,True,0.69,True,yes,0.83,0.66,1682,50,7.0644e-05,328.5219999961555,1,typesafe/jev-1.13-20260917,gen-dec-1789842890-GCmHi4NtPlqlohyxmIWY,,1d16b25dcca8,2026-09-19T18:34:50+00:00
368,DES-369,27390,SCOPUS_ID:25844434307,10.1093/eurpub/cki087,"Work, retirement and physical activity: Cross-sectional analyses from the Whitehall II study",European Journal Of Public Health,2005,Other/None,Cohort,Cohort,Other/None,Cohort,Cohort,False,False,False,False,False,Physical activity; Retirement; Working,,,True,0.04,False,no,0.0,1.0,1686,50,7.0812e-05,271.1107909854036,1,typesafe/jev-1.13-20260917,gen-dec-1789842890-z1Sty83N9jReWjiHiPhr,,1d16b25dcca8,2026-09-19T18:34:50+00:00
369,DES-370,1326,SCOPUS_ID:0028980727,10.1093/oxfordjournals.aje.a117422,Parental exposures to pesticides and risk of wilms' tumor in Brazil,American Journal Of Epidemiology,1995,Other/None,Other/None,Other/None,Case-control,Case-control,Case-control,False,False,False,False,False,Case-control studies; Child; Genetics; Kidney neoplasms; Occupational exposure; Pesticides; Wilms' tumor,,,True,0.02,False,no,0.0,1.0,1789,50,7.5138e-05,265.515167004196,1,typesafe/jev-1.13-20260917,gen-dec-1789842890-f96yy4244RaeyTKR4BBv,,1d16b25dcca8,2026-09-19T18:34:50+00:00
370,DES-371,16589,SCOPUS_ID:14644431001,10.2105/ajph.2004.038349,In their own words: Lessons learned from those exposed to anthrax,American Journal Of Public Health,2005,Other/None,Qualitative,Qualitative,Other/None,Qualitative,Qualitative,False,False,False,False,True,,,,True,0.92,True,yes,0.99,0.99,1627,50,6.8334e-05,355.925500014564,1,typesafe/jev-1.13-20260917,gen-dec-1789842890-756y1DUzYWUJTY3HNLB7,,1d16b25dcca8,2026-09-19T18:34:50+00:00
371,DES-372,39241,SCOPUS_ID:85105896370,10.1016/s2468-2667(21)00023-2,Effect of alternative income assistance schedules on drug use and drug-related harm: a randomised controlled trial,The Lancet Public Health,2021,Experimental,Other/None,Experimental,Other/None,Experimental,Experimental,False,False,False,False,False,,,,True,0.45,False,no,0.45,0.1,2147,50,9.0174e-05,285.99679202307016,1,typesafe/jev-1.13-20260917,gen-dec-1789842890-aMlmWMYAWksKMUWxhvv6,,1d16b25dcca8,2026-09-19T18:34:50+00:00
372,DES-373,16557,SCOPUS_ID:17844396890,10.2105/ajph.2004.054171,Social epidemiology of trauma among 2 American Indian reservation populations,American Journal Of Public Health,2005,Other/None,Other/None,Other/None,Other/None,Other/None,Other/None,False,False,False,False,False,,,,True,0.08,False,no,0.0,0.99,1598,50,6.7116e-05,338.08824999141507,1,typesafe/jev-1.13-20260917,gen-dec-1789842890-XSS3hl1FEwkuLnJM3f2d,,1d16b25dcca8,2026-09-19T18:34:50+00:00
373,DES-374,32039,SCOPUS_ID:0038187646,10.1093/ije/dyg064,Hormonal factors and risk of lung cancer among women?,International Journal Of Epidemiology,2003,Other/None,Case-control,Case-control,Case-control,Case-control,Case-control,False,False,False,False,False,Case-control study; Hormones; Lung cancer; Smoking; Women,,,True,0.03,False,no,0.0,1.0,1750,50,7.35e-05,285.70370801026,1,typesafe/jev-1.13-20260917,gen-dec-1789842890-w7g9baXsfZY9P6FxI6B4,,1d16b25dcca8,2026-09-19T18:34:50+00:00
374,DES-375,36615,SCOPUS_ID:44349167275,10.1136/jech.2006.059394,Publication bias in qualitative research: What becomes of qualitative research presented at conferences?,Journal Of Epidemiology And Community Health,2008,Qualitative,Qualitative,Qualitative,Other/None,Qualitative,Qualitative,False,False,False,False,False,,,,True,0.15,False,no,0.05,0.9,1672,50,7.0224e-05,285.87699998752214,1,typesafe/jev-1.13-20260917,gen-dec-1789842890-h9WCNWPV5UoctG6E4ZAd,,1d16b25dcca8,2026-09-19T18:34:50+00:00
375,DES-376,41623,SCOPUS_ID:34548307295,10.1016/j.ypmed.2007.05.005,A poster-based intervention to promote stair use in blue- and white-collar worksites,Preventive Medicine,2007,Other/None,Ecological / Time-series,Ecological / Time-series,Other/None,Ecological / Time-series,Ecological / Time-series,False,False,False,False,False,Blue- and white-collar worksites; Prompts; Stair use,,,True,0.16,False,no,0.06,0.87,1637,50,6.8754e-05,340.733207995072,1,typesafe/jev-1.13-20260917,gen-dec-1789842890-AX8sJCfAFx8n1LLXpKOI,,1d16b25dcca8,2026-09-19T18:34:50+00:00
376,DES-377,14980,SCOPUS_ID:0030803421,10.2105/ajph.87.8.1341,Screening for adolescent smoking among primary care physicians in California,American Journal Of Public Health,1997,Other/None,Other/None,Other/None,Other/None,Other/None,Other/None,False,False,False,False,False,,,,True,0.18,False,no,0.08,0.84,1627,50,6.8334e-05,315.10566599899903,1,typesafe/jev-1.13-20260917,gen-dec-1789842890-BgFNHzlRV8hlTVb7gMif,,1d16b25dcca8,2026-09-19T18:34:50+00:00
377,DES-378,7715,SCOPUS_ID:85160967685,10.1093/aje/kwad032,The Role of Ozone as a Mediator of the Relationship Between Heat Waves and Mortality in 15 French Urban Areas,American Journal Of Epidemiology,2023,Other/None,Ecological / Time-series,Ecological / Time-series,Other/None,Ecological / Time-series,Ecological / Time-series,False,False,False,False,False,heat waves; mediation analysis; ozone,,,True,0.03,False,no,0.0,1.0,1678,50,7.0476e-05,357.64612499042414,1,typesafe/jev-1.13-20260917,gen-dec-1789842890-D7O4swptcScYD1UX9RqS,,1d16b25dcca8,2026-09-19T18:34:50+00:00
378,DES-379,38557,SCOPUS_ID:85099060634,10.1136/jech-2020-215319,After the bell: Adolescents' organised leisure-time activities and well-being in the context of social and socioeconomic inequalities,Journal Of Epidemiology And Community Health,2021,Other/None,Other/None,Other/None,Other/None,Other/None,Other/None,False,False,False,False,True,adolescents CG; mental health; self-rated health; social inequalities; sport,,,True,0.98,True,yes,1.0,1.0,1678,50,7.0476e-05,272.83391600940377,1,typesafe/jev-1.13-20260917,gen-dec-1789842890-NZIRnQfguZYxnOVrwHbT,,1d16b25dcca8,2026-09-19T18:34:50+00:00
379,DES-380,28820,SCOPUS_ID:85059275023,10.1093/eurpub/cky003,Hepatitis B in Moroccan-Dutch: A qualitative study into determinants of screening participation,European Journal Of Public Health,2018,Qualitative,Other/None,Qualitative,Other/None,Qualitative,Qualitative,False,False,False,False,True,,,,True,0.85,True,yes,0.98,0.95,1676,50,7.0392e-05,301.9252499798313,1,typesafe/jev-1.13-20260917,gen-dec-1789842890-bOygRjSAu9WcxvxMCwbg,,1d16b25dcca8,2026-09-19T18:34:51+00:00
380,DES-381,33162,SCOPUS_ID:84922388302,10.1093/ije/dyu170,"The influence of smoking, sedentary lifestyle and obesity on cognitive impairment-free life expectancy",International Journal Of Epidemiology,2014,Other/None,Other/None,Other/None,Other/None,Other/None,Other/None,False,False,False,False,False,Cognitive impairment; Disability; DYNOPTA; Healthy life; Life expectancy; Obesity; Risk factors; Sedentary; Smoking,,,True,0.45,False,no,0.45,0.09,1692,50,7.1064e-05,337.4883329961449,1,typesafe/jev-1.13-20260917,gen-dec-1789842890-GSqOWP3J9BBUJeDLgKk1,,1d16b25dcca8,2026-09-19T18:34:51+00:00
381,DES-382,17503,SCOPUS_ID:59049096909,10.2105/ajph.2008.137588,Ethical issues in public health practice in Michigan,American Journal Of Public Health,2009,Other/None,Qualitative,Qualitative,Other/None,Qualitative,Qualitative,False,False,False,False,False,,,,True,0.61,True,yes,0.75,0.5,1600,50,6.72e-05,265.65895800013095,1,typesafe/jev-1.13-20260917,gen-dec-1789842890-3Oakkywfsxy7mtrAqVcn,,1d16b25dcca8,2026-09-19T18:34:51+00:00
382,DES-383,28022,SCOPUS_ID:84864075999,10.1093/eurpub/ckr171,"Pandemic influenza A (H1N1) 2009 in Madrid, Spain: Incidence and characteristics in immigrant and native population",European Journal Of Public Health,2012,Other/None,Cross-sectional,Cross-sectional,Other/None,Cross-sectional,Cross-sectional,False,False,False,False,True,,,,True,0.98,True,yes,1.0,1.0,1773,50,7.4466e-05,258.22687498293817,1,typesafe/jev-1.13-20260917,gen-dec-1789842890-MO4IHSiCUKOSQT8JxD1n,,1d16b25dcca8,2026-09-19T18:34:51+00:00
383,DES-384,40841,SCOPUS_ID:12244294467,10.1016/s0091-7435(02)00015-4,A lifestyle intervention improves plasma insulin levels among Native American high school youth,Preventive Medicine,2003,Other/None,Cross-sectional,Cross-sectional,Other/None,Cross-sectional,Cross-sectional,False,False,False,False,False,"Adolescence; Adolescent nutrition; Diabetes mellitus, type 2; Diet; Epidemiology; Exercise; Hyperinsulinemia; Indians, North American; Insulin resistance; Intervention studies; Risk factors; Soft drinks",,,True,0.15,False,no,0.03,0.93,1674,50,7.0308e-05,282.01279099448584,1,typesafe/jev-1.13-20260917,gen-dec-1789842891-hU22LDOfQ1lgDHbX3ORR,,1d16b25dcca8,2026-09-19T18:34:51+00:00
384,DES-385,40066,SCOPUS_ID:0344142381,10.1006/pmed.1998.0398,A sustainable behavioral intervention to increase condom use and reduce gonorrhea among sex workers in Singapore: 2-year follow-up,Preventive Medicine,1998,Other/None,Ecological / Time-series,Ecological / Time-series,Other/None,Ecological / Time-series,Ecological / Time-series,False,False,False,False,False,Behavioral and environmental intervention; Gonorrhea; Negotiation skills; Sustained condom use,,,True,0.09,False,no,0.01,0.99,1663,50,6.9846e-05,277.03737499541603,1,typesafe/jev-1.13-20260917,gen-dec-1789842890-VHS2hFfkC1fxIUfx4meH,,1d16b25dcca8,2026-09-19T18:34:51+00:00
385,DES-386,19306,SCOPUS_ID:84939126673,10.2105/ajph.2014.302428,Effects of a 2009 Illinois alcohol tax increase on fatal motor vehicle crashes,American Journal Of Public Health,2015,Other/None,Quasi-experimental,Quasi-experimental,Other/None,Quasi-experimental,Other/None,False,True,False,True,True,,,,True,0.94,True,yes,0.99,0.98,1622,50,6.8124e-05,364.7406669915654,1,typesafe/jev-1.13-20260917,gen-dec-1789842891-eKIJpvKXTrV5EPbgk14P,,1d16b25dcca8,2026-09-19T18:34:51+00:00
386,DES-387,23222,SCOPUS_ID:84957437053,10.1097/ede.0000000000000421,Long- and short-term exposure to air pollution and inflammatory/hemostatic markers in midlife women,Epidemiology,2016,Other/None,Cohort,Cohort,Other/None,Cohort,Cohort,False,False,False,False,False,,,,True,0.04,False,no,0.0,1.0,1789,50,7.5138e-05,343.86583301238716,1,typesafe/jev-1.13-20260917,gen-dec-1789842891-RDeY4hIS1lfFCbAfQcuO,,1d16b25dcca8,2026-09-19T18:34:51+00:00
387,DES-388,20260,SCOPUS_ID:85090870550,10.2105/ajph.2020.305748,"Exploration of the STOP act and opioid deaths in North Carolina, 2010-2018",American Journal Of Public Health,2020,Other/None,Quasi-experimental,Quasi-experimental,Other/None,Quasi-experimental,Other/None,False,True,False,True,True,,,,True,0.97,True,yes,1.0,1.0,1610,50,6.762e-05,360.12250001658686,1,typesafe/jev-1.13-20260917,gen-dec-1789842891-hO5JpLVPXTeAUZlifHH9,,1d16b25dcca8,2026-09-19T18:34:51+00:00
388,DES-389,2975,SCOPUS_ID:0037093214,10.1093/aje/155.10.908,Are Gulf War veterans experiencing illness due to exposure to smoke from Kuwaiti oil well fires? Examination of Department of Defense hospitalization data,American Journal Of Epidemiology,2002,Other/None,Cohort,Cohort,Other/None,Cohort,Cohort,False,False,False,False,False,Environmental exposure; Hospitalization; Inhalation exposure; Morbidity; Persian Gulf syndrome; Petroleum; Smoke; Veterans,,,True,0.03,False,no,0.0,1.0,1650,50,6.93e-05,278.7215000134893,1,typesafe/jev-1.13-20260917,gen-dec-1789842891-2n7xYnnzKHkNDyx0kstc,,1d16b25dcca8,2026-09-19T18:34:51+00:00
389,DES-390,10998,SCOPUS_ID:84994091625,10.1016/j.amepre.2016.06.015,Understanding and Promoting Effective Engagement With Digital Behavior Change Interventions,American Journal Of Preventive Medicine,2016,Other/None,Qualitative,Qualitative,Other/None,Qualitative,Qualitative,False,False,False,False,False,,,,True,0.19,False,no,0.12,0.77,1627,50,6.8334e-05,264.1220419900492,1,typesafe/jev-1.13-20260917,gen-dec-1789842891-5D1Ksl8jZl8ptUIIb76A,,1d16b25dcca8,2026-09-19T18:34:51+00:00
390,DES-391,30918,SCOPUS_ID:0029061432,10.1093/ije/24.supplement_1.s21,Infant feeding and mental and motor development at 18 months of age in first born singletons,International Journal Of Epidemiology,1995,Other/None,Experimental,Experimental,Other/None,Experimental,Other/None,False,False,False,False,False,,,,True,0.06,False,no,0.0,0.99,1700,50,7.14e-05,454.0644579974469,1,typesafe/jev-1.13-20260917,gen-dec-1789842891-AgszVlDo1yC1Ys4or1Ft,,1d16b25dcca8,2026-09-19T18:34:51+00:00
391,DES-392,36500,SCOPUS_ID:33947638360,10.1136/jech.2006.049205,Seasonal variation of effect of air pollution on blood pressure,Journal Of Epidemiology And Community Health,2007,Other/None,Cross-sectional,Cross-sectional,Other/None,Cross-sectional,Cross-sectional,False,False,False,False,False,,,,True,0.03,False,no,0.0,1.0,1620,50,6.804e-05,242.8655000112485,1,typesafe/jev-1.13-20260917,gen-dec-1789842891-Zqz4KCS25ABIPOQxPCnM,,1d16b25dcca8,2026-09-19T18:34:51+00:00
392,DES-393,37544,SCOPUS_ID:84905438695,10.1136/jech-2013-203434,The effects of an urban renewal project on health and health inequalities: A quasi-experimental study in Barcelona,Journal Of Epidemiology And Community Health,2014,Quasi-experimental,Quasi-experimental,Quasi-experimental,Other/None,Quasi-experimental,Quasi-experimental,False,True,False,True,False,,,,True,0.1,False,no,0.01,0.98,1700,50,7.14e-05,263.91829099156894,1,typesafe/jev-1.13-20260917,gen-dec-1789842891-QWKIFPQH6fCP7AyfnaIn,,1d16b25dcca8,2026-09-19T18:34:51+00:00
393,DES-394,6464,SCOPUS_ID:85037709028,10.1093/aje/kwx185,Parental Age and Risk of Lymphoid Neoplasms,American Journal Of Epidemiology,2017,Other/None,Case-control,Case-control,Case-control,Case-control,Case-control,False,False,False,False,False,adult offspring; case-control studies; lymphoma; maternal age; paternal age; risk factors,,,True,0.03,False,no,0.0,1.0,1684,50,7.0728e-05,265.3834579978138,1,typesafe/jev-1.13-20260917,gen-dec-1789842891-LZUC3FroBqsregEpxenE,,1d16b25dcca8,2026-09-19T18:34:51+00:00
394,DES-395,9697,SCOPUS_ID:64049086213,10.1016/j.amepre.2009.01.023,News Coverage and Sales of Products with Trans Fat. Effects Before and After Changes in Federal Labeling Policy,American Journal Of Preventive Medicine,2009,Other/None,Ecological / Time-series,Ecological / Time-series,Other/None,Ecological / Time-series,Ecological / Time-series,False,False,False,False,False,,,,True,0.19,False,no,0.1,0.8,1704,50,7.1568e-05,279.11487498204224,1,typesafe/jev-1.13-20260917,gen-dec-1789842891-xPr3lsnQnxhOrbmGxaAK,,1d16b25dcca8,2026-09-19T18:34:51+00:00
395,DES-396,35218,SCOPUS_ID:0028907859,10.1136/jech.49.2.124,Sickness absence as a measure of health status and functioning: From the UK Whitehall II study,Journal Of Epidemiology And Community Health,1995,Other/None,Cohort,Cohort,Other/None,Cohort,Cohort,False,False,False,False,False,,,,True,0.1,False,no,0.03,0.94,1675,50,7.035e-05,257.25608301581815,1,typesafe/jev-1.13-20260917,gen-dec-1789842891-jxVl3PbBcelFBablj66y,,1d16b25dcca8,2026-09-19T18:34:51+00:00
396,DES-397,4395,SCOPUS_ID:47649128174,10.1093/aje/kwn137,A simple screening approach for assessing community prevalence and phenotype of polycystic ovary syndrome in a semiurban population in Sri Lanka,American Journal Of Epidemiology,2008,Other/None,Cross-sectional,Cross-sectional,Other/None,Cross-sectional,Cross-sectional,False,False,False,False,False,Mass screening; Polycystic ovary syndrome; Sri Lanka,,,True,0.03,False,no,0.0,1.0,1780,50,7.476e-05,303.750792023493,1,typesafe/jev-1.13-20260917,gen-dec-1789842891-rljPqjuNaQNPILOlcwJz,,1d16b25dcca8,2026-09-19T18:34:51+00:00
397,DES-398,43914,SCOPUS_ID:85044867374,10.1016/j.ypmed.2018.03.021,Whether to push or pull? Nicotine reduction and non-combusted alternatives - Two strategies for reducing smoking and improving public health,Preventive Medicine,2018,Other/None,Other/None,Other/None,Other/None,Other/None,Other/None,False,False,False,False,True,Alternative nicotine delivery systems; E-cigarettes; Endgame; Nicotine reduction,,,True,0.76,True,yes,0.88,0.77,1606,50,6.7452e-05,386.8068750016391,1,typesafe/jev-1.13-20260917,gen-dec-1789842891-hbOGEkQ7giYV6joaoZkR,,1d16b25dcca8,2026-09-19T18:34:51+00:00
398,DES-399,27553,SCOPUS_ID:34547806637,10.1093/eurpub/ckl250,The barriers against childhood immunizations: A qualitative research among socio-economically disadvantaged mothers,European Journal Of Public Health,2007,Qualitative,Qualitative,Qualitative,Other/None,Qualitative,Qualitative,False,False,False,False,True,Barriers; Immunization; Qualitative; Turkey; Vaccination,,,True,0.88,True,yes,0.99,0.97,1601,50,6.7242e-05,302.9943329747766,1,typesafe/jev-1.13-20260917,gen-dec-1789842891-LSMwTz25chpMA0RZGpZ4,,1d16b25dcca8,2026-09-19T18:34:51+00:00
399,DES-400,25352,SCOPUS_ID:34447304338,10.1007/s10654-006-9100-3,Associations between overall physical activity level and cardiovascular risk factors in an adult population,European Journal Of Epidemiology,2007,Other/None,Cross-sectional,Cross-sectional,Other/None,Cross-sectional,Cross-sectional,False,False,False,False,False,Anthropometric measures; Blood pressure; Dose-response; Physical activity; Questionnaire; Serum lipids,,,True,0.03,False,no,0.0,1.0,1774,50,7.4508e-05,305.83537500933744,1,typesafe/jev-1.13-20260917,gen-dec-1789842891-Xzg4bmOQCUlSyFaqLxhH,,1d16b25dcca8,2026-09-19T18:34:51+00:00
