source_row,review_id,source_row_index,scopus_id,doi,title,journal,publication_year,design_title,design_abstract,design_strict,design_keywords,design_combined,design_combined_unambiguous,is_methodological,is_excluded_sensitivity,is_policy_analysis_eval,is_methods_qe,llm_policy_claim,keywords,manual_check1,manual_check2,ok,jev_p_yes,jev_policy_claim,jev_choice,jev_choice_p_yes,jev_choice_confidence,jev_input_tokens,jev_output_tokens,jev_cost_usd,jev_latency_ms,jev_attempts,jev_model,jev_request_id,jev_error,jev_questions_hash,jev_timestamp
0,DES-001,18494,SCOPUS_ID:84879781393,10.2105/ajph.2013.301458,A randomized trial of a hepatitis care coordination model in methadone maintenance treatment,American Journal Of Public Health,2013,Experimental,Experimental,Experimental,Other/None,Experimental,Experimental,FALSE,FALSE,FALSE,FALSE,FALSE,,,,TRUE,0.08,FALSE,no,0,0.99,1680,50,7.056e-5,411.277,,typesafe/jev-1.13-20260917,gen-dec-1789843826-m0iLmB6J7xLuWlskEwHh,,1d16b25dcca8,2026-09-19T18:50:35+0000
1,DES-002,11590,SCOPUS_ID:85046675352,10.1016/j.amepre.2018.02.005,State Legislative Approach to Enumerating Behavioral Health Workforce Shortages: Lessons Learned in New Mexico,American Journal Of Preventive Medicine,2018,Other/None,Other/None,Other/None,Other/None,Other/None,Other/None,FALSE,FALSE,FALSE,FALSE,FALSE,,,,TRUE,0.5,TRUE,no,0.45,0.11,1720,50,7.224e-5,324.561,,typesafe/jev-1.13-20260917,gen-dec-1789843826-RZVZiOLK5ExM09mjJWlL,,1d16b25dcca8,2026-09-19T18:50:35+0000
2,DES-003,2012,SCOPUS_ID:2642668471,10.1093/oxfordjournals.aje.a009467,Differential misclassification and the assessment of gene-environment interactions in case-control studies,American Journal Of Epidemiology,1998,Other/None,Case-control,Case-control,Case-control,Case-control,Case-control,TRUE,TRUE,FALSE,TRUE,FALSE,Case-control studies; Epidemiologic methods; Misclassification,,,TRUE,0.04,FALSE,no,0.01,0.99,1657,50,6.9594e-5,1350.511,,typesafe/jev-1.13-20260917,gen-dec-1789843827-43mJhymgncyQMMlxmrgu,,1d16b25dcca8,2026-09-19T18:50:35+0000
3,DES-004,33913,SCOPUS_ID:85070813724,10.1093/ije/dyz060,Unmasking herd protection by an oral cholera vaccine in a cluster-randomized trial,International Journal Of Epidemiology,2019,Experimental,Experimental,Experimental,Experimental,Experimental,Experimental,FALSE,FALSE,FALSE,FALSE,FALSE,Cholera; cluster-randomized trial; fried-egg design; vaccine effectiveness,,,TRUE,0.12,FALSE,no,0.04,0.92,1896,50,7.9632e-5,1207.972,,typesafe/jev-1.13-20260917,gen-dec-1789843827-3jp0kpdqwVfI9sFTPJdy,,1d16b25dcca8,2026-09-19T18:50:35+0000
4,DES-005,14023,SCOPUS_ID:0027233773,10.2105/ajph.83.5.711,Treatment for glaucoma: Adherence by the elderly,American Journal Of Public Health,1993,Other/None,Cohort,Cohort,Other/None,Cohort,Cohort,FALSE,FALSE,FALSE,FALSE,FALSE,,,,TRUE,0.66,TRUE,yes,0.82,0.64,1636,50,6.8712e-5,1250.053,,typesafe/jev-1.13-20260917,gen-dec-1789843827-VYo8ugc61XWJ4XcsVzQr,,1d16b25dcca8,2026-09-19T18:50:35+0000
5,DES-006,1230,SCOPUS_ID:0029034410,10.1093/oxfordjournals.aje.a117619,Psychotropic drugs and risk of recurrent falls in ambulatory nursing home residents,American Journal Of Epidemiology,1995,Other/None,Cohort,Cohort,Other/None,Cohort,Cohort,FALSE,FALSE,FALSE,FALSE,TRUE,Accidental falls; Aged; Nursing homes; Psychotropic drugs,,,TRUE,0.86,TRUE,yes,0.98,0.96,2028,50,8.5176e-5,1312.078,,typesafe/jev-1.13-20260917,gen-dec-1789843827-P0imub3eAyFMsUiasKMi,,1d16b25dcca8,2026-09-19T18:50:35+0000
6,DES-007,41092,SCOPUS_ID:12144290469,10.1016/j.ypmed.2003.11.005,Focus groups of Y-K Delta Alaska Natives: Attitudes toward tobacco use and tobacco dependence interventions,Preventive Medicine,2004,Other/None,Other/None,Other/None,Qualitative,Qualitative,Qualitative,FALSE,FALSE,FALSE,FALSE,FALSE,Focus group; Intervention; Tobacco cessation; Tobacco use,,,TRUE,0.4,FALSE,no,0.33,0.33,1656,50,6.9552e-5,1590.841,,typesafe/jev-1.13-20260917,gen-dec-1789843827-7i3ZYik9OGPtqIafnUDN,,1d16b25dcca8,2026-09-19T18:50:35+0000
7,DES-008,34541,SCOPUS_ID:85166442516,10.1093/ije/dyad054,A longitudinal study evaluating adverse childhood experiences and obesity in adulthood using the Canadian Longitudinal Study on Aging (CLSA),International Journal Of Epidemiology,2023,Cohort,Cohort,Cohort,Other/None,Cohort,Cohort,FALSE,FALSE,FALSE,FALSE,FALSE,Adverse childhood experiences; CLSA; nutrition; obesity; stress,,,TRUE,0.05,FALSE,no,0,1,1740,50,7.308e-5,1442.838,,typesafe/jev-1.13-20260917,gen-dec-1789843827-fiBO0CGB5gKbu2K4MKMP,,1d16b25dcca8,2026-09-19T18:50:35+0000
8,DES-009,28429,SCOPUS_ID:84904963525,10.1093/eurpub/cku014,Association between economic fluctuations and road mortality in OECD countries,European Journal Of Public Health,2014,Other/None,Other/None,Other/None,Other/None,Other/None,Other/None,FALSE,TRUE,FALSE,TRUE,FALSE,,,,TRUE,0.02,FALSE,no,0,1,1481,50,6.2202e-5,1250.1409999999998,,typesafe/jev-1.13-20260917,gen-dec-1789843827-ZPAyoRjMduE7yQkUDGh8,,1d16b25dcca8,2026-09-19T18:50:35+0000
9,DES-010,28971,SCOPUS_ID:85076307058,10.1093/eurpub/ckz024,The influence of patient case mix on public health area statistics for cancer stage at diagnosis: A cross-sectional study,European Journal Of Public Health,2019,Cross-sectional,Other/None,Cross-sectional,Other/None,Cross-sectional,Cross-sectional,FALSE,FALSE,FALSE,FALSE,TRUE,,,,TRUE,0.84,TRUE,yes,0.96,0.92,1656,50,6.9552e-5,1229.1209999999999,,typesafe/jev-1.13-20260917,gen-dec-1789843827-FwWM0t4ffraOxC5NmY7P,,1d16b25dcca8,2026-09-19T18:50:35+0000
10,DES-011,8897,SCOPUS_ID:0242289627,10.1016/s0749-3797(03)00218-6,Relationships between body mass indices and surgical replacements of knee and hip joints,American Journal Of Preventive Medicine,2003,Other/None,Case-control,Case-control,Other/None,Case-control,Case-control,FALSE,FALSE,FALSE,FALSE,FALSE,,,,TRUE,0.03,FALSE,no,0,1,1792,50,7.5264e-5,846.387,,typesafe/jev-1.13-20260917,gen-dec-1789843827-80zDmP6I77yP9EkI8LKg,,1d16b25dcca8,2026-09-19T18:50:35+0000
11,DES-012,12585,SCOPUS_ID:85125459648,10.1016/j.amepre.2021.12.012,Sustained Impact of the Philadelphia Beverage Tax on Beverage Prices and Sales Over 2 Years,American Journal Of Preventive Medicine,2022,Other/None,Quasi-experimental,Quasi-experimental,Other/None,Quasi-experimental,Quasi-experimental,FALSE,TRUE,FALSE,TRUE,FALSE,,,,TRUE,0.05,FALSE,no,0,1,1754,50,7.3668e-5,303.44300000000004,,typesafe/jev-1.13-20260917,gen-dec-1789843827-hj6cF2DsDqPBc2XbOHB4,,1d16b25dcca8,2026-09-19T18:50:35+0000
12,DES-013,3601,SCOPUS_ID:26444566662,10.1093/aje/kwi262,Association of Chlamydia trachomatis with persistence of high-risk types of human papillomavirus in a cohort of female adolescents,American Journal Of Epidemiology,2005,Other/None,Cohort,Cohort,Other/None,Cohort,Cohort,FALSE,FALSE,FALSE,FALSE,FALSE,"Adolescent; Chlamydia trachomatis; Longitudinal studies; Neisseria gonorrhoeae; Papillomavirus, human; Sexually transmitted diseases; Trichomonas vaginalis; Vaginosis, bacterial",,,TRUE,0.03,FALSE,no,0,1,1710,50,7.182e-5,809.9889999999999,,typesafe/jev-1.13-20260917,gen-dec-1789843827-QNhkmbBya7GmHhmH1DGO,,1d16b25dcca8,2026-09-19T18:50:35+0000
13,DES-014,38733,SCOPUS_ID:85127816411,10.1136/jech-2021-217266,Time trend analysis of social inequalities in psychological distress among young adults before and during the pandemic: evidence from the UK Household Longitudinal Study COVID-19 waves,Journal Of Epidemiology And Community Health,2022,Cohort,Cohort,Cohort,Other/None,Cohort,Cohort,FALSE,FALSE,FALSE,FALSE,TRUE,,,,TRUE,0.96,TRUE,yes,1,1,1770,50,7.434e-5,367.73,,typesafe/jev-1.13-20260917,gen-dec-1789843827-oWEgfLVjRVio1UCNY42T,,1d16b25dcca8,2026-09-19T18:50:35+0000
14,DES-015,42562,SCOPUS_ID:84887824395,10.1016/j.ypmed.2013.10.006,American adults eligible for the supplemental nutritional assistance program consume more sugary beverages than ineligible adults,Preventive Medicine,2013,Other/None,Cross-sectional,Cross-sectional,Other/None,Cross-sectional,Cross-sectional,FALSE,FALSE,FALSE,FALSE,FALSE,Adults; SNAP; Sugar-sweetened bevearge consumption,,,TRUE,0.05,FALSE,no,0,1,1721,50,7.2282e-5,424.274,,typesafe/jev-1.13-20260917,gen-dec-1789843827-C32qAH0RegPHERMXKIoc,,1d16b25dcca8,2026-09-19T18:50:35+0000
15,DES-016,2828,SCOPUS_ID:0035863438,10.1093/aje/153.2.114,Excess incidence of squamous cell esophageal cancer among US black men: Role of social class and other risk factors,American Journal Of Epidemiology,2001,Other/None,Case-control,Case-control,Case-control,Case-control,Case-control,FALSE,FALSE,FALSE,FALSE,TRUE,Alcohol drinking; Case-control studies; Diet; Esophageal neoplasms; Racial stocks; Risk factors; Social class; Tobacco,,,TRUE,0.74,TRUE,yes,0.84,0.68,1735,50,7.287e-5,620.2520000000001,,typesafe/jev-1.13-20260917,gen-dec-1789843827-BZZ0g01IcICRcOUQBae1,,1d16b25dcca8,2026-09-19T18:50:35+0000
16,DES-017,11916,SCOPUS_ID:85059576723,10.1016/j.amepre.2018.08.024,"Bringing “The Real Cost” to Life Through Breakthrough, Evidence-Based Advertising",American Journal Of Preventive Medicine,2019,Other/None,Other/None,Other/None,Other/None,Other/None,Other/None,FALSE,FALSE,FALSE,FALSE,FALSE,,,,TRUE,0.03,FALSE,no,0,1,1591,50,6.6822e-5,290.421,,typesafe/jev-1.13-20260917,gen-dec-1789843827-LGZlXOpq89QyV8du4DKr,,1d16b25dcca8,2026-09-19T18:50:35+0000
17,DES-018,19133,SCOPUS_ID:84896499895,10.2105/ajph.2013.301837,Effectiveness of the cigarette ignition propensity standard in preventing unintentional residential fires in Massachusetts,American Journal Of Public Health,2014,Other/None,Quasi-experimental,Quasi-experimental,Other/None,Quasi-experimental,Other/None,FALSE,TRUE,FALSE,TRUE,TRUE,,,,TRUE,0.97,TRUE,yes,1,1,1625,50,6.825e-5,255.183,,typesafe/jev-1.13-20260917,gen-dec-1789843828-JYlqgk7vZXBCI5fURcES,,1d16b25dcca8,2026-09-19T18:50:35+0000
18,DES-019,11751,SCOPUS_ID:85073516094,10.1016/j.amepre.2019.06.019,Sugar-Sweetened Beverage Health Warnings and Purchases: A Randomized Controlled Trial,American Journal Of Preventive Medicine,2019,Experimental,Other/None,Experimental,Other/None,Experimental,Experimental,FALSE,FALSE,FALSE,FALSE,TRUE,,,,TRUE,0.83,TRUE,yes,0.93,0.87,1909,50,8.0178e-5,361.05199999999996,,typesafe/jev-1.13-20260917,gen-dec-1789843828-XNBMiPsSnfTz6pxIE7iV,,1d16b25dcca8,2026-09-19T18:50:35+0000
19,DES-020,18448,SCOPUS_ID:84886412652,10.2105/ajph.2013.301283,Medicaid expansion initiative in Massachusetts: Enrollment among substance-abusing homeless adults,American Journal Of Public Health,2013,Other/None,Quasi-experimental,Quasi-experimental,Other/None,Quasi-experimental,Other/None,FALSE,TRUE,FALSE,TRUE,TRUE,,,,TRUE,0.94,TRUE,yes,0.99,0.99,1608,50,6.7536e-5,328.09700000000004,,typesafe/jev-1.13-20260917,gen-dec-1789843828-izq7BS1lYHq2CaRMVLP4,,1d16b25dcca8,2026-09-19T18:50:35+0000
20,DES-021,23978,SCOPUS_ID:85196885941,10.1097/ede.0000000000001740,Scarring in Utero: An Attempt to Validate with Data Unconfounded by Migration and Medical Care,Epidemiology,2024,Other/None,Cohort,Cohort,Other/None,Cohort,Cohort,FALSE,FALSE,FALSE,FALSE,FALSE,Environmental stressors; Gestation; Longevity; Scarring,,,TRUE,0.04,FALSE,no,0,1,1684,50,7.0728e-5,417.27500000000003,,typesafe/jev-1.13-20260917,gen-dec-1789843828-nu0NbgH3x9bjqju5yjWt,,1d16b25dcca8,2026-09-19T18:50:35+0000
21,DES-022,3381,SCOPUS_ID:4544377996,10.1093/aje/kwh260,Intussusception and oral poliovirus vaccination: Is there an association?,American Journal Of Epidemiology,2004,Other/None,Case-control,Case-control,Other/None,Case-control,Case-control,FALSE,FALSE,FALSE,FALSE,FALSE,"Intussusception; Poliovirus vaccine, oral",,,TRUE,0.04,FALSE,no,0,1,1695,50,7.119e-5,325.125,,typesafe/jev-1.13-20260917,gen-dec-1789843828-LRW3yb7f1ounEglLsKfA,,1d16b25dcca8,2026-09-19T18:50:35+0000
22,DES-023,9518,SCOPUS_ID:42949162520,10.1016/j.amepre.2008.03.005,"Did Augmenting the VERB<sup>™</sup> Campaign Advertising in Select Communities Have an Effect on Awareness, Attitudes, and Physical Activity?",American Journal Of Preventive Medicine,2008,Other/None,Quasi-experimental,Quasi-experimental,Other/None,Quasi-experimental,Quasi-experimental,FALSE,TRUE,FALSE,TRUE,FALSE,,,,TRUE,0.42,FALSE,no,0.43,0.14,1733,50,7.2786e-5,283.845,,typesafe/jev-1.13-20260917,gen-dec-1789843828-aBAyo92QcLDxuRd4GXb9,,1d16b25dcca8,2026-09-19T18:50:35+0000
23,DES-024,28826,SCOPUS_ID:85059268535,10.1093/eurpub/cky100,"The association between discrimination and health: Findings on Russian, Somali and Kurdish origin populations in Finland",European Journal Of Public Health,2018,Other/None,Other/None,Other/None,Other/None,Other/None,Other/None,FALSE,FALSE,FALSE,FALSE,TRUE,,,,TRUE,0.96,TRUE,yes,1,1,1684,50,7.0728e-5,249.477,,typesafe/jev-1.13-20260917,gen-dec-1789843828-GA8or5gQNfhELK1JSElg,,1d16b25dcca8,2026-09-19T18:50:35+0000
24,DES-025,31698,SCOPUS_ID:0033855597,10.1093/ije/29.4.629,"High-risk mammographic parenchymal patterns, hormone replacement therapy and other risk factors: A case-control study",International Journal Of Epidemiology,2000,Case-control,Case-control,Case-control,Other/None,Case-control,Case-control,FALSE,FALSE,FALSE,FALSE,TRUE,Breast parenchymal patterns; Hormone replacement therapy; Mammography; Menopausal status,,,TRUE,0.74,TRUE,yes,0.9,0.8,1706,50,7.1652e-5,314.416,,typesafe/jev-1.13-20260917,gen-dec-1789843828-njoAuJQEAeiyFz6q0hiE,,1d16b25dcca8,2026-09-19T18:50:35+0000
25,DES-026,44871,SCOPUS_ID:85103981569,10.1016/j.ypmed.2021.106546,Gains in insurance coverage following the affordable care act and change in preventive services use among non-elderly US immigrants,Preventive Medicine,2021,Other/None,Quasi-experimental,Quasi-experimental,Other/None,Quasi-experimental,Quasi-experimental,FALSE,TRUE,FALSE,TRUE,FALSE,,,,TRUE,0.09,FALSE,no,0,0.99,1713,50,7.1946e-5,380.93399999999997,,typesafe/jev-1.13-20260917,gen-dec-1789843828-y0Woi38j6vaWTScEXIcy,,1d16b25dcca8,2026-09-19T18:50:35+0000
26,DES-027,29463,SCOPUS_ID:85102213306,10.1093/eurpub/ckaa153,Hospital practices for the implementation of patient partnership in a multi-national European region,European Journal Of Public Health,2021,Other/None,Cross-sectional,Cross-sectional,Other/None,Cross-sectional,Cross-sectional,FALSE,FALSE,FALSE,FALSE,FALSE,,,,TRUE,0.06,FALSE,no,0,1,1629,50,6.8418e-5,320.00600000000003,,typesafe/jev-1.13-20260917,gen-dec-1789843828-6yIJUq0ftObPz7ejwc1O,,1d16b25dcca8,2026-09-19T18:50:35+0000
27,DES-028,31772,SCOPUS_ID:0035171270,10.1093/ije/30.5.1156,Comparing like with like: Some historical milestones in the evolution of methods to create unbiased comparison groups in therapeutic experiments,International Journal Of Epidemiology,2001,Other/None,Experimental,Experimental,Other/None,Experimental,Experimental,FALSE,FALSE,FALSE,FALSE,FALSE,,,,TRUE,0.04,FALSE,no,0,1,1646,50,6.9132e-5,330.839,,typesafe/jev-1.13-20260917,gen-dec-1789843828-Dyz5aqzYiignyQZ2zUHN,,1d16b25dcca8,2026-09-19T18:50:35+0000
28,DES-029,6799,SCOPUS_ID:85049005667,10.1093/aje/kwx353,Early Onset of Distress Disorders and High-School Dropout: Prospective Evidence from a National Cohort of Australian Adolescents,American Journal Of Epidemiology,2018,Other/None,Other/None,Other/None,Other/None,Other/None,Other/None,FALSE,FALSE,FALSE,FALSE,TRUE,adolescence; education; high-school incompletion; longitudinal; mental health,,,TRUE,0.77,TRUE,yes,0.94,0.88,1665,50,6.993e-5,278.83200000000005,,typesafe/jev-1.13-20260917,gen-dec-1789843828-6eHXL4ghVZ0fPgQjJWiS,,1d16b25dcca8,2026-09-19T18:50:35+0000
29,DES-030,12224,SCOPUS_ID:85108980788,10.1016/j.amepre.2021.04.022,Helpline Calls Associated With Preventable Emergency Department Utilization,American Journal Of Preventive Medicine,2021,Other/None,Cross-sectional,Cross-sectional,Other/None,Cross-sectional,Cross-sectional,FALSE,FALSE,FALSE,FALSE,TRUE,,,,TRUE,0.9,TRUE,yes,0.99,0.98,1682,50,7.0644e-5,376.291,,typesafe/jev-1.13-20260917,gen-dec-1789843828-AUhLowI2FcLUh4hbwmuD,,1d16b25dcca8,2026-09-19T18:50:35+0000
30,DES-031,40324,SCOPUS_ID:0032703868,10.1006/pmed.1998.0570,Using mass media to promote healthy eating: A community-based demonstration project,Preventive Medicine,1999,Other/None,Quasi-experimental,Quasi-experimental,Other/None,Quasi-experimental,Quasi-experimental,FALSE,TRUE,FALSE,TRUE,FALSE,Advertising; Diet; Food habits; Health behavior; Health education; Mass media; Milk; Nutrition; Primary prevention; Public relations,,,TRUE,0.08,FALSE,no,0.01,0.98,1628,50,6.8376e-5,297.73,,typesafe/jev-1.13-20260917,gen-dec-1789843828-FF02Bk7TK6ZjVVVvSWys,,1d16b25dcca8,2026-09-19T18:50:35+0000
31,DES-032,6413,SCOPUS_ID:84959929928,10.1093/aje/kwv205,Associations of Inter- and Intraday Temperature Change with Mortality,American Journal Of Epidemiology,2016,Other/None,Ecological / Time-series,Ecological / Time-series,Other/None,Ecological / Time-series,Ecological / Time-series,FALSE,FALSE,FALSE,FALSE,FALSE,ambient temperature; diurnal temperature range; mortality; temperature variation,,,TRUE,0.04,FALSE,no,0,1,1760,50,7.392e-5,288.97,,typesafe/jev-1.13-20260917,gen-dec-1789843828-9BT9vP6y3pC5EWmAW6lf,,1d16b25dcca8,2026-09-19T18:50:35+0000
32,DES-033,41425,SCOPUS_ID:14644395473,10.1016/j.ypmed.2004.07.018,Job stress and cardiovascular risk factors in male workers,Preventive Medicine,2005,Other/None,Other/None,Other/None,Other/None,Other/None,Other/None,FALSE,FALSE,FALSE,FALSE,FALSE,Blood pressure; Cardiovascular risk factors; Cholesterol; Decision latitude; Homocystein; Job strain; Job stress; Smoking; Work demand,,,TRUE,0.06,FALSE,no,0,1,1645,50,6.909e-5,318.804,,typesafe/jev-1.13-20260917,gen-dec-1789843828-EdijoguzAppFxAuua6A5,,1d16b25dcca8,2026-09-19T18:50:35+0000
33,DES-034,4167,SCOPUS_ID:34447282814,10.1093/aje/kwm013,Anthropometrics and prostate cancer risk,American Journal Of Epidemiology,2007,Other/None,Cohort,Cohort,Cohort,Cohort,Cohort,FALSE,FALSE,FALSE,FALSE,FALSE,Body height; Body mass index; Body weight; Body weight changes; Cohort studies; Longitudinal studies; Prostatic neoplasms,,,TRUE,0.04,FALSE,no,0,1,1782,50,7.4844e-5,347.454,,typesafe/jev-1.13-20260917,gen-dec-1789843828-PAyrNYkjuYGzbrkXfm1Z,,1d16b25dcca8,2026-09-19T18:50:35+0000
34,DES-035,19655,SCOPUS_ID:84990228591,10.2105/ajph.2016.303371,Replicating cuídate: 6-month impact findings of a randomized controlled trial,American Journal Of Public Health,2016,Experimental,Experimental,Experimental,Other/None,Experimental,Experimental,FALSE,FALSE,FALSE,FALSE,FALSE,,,,TRUE,0.04,FALSE,no,0,1,1670,50,7.014e-5,329.351,,typesafe/jev-1.13-20260917,gen-dec-1789843828-mMTSMg2kBWTuJDZLuiGO,,1d16b25dcca8,2026-09-19T18:50:35+0000
35,DES-036,8587,SCOPUS_ID:0033777398,10.1016/s0749-3797(00)00227-0,Severe dating violence and quality of life among South Carolina high school students,American Journal Of Preventive Medicine,2000,Other/None,Cross-sectional,Cross-sectional,Other/None,Cross-sectional,Cross-sectional,FALSE,FALSE,FALSE,FALSE,TRUE,,,,TRUE,0.95,TRUE,yes,1,1,1761,50,7.3962e-5,367.32,,typesafe/jev-1.13-20260917,gen-dec-1789843828-iqJAqVjvUEvygeXZqxDw,,1d16b25dcca8,2026-09-19T18:50:35+0000
36,DES-037,37745,SCOPUS_ID:84934766877,10.1136/jech-2014-204971,Are fluoride levels in drinking water associated with hypothyroidism prevalence in england? A large observational study of GP practice data and fluoride levels in drinking water,Journal Of Epidemiology And Community Health,2015,Other/None,Cross-sectional,Cross-sectional,Other/None,Cross-sectional,Cross-sectional,FALSE,FALSE,FALSE,FALSE,TRUE,,,,TRUE,0.83,TRUE,yes,0.95,0.89,1672,50,7.0224e-5,269.75,,typesafe/jev-1.13-20260917,gen-dec-1789843828-XESJmWMbf7VKFRXnGqos,,1d16b25dcca8,2026-09-19T18:50:35+0000
37,DES-038,15637,SCOPUS_ID:0033922364,10.2105/ajph.90.7.1049,The social geography of AIDS and hepatitis risk: Qualitative approaches for assessing local differences in sterile-syringe access among injection drug users,American Journal Of Public Health,2000,Qualitative,Other/None,Qualitative,Other/None,Qualitative,Qualitative,FALSE,FALSE,FALSE,FALSE,FALSE,,,,TRUE,0.05,FALSE,no,0,1,1582,50,6.6444e-5,295.07800000000003,,typesafe/jev-1.13-20260917,gen-dec-1789843828-vcebI02stZIz4I6TAQms,,1d16b25dcca8,2026-09-19T18:50:35+0000
38,DES-039,31431,SCOPUS_ID:0032723302,10.1093/ije/28.5.982,American cutaneous leishmaniasis in Southeast Brazil: Space-time clustering,International Journal Of Epidemiology,1999,Other/None,Ecological / Time-series,Ecological / Time-series,Other/None,Ecological / Time-series,Ecological / Time-series,FALSE,FALSE,FALSE,FALSE,FALSE,American cutaneous leishmaniasis; Cluster analysis; Geography; Herd immunity; Temporal series; Temporal-space patterns,,,TRUE,0.05,FALSE,no,0,1,1727,50,7.2534e-5,256.59,,typesafe/jev-1.13-20260917,gen-dec-1789843828-RsSL2hVP0h5natnzoIcp,,1d16b25dcca8,2026-09-19T18:50:35+0000
39,DES-040,45670,SCOPUS_ID:85196510896,10.1016/j.ypmed.2024.108041,Serious psychological distress and higher associations with tobacco and cannabis use among college students in the United States,Preventive Medicine,2024,Other/None,Cross-sectional,Cross-sectional,Other/None,Cross-sectional,Cross-sectional,FALSE,FALSE,FALSE,FALSE,TRUE,Cannabis; Cigarettes; College students; E-cigarettes; Serious psychological distress; Tobacco,,,TRUE,0.97,TRUE,yes,1,1,1707,50,7.1694e-5,375.124,,typesafe/jev-1.13-20260917,gen-dec-1789843828-WatCmscgo49omPstRNZR,,1d16b25dcca8,2026-09-19T18:50:35+0000
40,DES-041,38082,SCOPUS_ID:85032588206,10.1136/jech-2017-208899,Mental health impacts of flooding: A controlled interrupted time series analysis of prescribing data in England,Journal Of Epidemiology And Community Health,2017,Quasi-experimental,Quasi-experimental,Quasi-experimental,Other/None,Quasi-experimental,Other/None,FALSE,TRUE,FALSE,TRUE,FALSE,,,,TRUE,0.05,FALSE,no,0,1,1608,50,6.7536e-5,344.041,,typesafe/jev-1.13-20260917,gen-dec-1789843828-K5O9b0vea6yXCqb9oFjZ,,1d16b25dcca8,2026-09-19T18:50:35+0000
41,DES-042,25704,SCOPUS_ID:79151483327,10.1007/s10654-010-9521-x,LifeGene - A large prospective population-based study of global relevance,European Journal Of Epidemiology,2011,Other/None,Cohort,Cohort,Cohort,Cohort,Cohort,FALSE,FALSE,FALSE,FALSE,FALSE,Biobank; Cohort study; Epidemiology; Population genetics; Prospective study; Questionnaires,,,TRUE,0.03,FALSE,no,0,1,1670,50,7.014e-5,266.955,,typesafe/jev-1.13-20260917,gen-dec-1789843828-xiq6m4fnJ1kkq3DVU6Hv,,1d16b25dcca8,2026-09-19T18:50:35+0000
42,DES-043,12592,SCOPUS_ID:85122516860,10.1016/j.amepre.2021.11.004,"Appropriateness of Antibiotic Prophylaxis Before Dental Procedures, 2016–2018",American Journal Of Preventive Medicine,2022,Other/None,Cohort,Cohort,Other/None,Cohort,Cohort,FALSE,FALSE,FALSE,FALSE,TRUE,,,,TRUE,0.87,TRUE,yes,0.99,0.97,1717,50,7.2114e-5,580.586,,typesafe/jev-1.13-20260917,gen-dec-1789843829-8tanXkDEtqh26gadYnHX,,1d16b25dcca8,2026-09-19T18:50:35+0000
43,DES-044,33810,SCOPUS_ID:85050484953,10.1093/ije/dyx271,NMR metabolomic signatures reveal predictive plasma metabolites associated with long-term risk of developing breast cancer,International Journal Of Epidemiology,2018,Other/None,Case-control,Case-control,Other/None,Case-control,Case-control,FALSE,FALSE,FALSE,FALSE,FALSE,Breast neoplasm; Metabolomics; Nuclear magnetic resonance; Plasma; Prospective study,,,TRUE,0.27,FALSE,no,0.21,0.58,1791,50,7.5222e-5,271.869,,typesafe/jev-1.13-20260917,gen-dec-1789843829-cn5qOHrvnA6lhFGYJ7NY,,1d16b25dcca8,2026-09-19T18:50:35+0000
44,DES-045,32036,SCOPUS_ID:0038187649,10.1093/ije/dyg056,"Mortality among pilots and cabin crew in Greece, 1990-1997",International Journal Of Epidemiology,2003,Other/None,Cohort,Cohort,Cohort,Cohort,Cohort,FALSE,FALSE,FALSE,FALSE,FALSE,Airline pilots; Cabin crew; Cohort study; Cosmic radiation; Follow-up study; Mortality; Standardized mortality ratio,,,TRUE,0.03,FALSE,no,0,1,1779,50,7.4718e-5,369.67,,typesafe/jev-1.13-20260917,gen-dec-1789843829-DZz2F88Kiwyr1rmLqxGO,,1d16b25dcca8,2026-09-19T18:50:35+0000
45,DES-046,12120,SCOPUS_ID:85079077460,10.1016/j.amepre.2019.09.024,Health for Hearts United Longitudinal Trial: Improving Dietary Behaviors in Older African Americans,American Journal Of Preventive Medicine,2020,Other/None,Quasi-experimental,Quasi-experimental,Other/None,Quasi-experimental,Quasi-experimental,FALSE,TRUE,FALSE,TRUE,FALSE,,,,TRUE,0.07,FALSE,no,0,0.99,1883,50,7.9086e-5,334.214,,typesafe/jev-1.13-20260917,gen-dec-1789843829-65vaSJ35BifwlR7Qj7u2,,1d16b25dcca8,2026-09-19T18:50:35+0000
46,DES-047,41584,SCOPUS_ID:36549007719,10.1016/j.ypmed.2007.07.025,R-rated film viewing and adolescent smoking,Preventive Medicine,2007,Other/None,Cross-sectional,Cross-sectional,Other/None,Cross-sectional,Cross-sectional,FALSE,FALSE,FALSE,FALSE,FALSE,Adolescent; Intention; Motion pictures; Smoking,,,TRUE,0.04,FALSE,no,0,1,1683,50,7.0686e-5,318.28299999999996,,typesafe/jev-1.13-20260917,gen-dec-1789843829-RQYHHmf0yVP9Bl1hGO4t,,1d16b25dcca8,2026-09-19T18:50:35+0000
47,DES-048,31882,SCOPUS_ID:0034763698,10.1093/ije/30.suppl_1.s59,Differences in cardiovascular disease mortality and major risk factors between districts in Oslo. An ecological analysis,International Journal Of Epidemiology,2001,Ecological / Time-series,Other/None,Ecological / Time-series,Other/None,Ecological / Time-series,Ecological / Time-series,FALSE,FALSE,FALSE,FALSE,FALSE,Blood pressure; Cardiovascular mortality; Coronary heart disease; Lipids; Risk factors; Smoking; Socioeconomic factors,,,TRUE,0.03,FALSE,no,0,1,1696,50,7.1232e-5,229.91,,typesafe/jev-1.13-20260917,gen-dec-1789843829-5egyqDAJdodnKKCyK95d,,1d16b25dcca8,2026-09-19T18:50:35+0000
48,DES-049,5503,SCOPUS_ID:84861413864,10.1093/aje/kwr467,"Genetic variants on 15q25.1, smoking, and lung cancer: An assessment of mediation and interaction",American Journal Of Epidemiology,2012,Other/None,Case-control,Case-control,Other/None,Case-control,Case-control,FALSE,FALSE,FALSE,FALSE,FALSE,gene-environment interaction; lung neoplasms; mediation; pathway analysis; smoking,,,TRUE,0.02,FALSE,no,0,1,1847,50,7.7574e-5,349.12,,typesafe/jev-1.13-20260917,gen-dec-1789843829-mbtEzurdyCHGUOudT8fQ,,1d16b25dcca8,2026-09-19T18:50:35+0000
49,DES-050,23339,SCOPUS_ID:84992365394,10.1097/ede.0000000000000580,Daylight savings time transitions and the incidence rate of unipolar depressive episodes,Epidemiology,2017,Other/None,Ecological / Time-series,Ecological / Time-series,Other/None,Ecological / Time-series,Ecological / Time-series,FALSE,FALSE,FALSE,FALSE,FALSE,,,,TRUE,0.03,FALSE,no,0,1,1687,50,7.0854e-5,331.34000000000003,,typesafe/jev-1.13-20260917,gen-dec-1789843829-NsGxJtxuDsAIS1wCUbAd,,1d16b25dcca8,2026-09-19T18:50:35+0000
50,DES-051,3415,SCOPUS_ID:3442877527,10.1093/aje/kwh190,Impact of a financial incentive on case and control participation in a telephone interview,American Journal Of Epidemiology,2004,Other/None,Other/None,Other/None,Case-control,Case-control,Case-control,TRUE,TRUE,FALSE,TRUE,FALSE,Case-control studies; Colorectal neoplasms; Epidemiologic methods,,,TRUE,0.09,FALSE,no,0.01,0.98,1679,50,7.0518e-5,343.949,,typesafe/jev-1.13-20260917,gen-dec-1789843829-E8lHP8jxURGX2GeywGQs,,1d16b25dcca8,2026-09-19T18:50:35+0000
51,DES-052,19213,SCOPUS_ID:84943808029,10.2105/ajph.2015.302765,What women want: A qualitative study of contraception in jail,American Journal Of Public Health,2015,Qualitative,Other/None,Qualitative,Other/None,Qualitative,Qualitative,FALSE,FALSE,FALSE,FALSE,TRUE,,,,TRUE,0.94,TRUE,yes,1,0.99,1545,50,6.489e-5,351.43600000000004,,typesafe/jev-1.13-20260917,gen-dec-1789843829-AFi6JTkZhGv7e0kgHQjV,,1d16b25dcca8,2026-09-19T18:50:35+0000
52,DES-053,29781,SCOPUS_ID:85147457833,10.1093/eurpub/ckac133,Women's health in migrant populations: A qualitative study in France,European Journal Of Public Health,2023,Qualitative,Other/None,Qualitative,Other/None,Qualitative,Qualitative,FALSE,FALSE,FALSE,FALSE,TRUE,,,,TRUE,0.85,TRUE,yes,0.98,0.96,1673,50,7.0266e-5,304.232,,typesafe/jev-1.13-20260917,gen-dec-1789843829-ce8VlgqJwvy3aeLH8zgs,,1d16b25dcca8,2026-09-19T18:50:35+0000
53,DES-054,23807,SCOPUS_ID:85128245611,10.1097/ede.0000000000001464,"Long-term Exposure to Fine Particulate Matter and Mortality A Longitudinal Cohort Study of 400,459 Adults",Epidemiology,2022,Cohort,Cohort,Cohort,Other/None,Cohort,Cohort,FALSE,FALSE,FALSE,FALSE,FALSE,Adults; Long-term exposure; Mortality; PM air pollution 2.5; Taiwan,,,TRUE,0.05,FALSE,no,0,1,1744,50,7.3248e-5,248.03300000000002,,typesafe/jev-1.13-20260917,gen-dec-1789843829-JXjvx3AQgyN3cfThzzUI,,1d16b25dcca8,2026-09-19T18:50:35+0000
54,DES-055,20081,SCOPUS_ID:85040615105,10.2105/ajph.2017.304108,Effect of the Affordable Care Act on Breastfeeding Outcomes,American Journal Of Public Health,2018,Other/None,Quasi-experimental,Quasi-experimental,Other/None,Quasi-experimental,Quasi-experimental,FALSE,TRUE,FALSE,TRUE,FALSE,,,,TRUE,0.64,TRUE,yes,0.7,0.4,1598,50,6.7116e-5,295.212,,typesafe/jev-1.13-20260917,gen-dec-1789843829-yLJw2qA8aZ8pDIoJJStT,,1d16b25dcca8,2026-09-19T18:50:35+0000
55,DES-056,963,SCOPUS_ID:0027993023,10.1093/oxfordjournals.aje.a117296,"Parity, contraception, infertility, and the risk of epithelial ovarian cancer",American Journal Of Epidemiology,1994,Other/None,Case-control,Case-control,Other/None,Case-control,Case-control,FALSE,FALSE,FALSE,FALSE,FALSE,Contraception; Infertility; Ovarian neoplasms; Parity; Pregnancy; Reproduction; Retrospective studies,,,TRUE,0.03,FALSE,no,0,1,1652,50,6.9384e-5,284.026,,typesafe/jev-1.13-20260917,gen-dec-1789843829-tZ1nrnnH4tN5poHUdBc6,,1d16b25dcca8,2026-09-19T18:50:35+0000
56,DES-057,17202,SCOPUS_ID:43049167431,10.2105/ajph.2007.113639,Reduction of state victim compensation disparities in disadvantaged crime victims through active outreach and assistance: A randomized trial,American Journal Of Public Health,2008,Experimental,Experimental,Experimental,Other/None,Experimental,Experimental,FALSE,FALSE,FALSE,FALSE,TRUE,,,,TRUE,0.97,TRUE,yes,1,1,1570,50,6.594e-5,342.001,,typesafe/jev-1.13-20260917,gen-dec-1789843829-naavA4kh0uPynT93sw2A,,1d16b25dcca8,2026-09-19T18:50:35+0000
57,DES-058,27739,SCOPUS_ID:68449090003,10.1093/eurpub/ckp061,"Television exposure is related to fear of avian flu, an Ecological Study across 23 member states of the European Union",European Journal Of Public Health,2009,Ecological / Time-series,Ecological / Time-series,Ecological / Time-series,Ecological / Time-series,Ecological / Time-series,Ecological / Time-series,FALSE,FALSE,FALSE,FALSE,FALSE,Avian influenza (H5N1); Ecological study; Fear; Pandemic; Television exposure,,,TRUE,0.51,TRUE,yes,0.57,0.14,1516,50,6.3672e-5,288.558,,typesafe/jev-1.13-20260917,gen-dec-1789843829-L2BDMxPdQxVL5PRAJIdm,,1d16b25dcca8,2026-09-19T18:50:35+0000
58,DES-059,22498,SCOPUS_ID:49849100273,10.1097/ede.0b013e3181761fa3,Prepregnant obesity and risks of selected Birth Defects in Offspring,Epidemiology,2008,Other/None,Case-control,Case-control,Other/None,Case-control,Case-control,FALSE,FALSE,FALSE,FALSE,FALSE,,,,TRUE,0.03,FALSE,no,0,1,1747,50,7.3374e-5,292.704,,typesafe/jev-1.13-20260917,gen-dec-1789843829-5YKHD4bXXfPnamgBya1s,,1d16b25dcca8,2026-09-19T18:50:35+0000
59,DES-060,37147,SCOPUS_ID:79952334191,10.1136/jech.2009.094847,Deaths in collective dwellings and inequalities in small-area mortality: An ecological study in the Madrid region (Spain),Journal Of Epidemiology And Community Health,2011,Ecological / Time-series,Ecological / Time-series,Ecological / Time-series,Other/None,Ecological / Time-series,Ecological / Time-series,FALSE,FALSE,FALSE,FALSE,TRUE,,,,TRUE,0.87,TRUE,yes,0.98,0.96,1767,50,7.4214e-5,254.62800000000001,,typesafe/jev-1.13-20260917,gen-dec-1789843829-LETQzipQyBhdqsmXyD6S,,1d16b25dcca8,2026-09-19T18:50:35+0000
60,DES-061,12640,SCOPUS_ID:85121231252,10.1016/j.amepre.2021.08.030,Access to Contraceptives in School-Based Health Centers: Progress and Opportunities,American Journal Of Preventive Medicine,2022,Other/None,Cross-sectional,Cross-sectional,Other/None,Cross-sectional,Cross-sectional,FALSE,FALSE,FALSE,FALSE,FALSE,,,,TRUE,0.51,TRUE,yes,0.51,0.03,1724,50,7.2408e-5,244.60999999999999,,typesafe/jev-1.13-20260917,gen-dec-1789843829-ubl65C36AAX2TTE52adJ,,1d16b25dcca8,2026-09-19T18:50:35+0000
61,DES-062,33615,SCOPUS_ID:85030458185,10.1093/ije/dyx043,Epidemiology of sudden cardiac death in Cameroon: The first population-based cohort survey in sub-Saharan Africa,International Journal Of Epidemiology,2017,Other/None,Other/None,Other/None,Other/None,Other/None,Other/None,FALSE,FALSE,FALSE,FALSE,FALSE,SCD epidemiology; SCD incidence; Sub-Saharan Africa; Sudden cardiac death,,,TRUE,0.47,FALSE,no,0.47,0.05,1741,50,7.3122e-5,353.966,,typesafe/jev-1.13-20260917,gen-dec-1789843829-UoT3xeEpFK6MkyA29SBG,,1d16b25dcca8,2026-09-19T18:50:35+0000
62,DES-063,17921,SCOPUS_ID:80053003417,10.2105/ajph.2010.197285,"Social support, exposure to violence and transphobia, and correlates of depression among male-to-female transgender women with a history of sex work",American Journal Of Public Health,2011,Other/None,Other/None,Other/None,Other/None,Other/None,Other/None,FALSE,FALSE,FALSE,FALSE,TRUE,,,,TRUE,0.86,TRUE,yes,0.98,0.97,1582,50,6.6444e-5,306.50500000000005,,typesafe/jev-1.13-20260917,gen-dec-1789843829-clPfs6AY4IOKUuS8PF2X,,1d16b25dcca8,2026-09-19T18:50:35+0000
63,DES-064,43792,SCOPUS_ID:85016251533,10.1016/j.ypmed.2017.03.019,Acculturation and weight change in Asian-American children: Evidence from the ECLS-K:2011,Preventive Medicine,2017,Other/None,Cohort,Cohort,Other/None,Cohort,Cohort,FALSE,FALSE,FALSE,FALSE,TRUE,Acculturation; Asian; Child; Ethnicity; Longitudinal; Overweight and obesity,,,TRUE,0.94,TRUE,yes,1,0.99,1756,50,7.3752e-5,337.60200000000003,,typesafe/jev-1.13-20260917,gen-dec-1789843829-fgMPOYhFCmTdps4vmOZk,,1d16b25dcca8,2026-09-19T18:50:35+0000
64,DES-065,39784,SCOPUS_ID:0027997439,10.1006/pmed.1994.1064,Hispanic/white differences in dietary fat intake among low educated adults and children,Preventive Medicine,1994,Other/None,Cross-sectional,Cross-sectional,Other/None,Cross-sectional,Cross-sectional,FALSE,FALSE,FALSE,FALSE,FALSE,,,,TRUE,0.88,TRUE,yes,0.99,0.97,1780,50,7.476e-5,263.514,,typesafe/jev-1.13-20260917,gen-dec-1789843829-La0Tok0gDEtgsswr4ptz,,1d16b25dcca8,2026-09-19T18:50:35+0000
65,DES-066,14414,SCOPUS_ID:0029120834,10.2105/ajph.85.8_pt_1.1153,Risk factors for homelessness among women with schizophrenia,American Journal Of Public Health,1995,Other/None,Case-control,Case-control,Other/None,Case-control,Case-control,FALSE,FALSE,FALSE,FALSE,FALSE,,,,TRUE,0.02,FALSE,no,0,1,1491,50,6.2622e-5,270.04699999999997,,typesafe/jev-1.13-20260917,gen-dec-1789843829-UWA8tS9CO2DXAbrdvEey,,1d16b25dcca8,2026-09-19T18:50:35+0000
66,DES-067,19372,SCOPUS_ID:84937397113,10.2105/ajph.2015.302578,Mandated coverage of preventive care and reduction in disparities: Evidence from colorectal cancer screening,American Journal Of Public Health,2015,Other/None,Quasi-experimental,Quasi-experimental,Other/None,Quasi-experimental,Quasi-experimental,FALSE,FALSE,FALSE,FALSE,FALSE,,,,TRUE,0.43,FALSE,no,0.35,0.31,1605,50,6.741e-5,287.213,,typesafe/jev-1.13-20260917,gen-dec-1789843829-bJ4mNnvwTet9Xb2ZfzbV,,1d16b25dcca8,2026-09-19T18:50:35+0000
67,DES-068,38521,SCOPUS_ID:85102513162,10.1136/jech-2020-215836,Longitudinal effects of perinatal social support on maternal depression: A marginal structural modelling approach,Journal Of Epidemiology And Community Health,2021,Other/None,Other/None,Other/None,Other/None,Other/None,Other/None,FALSE,FALSE,FALSE,FALSE,TRUE,depression; developing country; maternal health; psychosocial factors,,,TRUE,0.9,TRUE,yes,0.99,0.99,1720,50,7.224e-5,408.67199999999997,,typesafe/jev-1.13-20260917,gen-dec-1789843829-PbdrGjN8mEHjiCmUImSL,,1d16b25dcca8,2026-09-19T18:50:35+0000
68,DES-069,44221,SCOPUS_ID:85071352155,10.1016/j.ypmed.2019.105776,Does the built environment influence the effectiveness of behavioral weight management interventions?,Preventive Medicine,2019,Other/None,Quasi-experimental,Quasi-experimental,Other/None,Quasi-experimental,Quasi-experimental,FALSE,TRUE,FALSE,TRUE,FALSE,Built environment; Fitness facility; Intervention; Neighborhood; Obesity; Park; Walkability; Weight loss,,,TRUE,0.04,FALSE,no,0,1,1713,50,7.1946e-5,305.21700000000004,,typesafe/jev-1.13-20260917,gen-dec-1789843829-gUCkeVL40izmiQ1dyIKf,,1d16b25dcca8,2026-09-19T18:50:35+0000
69,DES-070,25469,SCOPUS_ID:38649097199,10.1007/s10654-007-9216-0,"Prior health care utilization as a potential determinant of enrollment in a 21-year prospective study, the Millennium Cohort Study",European Journal Of Epidemiology,2008,Cohort,Cohort,Cohort,Cohort,Cohort,Cohort,FALSE,FALSE,FALSE,FALSE,FALSE,Cohort studies; Military medicine; Military personnel; Response bias; Veterans,,,TRUE,0.03,FALSE,no,0,1,1590,50,6.678e-5,258.216,,typesafe/jev-1.13-20260917,gen-dec-1789843830-spFVE4eFSy1sYGbp13yo,,1d16b25dcca8,2026-09-19T18:50:35+0000
70,DES-071,16370,SCOPUS_ID:2542431296,10.2105/ajph.94.6.1049,What patients expect from complementary therapy: A qualitative study,American Journal Of Public Health,2004,Qualitative,Other/None,Qualitative,Other/None,Qualitative,Qualitative,FALSE,FALSE,FALSE,FALSE,FALSE,,,,TRUE,0.19,FALSE,no,0.12,0.76,1496,50,6.2832e-5,320.521,,typesafe/jev-1.13-20260917,gen-dec-1789843830-SJWW90PgUF8CkxbvfPbe,,1d16b25dcca8,2026-09-19T18:50:35+0000
71,DES-072,1928,SCOPUS_ID:0032527827,10.1093/oxfordjournals.aje.a009618,"Occupational status and cardiovascular disease risk factors in the rapidly developing, high-risk population of Mauritius",American Journal Of Epidemiology,1998,Other/None,Other/None,Other/None,Cross-sectional,Cross-sectional,Cross-sectional,FALSE,FALSE,FALSE,FALSE,FALSE,Cardiovascular diseases; Cross-sectional studies; Occupations; Risk factors; Socioeconomic factors,,,TRUE,0.61,TRUE,yes,0.76,0.51,1713,50,7.1946e-5,275.18399999999997,,typesafe/jev-1.13-20260917,gen-dec-1789843830-jUQ45Kq5cMVkvmDgmIE0,,1d16b25dcca8,2026-09-19T18:50:35+0000
72,DES-073,2624,SCOPUS_ID:0035887888,10.1093/aje/154.8.687,Limitations of the case-only design for identifying gene-environment interactions,American Journal Of Epidemiology,2001,Other/None,Case-control,Case-control,Cohort,Case-control,Case-control,TRUE,TRUE,FALSE,TRUE,FALSE,Case-control studies; Cohort studies; Environment; Genes; Genetics,,,TRUE,0.09,FALSE,no,0.04,0.91,1566,50,6.5772e-5,377.676,,typesafe/jev-1.13-20260917,gen-dec-1789843830-ewkzdEwyE5SRH8gQ70J7,,1d16b25dcca8,2026-09-19T18:50:35+0000
73,DES-074,22018,SCOPUS_ID:1542682328,10.1097/01.ede.0000086881.84657.98,Sun exposure as a risk factor for nuclear cataract,Epidemiology,2003,Other/None,Case-control,Case-control,Other/None,Case-control,Case-control,FALSE,FALSE,FALSE,FALSE,FALSE,Cataract; Ultraviolet radiation,,,TRUE,0.03,FALSE,no,0,1,1616,50,6.7872e-5,283.773,,typesafe/jev-1.13-20260917,gen-dec-1789843830-1vJLLqcC1d48vFxOzkl3,,1d16b25dcca8,2026-09-19T18:50:35+0000
74,DES-075,18674,SCOPUS_ID:84874058630,10.2105/ajph.2012.300917,"Impact evaluation of a public bicycle share program on cycling: A case example of BIXI in Montreal, Quebec",American Journal Of Public Health,2013,Other/None,Quasi-experimental,Quasi-experimental,Other/None,Quasi-experimental,Quasi-experimental,FALSE,TRUE,TRUE,TRUE,FALSE,,,,TRUE,0.12,FALSE,no,0.01,0.98,1617,50,6.7914e-5,277.211,,typesafe/jev-1.13-20260917,gen-dec-1789843830-OztKqPs7ebSD4BSHkx18,,1d16b25dcca8,2026-09-19T18:50:35+0000
75,DES-076,3219,SCOPUS_ID:0037675048,10.1093/aje/kwg083,Changes in smoking status affect women more than men: Results of the lung health study,American Journal Of Epidemiology,2003,Other/None,Experimental,Experimental,Experimental,Experimental,Experimental,FALSE,FALSE,FALSE,FALSE,FALSE,"Clinical trials; Lung diseases, obstructive; Sex; Smoking cessation; Spirometry",,,TRUE,0.07,FALSE,no,0,0.99,1678,50,7.0476e-5,286.59299999999996,,typesafe/jev-1.13-20260917,gen-dec-1789843830-wGwBKmFHjzcGfR4CbqIx,,1d16b25dcca8,2026-09-19T18:50:35+0000
76,DES-077,24421,SCOPUS_ID:0032774187,10.1023/a:1007581907654,Cigarette smoking and risk of benign proliferative epithelial disorders of the breast,European Journal Of Epidemiology,1999,Other/None,Experimental,Experimental,Other/None,Experimental,Experimental,FALSE,FALSE,FALSE,FALSE,FALSE,Benign breast disease; Breast cancer; Cigarette smoking,,,TRUE,0.02,FALSE,no,0,1,1702,50,7.1484e-5,323.69599999999997,,typesafe/jev-1.13-20260917,gen-dec-1789843830-spPtxB5uOhB3bc4sWM5B,,1d16b25dcca8,2026-09-19T18:50:35+0000
77,DES-078,29648,SCOPUS_ID:85180011747,10.1093/eurpub/ckad157,Effective policies to promote sugar reduction in soft drinks: lessons from a comparison of six European countries,European Journal Of Public Health,2023,Other/None,Quasi-experimental,Quasi-experimental,Other/None,Quasi-experimental,Quasi-experimental,FALSE,TRUE,FALSE,TRUE,FALSE,,,,TRUE,0.32,FALSE,no,0.2,0.6,1751,50,7.3542e-5,296.811,,typesafe/jev-1.13-20260917,gen-dec-1789843830-9jQhrykamJDhAWECkkXd,,1d16b25dcca8,2026-09-19T18:50:35+0000
78,DES-079,9824,SCOPUS_ID:77952393513,10.1016/j.amepre.2010.02.008,Chlamydia Screening and Pelvic Inflammatory Disease. Insights from Exploratory Time-Series Analyses,American Journal Of Preventive Medicine,2010,Ecological / Time-series,Ecological / Time-series,Ecological / Time-series,Other/None,Ecological / Time-series,Ecological / Time-series,FALSE,FALSE,FALSE,FALSE,FALSE,,,,TRUE,0.17,FALSE,no,0.04,0.92,1763,50,7.4046e-5,265.32800000000003,,typesafe/jev-1.13-20260917,gen-dec-1789843830-MGG3gPBaoOnPSCMXDgmw,,1d16b25dcca8,2026-09-19T18:50:35+0000
79,DES-080,15292,SCOPUS_ID:0031661866,10.2105/ajph.88.10.1503,Misclassification rates for current smokers misclassified as nonsmokers,American Journal Of Public Health,1998,Other/None,Other/None,Other/None,Other/None,Other/None,Other/None,FALSE,FALSE,FALSE,FALSE,FALSE,,,,TRUE,0.17,FALSE,no,0.1,0.79,1616,50,6.7872e-5,312.555,,typesafe/jev-1.13-20260917,gen-dec-1789843830-PqiLcOxfgoPtNmqQD5WG,,1d16b25dcca8,2026-09-19T18:50:35+0000
80,DES-081,5990,SCOPUS_ID:84900341226,10.1093/aje/kwu031,Self-reported whole-grain intake and plasma alkylresorcinol concentrations in combination in relation to the incidence of colorectal cancer,American Journal Of Epidemiology,2014,Other/None,Case-control,Case-control,Other/None,Case-control,Case-control,FALSE,FALSE,FALSE,FALSE,FALSE,biological markers; cereals; colorectal neoplasms; questionnaire,,,TRUE,0.04,FALSE,no,0,1,1748,50,7.3416e-5,258.09,,typesafe/jev-1.13-20260917,gen-dec-1789843830-ud1o0H9f2n9H0l6WxruJ,,1d16b25dcca8,2026-09-19T18:50:35+0000
81,DES-082,4994,SCOPUS_ID:77952344839,10.1093/aje/kwq039,Helmet use and risk of neck injury in skiers and snowboarders,American Journal Of Epidemiology,2010,Other/None,Case-control,Case-control,Other/None,Case-control,Case-control,FALSE,FALSE,FALSE,FALSE,FALSE,Head protective devices; Neck; Skiing; Sports; Wounds and injuries,,,TRUE,0.05,FALSE,no,0,1,1732,50,7.2744e-5,282.763,,typesafe/jev-1.13-20260917,gen-dec-1789843830-COv9sAt7gB48crMvQaPk,,1d16b25dcca8,2026-09-19T18:50:35+0000
82,DES-083,34339,SCOPUS_ID:85144587054,10.1093/ije/dyac093,A secondary data analysis of a cluster randomized controlled trial: improved cookstoves associated with reduction in incidence of low birthweight in rural Malawi,International Journal Of Epidemiology,2022,Experimental,Experimental,Experimental,Other/None,Experimental,Experimental,FALSE,FALSE,FALSE,FALSE,FALSE,birth outcomes; birthweight; cookstove; household pollution; Maternal health; neonatal health,,,TRUE,0.64,TRUE,yes,0.78,0.56,1750,50,7.35e-5,305.789,,typesafe/jev-1.13-20260917,gen-dec-1789843830-FYLjrGM0BWtKdVmBCEaZ,,1d16b25dcca8,2026-09-19T18:50:35+0000
83,DES-084,440,SCOPUS_ID:0026021709,10.1093/oxfordjournals.aje.a115806,Nonresponse and intensity of follow-up in an epidemiologic study of vietnam-era veterans,American Journal Of Epidemiology,1991,Other/None,Other/None,Other/None,Other/None,Other/None,Other/None,TRUE,TRUE,FALSE,TRUE,FALSE,Bias; Epidemiologic methods; Follow-up studies,,,TRUE,0.03,FALSE,no,0,1,1675,50,7.035e-5,339.76099999999997,,typesafe/jev-1.13-20260917,gen-dec-1789843830-EzF0fxusa5RvzzFD3ldy,,1d16b25dcca8,2026-09-19T18:50:35+0000
84,DES-085,30607,SCOPUS_ID:0028159236,10.1093/ije/23.5.1082,"The epidemiology of melioidosis in Ubon Ratchatani, Northeast Thailand",International Journal Of Epidemiology,1994,Other/None,Other/None,Other/None,Other/None,Other/None,Other/None,FALSE,FALSE,FALSE,FALSE,FALSE,,,,TRUE,0.12,FALSE,no,0.02,0.96,1829,50,7.6818e-5,479.354,,typesafe/jev-1.13-20260917,gen-dec-1789843830-HMPEG8Cw6LAJ9kgG8BvB,,1d16b25dcca8,2026-09-19T18:50:35+0000
85,DES-086,36657,SCOPUS_ID:39649096956,10.1136/jech.2006.051953,Changes in leisure time and occupational physical activity over 8 years: The Cornellà Health Interview Survey Follow-Up Study,Journal Of Epidemiology And Community Health,2008,Cohort,Cohort,Cohort,Other/None,Cohort,Cohort,FALSE,FALSE,FALSE,FALSE,FALSE,,,,TRUE,0.03,FALSE,no,0,1,1716,50,7.2072e-5,261.237,,typesafe/jev-1.13-20260917,gen-dec-1789843830-PZSro8Oz0IRTeOCNYLJq,,1d16b25dcca8,2026-09-19T18:50:35+0000
86,DES-087,39935,SCOPUS_ID:0029924164,10.1006/pmed.1996.0038,Two sequential randomized trials of community participation to recruit women for mammographic screening,Preventive Medicine,1996,Experimental,Other/None,Experimental,Other/None,Experimental,Experimental,FALSE,FALSE,FALSE,FALSE,FALSE,,,,TRUE,0.37,FALSE,no,0.27,0.46,1645,50,6.909e-5,356.361,,typesafe/jev-1.13-20260917,gen-dec-1789843830-iRW0X87ZB4Ob9Ej9flh0,,1d16b25dcca8,2026-09-19T18:50:35+0000
87,DES-088,19351,SCOPUS_ID:84937509189,10.2105/ajph.2014.302504,Addressing health disparities in the mental health of refugee children and adolescents through community-based participatory research: A study in 2 communities,American Journal Of Public Health,2015,Other/None,Qualitative,Qualitative,Other/None,Qualitative,Qualitative,FALSE,FALSE,FALSE,FALSE,FALSE,,,,TRUE,0.69,TRUE,yes,0.83,0.65,1577,50,6.6234e-5,329.40500000000003,,typesafe/jev-1.13-20260917,gen-dec-1789843830-eRYghe7mTJyCk2ZiuIlu,,1d16b25dcca8,2026-09-19T18:50:35+0000
88,DES-089,35560,SCOPUS_ID:0032951069,10.1136/jech.53.5.294,The Health Education Authority's health and lifestyle survey 1993: Who are the low fruit and vegetable consumers?,Journal Of Epidemiology And Community Health,1999,Other/None,Cross-sectional,Cross-sectional,Other/None,Cross-sectional,Cross-sectional,FALSE,FALSE,FALSE,FALSE,FALSE,,,,TRUE,0.78,TRUE,yes,0.92,0.84,1672,50,7.0224e-5,260.807,,typesafe/jev-1.13-20260917,gen-dec-1789843830-GCxMZVfwVsmcNcgicqmL,,1d16b25dcca8,2026-09-19T18:50:35+0000
89,DES-090,1632,SCOPUS_ID:0030872603,10.1093/oxfordjournals.aje.a009263,Risk factors for diarrheal disease incidence in early childhood: A community cohort study from Guinea-Bissau,American Journal Of Epidemiology,1997,Cohort,Other/None,Cohort,Cohort,Cohort,Cohort,FALSE,FALSE,FALSE,FALSE,TRUE,Breast feeding; Cohort studies; Cryptosporidium; Diarrhea; Incidence; Infantile; Preventive health services,,,TRUE,0.95,TRUE,yes,1,0.99,1647,50,6.9174e-5,306.152,,typesafe/jev-1.13-20260917,gen-dec-1789843830-3zM3MjdpaJPCB1xWkdbO,,1d16b25dcca8,2026-09-19T18:50:35+0000
90,DES-091,42970,SCOPUS_ID:84904878302,10.1016/j.ypmed.2014.07.004,Church-based social marketing to motivate older adults to take balance classes for fall prevention: Cluster randomized controlled trial,Preventive Medicine,2014,Experimental,Other/None,Experimental,Other/None,Experimental,Experimental,FALSE,FALSE,FALSE,FALSE,FALSE,Accident prevention; Accidental falls; Aged; Exercise; Injuries; Postural balance; Social marketing,,,TRUE,0.11,FALSE,no,0.02,0.96,1721,50,7.2282e-5,306.93399999999997,,typesafe/jev-1.13-20260917,gen-dec-1789843830-OLG7FT0ywWwXfwrvoocz,,1d16b25dcca8,2026-09-19T18:50:35+0000
91,DES-092,36715,SCOPUS_ID:70350212661,10.1136/jech.2008.077016,A qualitative study about immigrant workers' perceptions of their working conditions in Spain,Journal Of Epidemiology And Community Health,2009,Qualitative,Other/None,Qualitative,Other/None,Qualitative,Qualitative,FALSE,FALSE,FALSE,FALSE,TRUE,,,,TRUE,0.97,TRUE,yes,1,1,1709,50,7.1778e-5,341.51599999999996,,typesafe/jev-1.13-20260917,gen-dec-1789843830-FIVk4fkFfGGq9TMtReJx,,1d16b25dcca8,2026-09-19T18:50:35+0000
92,DES-093,45431,SCOPUS_ID:85165290956,10.1016/j.ypmed.2023.107607,Association of cardiovascular health using Life's Essential 8 with noncommunicable disease multimorbidity,Preventive Medicine,2023,Other/None,Cross-sectional,Cross-sectional,Other/None,Cross-sectional,Cross-sectional,FALSE,FALSE,FALSE,FALSE,FALSE,Adults; Cardiovascular health; Life's Essential 8; Multimorbidity; NHANES; Noncommunicable disease,,,TRUE,0.03,FALSE,no,0,1,1755,50,7.371e-5,242.065,,typesafe/jev-1.13-20260917,gen-dec-1789843830-9uqM2BsW6sFyPii2Xo3m,,1d16b25dcca8,2026-09-19T18:50:35+0000
93,DES-094,1736,SCOPUS_ID:0031057125,10.1093/oxfordjournals.aje.a009107,Nicotine patches in smoking cessation: A randomized trial among over- the-counter customers in Denmark,American Journal Of Epidemiology,1997,Experimental,Experimental,Experimental,Experimental,Experimental,Experimental,FALSE,FALSE,FALSE,FALSE,FALSE,drug administration routes; drugs; nicotine; non-prescription; placebo effect; randomized controlled trials; smoking cessation,,,TRUE,0.04,FALSE,no,0,1,1802,50,7.5684e-5,245.29000000000002,,typesafe/jev-1.13-20260917,gen-dec-1789843830-qVAnGohatC6ve1lb3aGE,,1d16b25dcca8,2026-09-19T18:50:35+0000
94,DES-095,24600,SCOPUS_ID:0033851958,10.1023/a:1007627332215,"Cancer mortality and exposure to chemical carcinogens in the work place: An ecological study in the Valencian Community, Spain (1981-1995)",European Journal Of Epidemiology,2000,Ecological / Time-series,Ecological / Time-series,Ecological / Time-series,Ecological / Time-series,Ecological / Time-series,Ecological / Time-series,FALSE,FALSE,FALSE,FALSE,FALSE,Cancer; Chemical carcinogens; Ecological study; Geographical differences; Job-exposure; Mortality,,,TRUE,0.05,FALSE,no,0,1,1648,50,6.9216e-5,305.40299999999996,,typesafe/jev-1.13-20260917,gen-dec-1789843831-4zwV2rVHp2kw9XQav3fJ,,1d16b25dcca8,2026-09-19T18:50:35+0000
95,DES-096,42244,SCOPUS_ID:80955144172,10.1016/j.ypmed.2011.08.019,"""If there wasn't the technology then I would probably be out everyday"": A qualitative study of children's strategies to reduce their screen viewing",Preventive Medicine,2011,Qualitative,Other/None,Qualitative,Qualitative,Qualitative,Qualitative,FALSE,FALSE,FALSE,FALSE,FALSE,Children; Focus groups; Physical activity; Screen-viewing; Sedentary lifestyle,,,TRUE,0.56,TRUE,yes,0.65,0.3,1648,50,6.9216e-5,284.911,,typesafe/jev-1.13-20260917,gen-dec-1789843831-lGNHflnztlUr3eb4Itlr,,1d16b25dcca8,2026-09-19T18:50:35+0000
96,DES-097,38188,SCOPUS_ID:85042849066,10.1136/jech-2017-209847,Do flexible work policies improve parents' health? A natural experiment based on the UK Millennium Cohort Study,Journal Of Epidemiology And Community Health,2018,Quasi-experimental,Quasi-experimental,Quasi-experimental,Cohort,Quasi-experimental,Other/None,FALSE,TRUE,FALSE,TRUE,TRUE,cohort studies; lngitudinal studies; maternal health; policy; workplace,,,TRUE,0.92,TRUE,yes,0.99,0.98,1738,50,7.2996e-5,407.86899999999997,,typesafe/jev-1.13-20260917,gen-dec-1789843831-w4TcAsJ5Cpq1RgR1ubDr,,1d16b25dcca8,2026-09-19T18:50:35+0000
97,DES-098,12067,SCOPUS_ID:85084603369,10.1016/j.amepre.2019.12.024,Impact of the Centers for Disease Control and Prevention Recommendation and State Law on Birth Cohort Hepatitis C Screening of New York City Medicaid Recipients,American Journal Of Preventive Medicine,2020,Cohort,Quasi-experimental,Quasi-experimental,Other/None,Quasi-experimental,Other/None,FALSE,TRUE,FALSE,TRUE,TRUE,,,,TRUE,0.82,TRUE,yes,0.93,0.86,1754,50,7.3668e-5,286.74,,typesafe/jev-1.13-20260917,gen-dec-1789843831-nd9tbVHpCT5c03NNr7pL,,1d16b25dcca8,2026-09-19T18:50:35+0000
98,DES-099,6708,SCOPUS_ID:85054250509,10.1093/aje/kwy113,Which Method of Fall Ascertainment Captures the Most Falls in Prefrail and Frail Seniors?,American Journal Of Epidemiology,2018,Other/None,Experimental,Experimental,Other/None,Experimental,Experimental,FALSE,FALSE,FALSE,FALSE,FALSE,aged; ascertainment methods; diaries; falls; frailty; hotlines; seniors,,,TRUE,0.52,TRUE,yes,0.62,0.24,1711,50,7.1862e-5,349.968,,typesafe/jev-1.13-20260917,gen-dec-1789843831-i3nWIsaSxDcvp0gmo8sS,,1d16b25dcca8,2026-09-19T18:50:35+0000
99,DES-100,38104,SCOPUS_ID:85052847690,10.1136/jech-2018-210701,Does environment influence childhood BMI? A longitudinal analysis of children aged 3-11,Journal Of Epidemiology And Community Health,2018,Cohort,Cohort,Cohort,Other/None,Cohort,Cohort,FALSE,TRUE,FALSE,TRUE,FALSE,child health; housing; life course / childhood circumstances; longitudinal studies; obesity,,,TRUE,0.05,FALSE,no,0,1,1694,50,7.1148e-5,308.88100000000003,,typesafe/jev-1.13-20260917,gen-dec-1789843831-YdiFoo5781PjmEk5wUQo,,1d16b25dcca8,2026-09-19T18:50:35+0000
100,DES-101,6972,SCOPUS_ID:85072687046,10.1093/aje/kwz100,Effect Estimates in Randomized Trials and Observational Studies: Comparing Apples with Apples,American Journal Of Epidemiology,2019,Experimental,Experimental,Experimental,Other/None,Experimental,Experimental,FALSE,FALSE,FALSE,FALSE,FALSE,antiretroviral initiation; causal inference; per-protocol effect; target trial,,,TRUE,0.03,FALSE,no,0,1,1547,50,6.4974e-5,373.332,,typesafe/jev-1.13-20260917,gen-dec-1789843831-8mElBTTsG5CmeoPUlRGA,,1d16b25dcca8,2026-09-19T18:50:35+0000
101,DES-102,18452,SCOPUS_ID:84886400284,10.2105/ajph.2013.301287,Secondhand smoke exposure and smoking behavior among young adult bar patrons,American Journal Of Public Health,2013,Other/None,Cross-sectional,Cross-sectional,Other/None,Cross-sectional,Cross-sectional,FALSE,FALSE,FALSE,FALSE,TRUE,,,,TRUE,0.92,TRUE,yes,0.99,0.98,1616,50,6.7872e-5,749.0120000000001,,typesafe/jev-1.13-20260917,gen-dec-1789843831-JLpWtRkYHCdGAeH8WrVO,,1d16b25dcca8,2026-09-19T18:50:35+0000
102,DES-103,28666,SCOPUS_ID:85044336737,10.1093/eurpub/ckx148,Maternal serum bisphenol A levels and risk of pre-eclampsia: A nested case-control study,European Journal Of Public Health,2017,Case-control,Case-control,Case-control,Other/None,Case-control,Case-control,FALSE,FALSE,FALSE,FALSE,FALSE,,,,TRUE,0.03,FALSE,no,0,1,1837,50,7.7154e-5,306.544,,typesafe/jev-1.13-20260917,gen-dec-1789843831-bCi8U9qVAu2MPF71uJLg,,1d16b25dcca8,2026-09-19T18:50:35+0000
103,DES-104,29564,SCOPUS_ID:85135501070,10.1093/eurpub/ckac070,"European mature adults and elderly are moving closer to the Mediterranean diet - a longitudinal study, 2013-19",European Journal Of Public Health,2022,Cohort,Cohort,Cohort,Other/None,Cohort,Cohort,FALSE,FALSE,FALSE,FALSE,FALSE,,,,TRUE,0.08,FALSE,no,0.01,0.98,1753,50,7.3626e-5,345.478,,typesafe/jev-1.13-20260917,gen-dec-1789843831-bxaIYqacxqTPyPnAiShG,,1d16b25dcca8,2026-09-19T18:50:35+0000
104,DES-105,21309,SCOPUS_ID:0028939653,10.1097/00001648-199505000-00008,An analysis of the process of human immunodeficiency virus sexual risk behavior change,Epidemiology,1995,Other/None,Ecological / Time-series,Ecological / Time-series,Cohort,Ecological / Time-series,Ecological / Time-series,FALSE,FALSE,FALSE,FALSE,FALSE,Cohort study; Data collection; Exposure categorization; HIV/AIDS; Markov models; Pattern; Process; Risk behavior,,,TRUE,0.51,TRUE,yes,0.63,0.25,1546,50,6.4932e-5,271.035,,typesafe/jev-1.13-20260917,gen-dec-1789843831-wwFgjcNyLcl8wFPF6f21,,1d16b25dcca8,2026-09-19T18:50:35+0000
105,DES-106,3559,SCOPUS_ID:28944452411,10.1093/aje/kwi342,"Physical activity, obesity, energy intake, and the risk of non-Hodgkin's lymphoma: A population-based case-control study",American Journal Of Epidemiology,2005,Case-control,Case-control,Case-control,Case-control,Case-control,Case-control,FALSE,FALSE,FALSE,FALSE,FALSE,Case-control studies; Energy intake; Exercise; Lymphoma; Non-hodgkin; Obesity; Recreation,,,TRUE,0.04,FALSE,no,0,1,1797,50,7.5474e-5,284.07300000000004,,typesafe/jev-1.13-20260917,gen-dec-1789843831-UQsyqYefowEXCxaDql2j,,1d16b25dcca8,2026-09-19T18:50:35+0000
106,DES-107,3764,SCOPUS_ID:13544249699,10.1093/aje/kwi041,Occupational magnetic fields and female breast cancer: A case-control study using Swedish population registers and new exposure data,American Journal Of Epidemiology,2005,Case-control,Other/None,Case-control,Case-control,Case-control,Case-control,FALSE,FALSE,FALSE,FALSE,FALSE,"Breast neoplasms; Case-control studies; Electromagnetic fields; Female; Receptors, estrogen",,,TRUE,0.03,FALSE,no,0,1,1615,50,6.783e-5,331.84799999999996,,typesafe/jev-1.13-20260917,gen-dec-1789843831-jEQUqG23fc9juyzoKvnl,,1d16b25dcca8,2026-09-19T18:50:35+0000
107,DES-108,29794,SCOPUS_ID:85205334652,10.1093/eurpub/ckae083,Differences in colorectal cancer awareness between screening eligible vs. ineligible Palestinians: A national cross-sectional study,European Journal Of Public Health,2024,Cross-sectional,Other/None,Cross-sectional,Other/None,Cross-sectional,Cross-sectional,FALSE,FALSE,FALSE,FALSE,FALSE,,,,TRUE,0.03,FALSE,no,0,1,1814,50,7.6188e-5,338.94,,typesafe/jev-1.13-20260917,gen-dec-1789843831-lRAveXHHwB9WPv5xkNCF,,1d16b25dcca8,2026-09-19T18:50:35+0000
108,DES-109,16809,SCOPUS_ID:31544435452,10.2105/ajph.2004.059840,Relative effectiveness of worker safety and health training methods,American Journal Of Public Health,2006,Other/None,Quasi-experimental,Quasi-experimental,Other/None,Quasi-experimental,Quasi-experimental,FALSE,TRUE,FALSE,TRUE,FALSE,,,,TRUE,0.61,TRUE,yes,0.71,0.41,1567,50,6.5814e-5,241.269,,typesafe/jev-1.13-20260917,gen-dec-1789843831-hrUJAnL5ImlohnQBo2AA,,1d16b25dcca8,2026-09-19T18:50:35+0000
109,DES-110,28795,SCOPUS_ID:85056722999,10.1093/eurpub/cky095,A qualitative study on primary health care responses to intimate partner violence during the economic crisis in Spain,European Journal Of Public Health,2018,Qualitative,Qualitative,Qualitative,Other/None,Qualitative,Qualitative,FALSE,FALSE,FALSE,FALSE,TRUE,,,,TRUE,0.97,TRUE,yes,1,1,1641,50,6.8922e-5,316.944,,typesafe/jev-1.13-20260917,gen-dec-1789843831-pWvufvEgHuJt89unPF96,,1d16b25dcca8,2026-09-19T18:50:35+0000
110,DES-111,31809,SCOPUS_ID:0035093497,10.1093/ije/30.1.88,Birthweight and behavioural problems in children: A modifiable effect?,International Journal Of Epidemiology,2001,Other/None,Cross-sectional,Cross-sectional,Other/None,Cross-sectional,Cross-sectional,FALSE,FALSE,FALSE,FALSE,FALSE,Behavioural problems; Birthweight; Children; Health inequalities; SDQ; Social environment,,,TRUE,0.05,FALSE,no,0,1,1801,50,7.5642e-5,286.95799999999997,,typesafe/jev-1.13-20260917,gen-dec-1789843831-ZD9VRozas0nHm3abuCDD,,1d16b25dcca8,2026-09-19T18:50:35+0000
111,DES-112,32918,SCOPUS_ID:79953727246,10.1093/ije/dyp336,An evaluation of the impact of a large reduction in alcohol prices on alcohol-related and all-cause mortality: Time series analysis of a population-based natural experiment,International Journal Of Epidemiology,2011,Quasi-experimental,Ecological / Time-series,Quasi-experimental,Other/None,Quasi-experimental,Other/None,FALSE,TRUE,FALSE,TRUE,FALSE,Alcohol drinking; Alcohol-related disorders; Cardiovascular diseases; Commerce; Economics; Mortality,,,TRUE,0.07,FALSE,no,0,1,1850,50,7.77e-5,326.43,,typesafe/jev-1.13-20260917,gen-dec-1789843831-TlcfiXkk2uiAWzOhfFxo,,1d16b25dcca8,2026-09-19T18:50:35+0000
112,DES-113,22992,SCOPUS_ID:84894105484,10.1097/ede.0000000000000042,Cause-specific mortality among spouses of parkinson disease patients,Epidemiology,2014,Other/None,Other/None,Other/None,Other/None,Other/None,Other/None,FALSE,FALSE,FALSE,FALSE,FALSE,,,,TRUE,0.03,FALSE,no,0,1,1768,50,7.4256e-5,416.772,,typesafe/jev-1.13-20260917,gen-dec-1789843831-Bh6U74JALH5a3OYlHxKR,,1d16b25dcca8,2026-09-19T18:50:35+0000
113,DES-114,16955,SCOPUS_ID:34948844524,10.2105/ajph.2006.090399,The effect of disseminating evidence-based interventions that promote physical activity to health departments,American Journal Of Public Health,2007,Other/None,Quasi-experimental,Quasi-experimental,Other/None,Quasi-experimental,Quasi-experimental,FALSE,TRUE,FALSE,TRUE,TRUE,,,,TRUE,0.57,TRUE,yes,0.69,0.37,1587,50,6.6654e-5,357.977,,typesafe/jev-1.13-20260917,gen-dec-1789843831-20qOZv6PgQoawKqgemNI,,1d16b25dcca8,2026-09-19T18:50:35+0000
114,DES-115,27305,SCOPUS_ID:3042555349,10.1093/eurpub/14.2.212,Social position and functional decline among non-disabled old men and women,European Journal Of Public Health,2004,Other/None,Other/None,Other/None,Other/None,Other/None,Other/None,FALSE,FALSE,FALSE,FALSE,FALSE,Changes; Disability; Elderly; Material wealth; Social inequalities; Social position,,,TRUE,0.09,FALSE,no,0.02,0.96,1584,50,6.6528e-5,272.45200000000006,,typesafe/jev-1.13-20260917,gen-dec-1789843831-fAGyI0Vus5r0xEXKr9de,,1d16b25dcca8,2026-09-19T18:50:35+0000
115,DES-116,28814,SCOPUS_ID:85059287281,10.1093/eurpub/cky013,Changes in physical and mental health functioning during retirement transition: A register-linkage follow-up study,European Journal Of Public Health,2018,Cohort,Other/None,Cohort,Other/None,Cohort,Cohort,FALSE,FALSE,FALSE,FALSE,FALSE,,,,TRUE,0.59,TRUE,yes,0.69,0.37,1742,50,7.3164e-5,262.594,,typesafe/jev-1.13-20260917,gen-dec-1789843831-wvYaVIhfWe9UAxqBntOv,,1d16b25dcca8,2026-09-19T18:50:35+0000
116,DES-117,25601,SCOPUS_ID:77953232402,10.1007/s10654-010-9431-y,A successful implementation of e-epidemiology: The Danish pregnancy planning study 'Snart-Gravid',European Journal Of Epidemiology,2010,Other/None,Cohort,Cohort,Cohort,Cohort,Cohort,FALSE,FALSE,FALSE,FALSE,FALSE,Cost efficiency; Feasibility; Internet-based recruitment and follow-up; Pregnancy planning study; Prospective cohort,,,TRUE,0.09,FALSE,no,0.01,0.98,1671,50,7.0182e-5,305.17,,typesafe/jev-1.13-20260917,gen-dec-1789843831-V2hGecjZou9d1EXutXtd,,1d16b25dcca8,2026-09-19T18:50:35+0000
117,DES-118,16508,SCOPUS_ID:24144456535,10.2105/ajph.2004.044743,Prevalence of physical activity among Chinese adults: Results from the International Collaborative Study of Cardiovascular Disease in Asia,American Journal Of Public Health,2005,Other/None,Other/None,Other/None,Other/None,Other/None,Other/None,FALSE,FALSE,FALSE,FALSE,TRUE,,,,TRUE,0.97,TRUE,yes,1,1,1624,50,6.8208e-5,292.132,,typesafe/jev-1.13-20260917,gen-dec-1789843831-RWDTueIVsDebb14unzUL,,1d16b25dcca8,2026-09-19T18:50:35+0000
118,DES-119,18782,SCOPUS_ID:84907829497,10.2105/ajph.2014.302116,Factors influencing parental involvement among minors seeking an abortion: A qualitative study,American Journal Of Public Health,2014,Qualitative,Other/None,Qualitative,Other/None,Qualitative,Qualitative,FALSE,FALSE,FALSE,FALSE,FALSE,,,,TRUE,0.04,FALSE,no,0,1,1574,50,6.6108e-5,336.365,,typesafe/jev-1.13-20260917,gen-dec-1789843831-jWNMZqVSq9VQ9mwaFoar,,1d16b25dcca8,2026-09-19T18:50:35+0000
119,DES-120,18298,SCOPUS_ID:84857327491,10.2105/ajph.2011.300470,Sleep disturbance preceding suicide among veterans,American Journal Of Public Health,2012,Other/None,Other/None,Other/None,Other/None,Other/None,Other/None,FALSE,FALSE,FALSE,FALSE,FALSE,,,,TRUE,0.75,TRUE,yes,0.91,0.81,1573,50,6.6066e-5,297.85499999999996,,typesafe/jev-1.13-20260917,gen-dec-1789843831-owAjRIZrIR9CKuBs1wMI,,1d16b25dcca8,2026-09-19T18:50:35+0000
120,DES-121,44524,SCOPUS_ID:85087292947,10.1016/j.ypmed.2020.106186,"The impact of the Great Recession on California domestic violence events, and related hospitalizations and emergency service visits",Preventive Medicine,2020,Other/None,Ecological / Time-series,Ecological / Time-series,Other/None,Ecological / Time-series,Ecological / Time-series,FALSE,FALSE,FALSE,FALSE,TRUE,Domestic violence; Hospitalizations; Social determinants,,,TRUE,0.91,TRUE,yes,0.99,0.98,1755,50,7.371e-5,319.11899999999997,,typesafe/jev-1.13-20260917,gen-dec-1789843831-IDPWkfjghi4ntheIqdAc,,1d16b25dcca8,2026-09-19T18:50:35+0000
121,DES-122,19114,SCOPUS_ID:84896533492,10.2105/ajph.2013.301666,Social branding to decrease smoking among young adults in bars,American Journal Of Public Health,2014,Other/None,Cross-sectional,Cross-sectional,Other/None,Cross-sectional,Cross-sectional,FALSE,FALSE,FALSE,FALSE,FALSE,,,,TRUE,0.51,TRUE,yes,0.58,0.15,1688,50,7.0896e-5,316.342,,typesafe/jev-1.13-20260917,gen-dec-1789843831-x5LYJNm0LhPbMKnaSTgv,,1d16b25dcca8,2026-09-19T18:50:35+0000
122,DES-123,7492,SCOPUS_ID:85139573237,10.1093/aje/kwac123,Lifetime Exposure to Welding Fumes and Risk of Some Rare Cancers,American Journal Of Epidemiology,2022,Other/None,Case-control,Case-control,Other/None,Case-control,Case-control,FALSE,FALSE,FALSE,FALSE,FALSE,biliary tract cancer; bone cancer; male breast cancer; mycosis fungoides; small intestine cancer; thymus cancer; uveal melanoma; welder,,,TRUE,0.04,FALSE,no,0,1,1704,50,7.1568e-5,323.598,,typesafe/jev-1.13-20260917,gen-dec-1789843832-Iqp5uZlUynvC6u7kWGoD,,1d16b25dcca8,2026-09-19T18:50:35+0000
123,DES-124,9110,SCOPUS_ID:22244440177,10.1016/j.amepre.2005.04.004,Screen-viewing behaviors among preschoolers: Parents' perceptions,American Journal Of Preventive Medicine,2005,Other/None,Qualitative,Qualitative,Other/None,Qualitative,Qualitative,FALSE,FALSE,FALSE,FALSE,TRUE,,,,TRUE,0.95,TRUE,yes,1,1,1651,50,6.9342e-5,268.686,,typesafe/jev-1.13-20260917,gen-dec-1789843832-CpNmIS7FeHC8xT0C4XtB,,1d16b25dcca8,2026-09-19T18:50:35+0000
124,DES-125,21491,SCOPUS_ID:0343472105,10.1097/00001648-199701000-00003,Individual nonsteroidal antiinflammatory drugs and other risk factors for upper gastrointestinal bleeding and perforation,Epidemiology,1997,Other/None,Case-control,Case-control,Other/None,Case-control,Case-control,FALSE,FALSE,FALSE,FALSE,FALSE,age; corticosteroids; drug interaction; drug utilization; gastrointestinal toxicity; medical record linkage; nonsteroidal antiinflammatory agents,,,TRUE,0.04,FALSE,no,0,1,1693,50,7.1106e-5,302.289,,typesafe/jev-1.13-20260917,gen-dec-1789843832-FrBpYuyNNRCvrXVBCjKN,,1d16b25dcca8,2026-09-19T18:50:35+0000
125,DES-126,24890,SCOPUS_ID:0041803237,10.1023/a:1024620617272,Evaluating a campaign to detect early stage breast tumors in the United States,European Journal Of Epidemiology,2003,Other/None,Ecological / Time-series,Ecological / Time-series,Other/None,Ecological / Time-series,Ecological / Time-series,FALSE,FALSE,FALSE,FALSE,FALSE,Breast cancer; Community campaigns; Evaluation,,,TRUE,0.86,TRUE,yes,0.98,0.97,1572,50,6.6024e-5,284.532,,typesafe/jev-1.13-20260917,gen-dec-1789843832-7kVDutmxvycnsI6vz3ys,,1d16b25dcca8,2026-09-19T18:50:35+0000
126,DES-127,44870,SCOPUS_ID:85104075810,10.1016/j.ypmed.2021.106548,Effect of Washington State and Colorado's cannabis legalization on death by suicides,Preventive Medicine,2021,Other/None,Quasi-experimental,Quasi-experimental,Quasi-experimental,Quasi-experimental,Quasi-experimental,FALSE,TRUE,FALSE,TRUE,FALSE,Death by suicide; Health policy; Quantitative evaluation; Synthetic control modeling,,,TRUE,0.05,FALSE,no,0,1,1725,50,7.245e-5,300.572,,typesafe/jev-1.13-20260917,gen-dec-1789843832-jcmWQoycKgEGRrStgw2T,,1d16b25dcca8,2026-09-19T18:50:35+0000
127,DES-128,29207,SCOPUS_ID:85089922239,10.1093/eurpub/ckaa073,Sexual health services in community pharmacy for women on opioid substitution treatment: A qualitative study,European Journal Of Public Health,2020,Qualitative,Other/None,Qualitative,Other/None,Qualitative,Qualitative,FALSE,FALSE,FALSE,FALSE,TRUE,,,,TRUE,0.92,TRUE,yes,1,0.99,1639,50,6.8838e-5,283.069,,typesafe/jev-1.13-20260917,gen-dec-1789843832-piQjqvxrj9fj4W5Vvoxp,,1d16b25dcca8,2026-09-19T18:50:35+0000
128,DES-129,4616,SCOPUS_ID:70349662171,10.1093/aje/kwp217,Air pollution and hospitalization for headache in Chile,American Journal Of Epidemiology,2009,Other/None,Ecological / Time-series,Ecological / Time-series,Other/None,Ecological / Time-series,Ecological / Time-series,FALSE,FALSE,FALSE,FALSE,FALSE,Air pollution; Environment; Headache,,,TRUE,0.52,TRUE,yes,0.62,0.25,1793,50,7.5306e-5,291.203,,typesafe/jev-1.13-20260917,gen-dec-1789843832-pTixP0jGroCITg56jOn2,,1d16b25dcca8,2026-09-19T18:50:35+0000
129,DES-130,10310,SCOPUS_ID:83755172598,10.1016/j.amepre.2011.08.028,"Fax referrals, academic detailing, and tobacco quitline use: A randomized trial",American Journal Of Preventive Medicine,2012,Experimental,Other/None,Experimental,Other/None,Experimental,Experimental,FALSE,FALSE,FALSE,FALSE,FALSE,,,,TRUE,0.09,FALSE,no,0.01,0.99,1750,50,7.35e-5,296.817,,typesafe/jev-1.13-20260917,gen-dec-1789843832-GH36UDFEXLtAr0Vjs1qT,,1d16b25dcca8,2026-09-19T18:50:35+0000
130,DES-131,45198,SCOPUS_ID:85129032728,10.1016/j.ypmed.2022.107065,"Association of prenatal substance use with prenatal and postpartum care: Evidence from the Pregnancy Risk Assessment Monitoring System, 2016–2019",Preventive Medicine,2022,Other/None,Qualitative,Qualitative,Other/None,Qualitative,Qualitative,FALSE,FALSE,FALSE,FALSE,FALSE,Intrapartum care; Postpartum care; Prenatal care; Substance use,,,TRUE,0.75,TRUE,yes,0.89,0.78,1903,50,7.9926e-5,281.589,,typesafe/jev-1.13-20260917,gen-dec-1789843832-y7nrLNXuITINtSfHN6Uz,,1d16b25dcca8,2026-09-19T18:50:35+0000
131,DES-132,38857,SCOPUS_ID:85165157871,10.1136/jech-2022-220030,Alcohol use and internal migration in Nepal: A cross-sectional study,Journal Of Epidemiology And Community Health,2023,Cross-sectional,Other/None,Cross-sectional,Other/None,Cross-sectional,Cross-sectional,FALSE,FALSE,FALSE,FALSE,TRUE,ALCOHOLISM; DEMOGRAPHY; HUMAN MIGRATION; MENTAL HEALTH,,,TRUE,0.94,TRUE,yes,1,0.99,1736,50,7.2912e-5,281.906,,typesafe/jev-1.13-20260917,gen-dec-1789843832-oXxnHIcGwNrpiBoFjIyT,,1d16b25dcca8,2026-09-19T18:50:35+0000
132,DES-133,45353,SCOPUS_ID:85166925724,10.1016/j.ypmed.2023.107594,"Effective, but underused: lessons learned implementing contingency management in real-world practice settings in the United States",Preventive Medicine,2023,Other/None,Other/None,Other/None,Other/None,Other/None,Other/None,FALSE,FALSE,FALSE,FALSE,TRUE,Addiction technology transfer center; Contingency management; Implementation; Incentives; Lessons; Training,,,TRUE,0.61,TRUE,yes,0.7,0.41,1629,50,6.8418e-5,315.305,,typesafe/jev-1.13-20260917,gen-dec-1789843832-JaeD3dZE7C7PrHvn8m6C,,1d16b25dcca8,2026-09-19T18:50:35+0000
133,DES-134,35231,SCOPUS_ID:18344411203,10.1136/jech.50.suppl_1.s42,Short term respiratory health effects of ambient air pollution: Results of the APHEA project in Paris,Journal Of Epidemiology And Community Health,1996,Other/None,Ecological / Time-series,Ecological / Time-series,Other/None,Ecological / Time-series,Ecological / Time-series,FALSE,FALSE,FALSE,FALSE,FALSE,,,,TRUE,0.74,TRUE,yes,0.91,0.81,1718,50,7.2156e-5,323.209,,typesafe/jev-1.13-20260917,gen-dec-1789843832-2VU4O6lvkWbYrgjcqEyA,,1d16b25dcca8,2026-09-19T18:50:35+0000
134,DES-135,30084,SCOPUS_ID:0025231692,10.1093/ije/19.1.42,Menopause-related changes in lipoproteins and some other cardiovascular risk factors,International Journal Of Epidemiology,1990,Other/None,Cross-sectional,Cross-sectional,Other/None,Cross-sectional,Cross-sectional,FALSE,FALSE,FALSE,FALSE,FALSE,,,,TRUE,0.03,FALSE,no,0,1,1718,50,7.2156e-5,291.46,,typesafe/jev-1.13-20260917,gen-dec-1789843832-IUUFLjTLEkDZFXQ1pK8S,,1d16b25dcca8,2026-09-19T18:50:35+0000
135,DES-136,35957,SCOPUS_ID:0037934010,10.1136/jech.57.10.784,Excess winter mortality in Europe: A cross country analysis identifying key risk factors,Journal Of Epidemiology And Community Health,2003,Other/None,Ecological / Time-series,Ecological / Time-series,Other/None,Ecological / Time-series,Ecological / Time-series,FALSE,FALSE,FALSE,FALSE,TRUE,,,,TRUE,0.95,TRUE,yes,1,0.99,1785,50,7.497e-5,296.082,,typesafe/jev-1.13-20260917,gen-dec-1789843832-hf3BY0guw02opk2wJ4E7,,1d16b25dcca8,2026-09-19T18:50:35+0000
136,DES-137,7783,SCOPUS_ID:85212332215,10.1093/aje/kwae148,Statistical approaches for the integration of external controls in a cystic fibrosis clinical trial: A simulation and an application,American Journal Of Epidemiology,2024,Experimental,Experimental,Experimental,Other/None,Experimental,Experimental,TRUE,TRUE,FALSE,TRUE,FALSE,bayesian borrowing; causal inference; cystic fibrosis; external controls; historical controls; pulmonary exacerbations,,,TRUE,0.19,FALSE,no,0.07,0.87,1626,50,6.8292e-5,350.781,,typesafe/jev-1.13-20260917,gen-dec-1789843832-q01Z9D91tR9BmRDr9kEB,,1d16b25dcca8,2026-09-19T18:50:35+0000
137,DES-138,6590,SCOPUS_ID:85020380646,10.1093/aje/kww199,Temporal Changes in Mortality Related to Extreme Temperatures for 15 Cities in Northeast Asia: Adaptation to Heat and Maladaptation to Cold,American Journal Of Epidemiology,2017,Other/None,Other/None,Other/None,Other/None,Other/None,Other/None,FALSE,FALSE,FALSE,FALSE,FALSE,adaptation; climate change; heat and cold; temperature-mortality association; temporal change,,,TRUE,0.17,FALSE,no,0.1,0.8,1610,50,6.762e-5,241.60799999999998,,typesafe/jev-1.13-20260917,gen-dec-1789843832-n85Mu55BV0XdvD9jLrLq,,1d16b25dcca8,2026-09-19T18:50:35+0000
138,DES-139,3718,SCOPUS_ID:15744397542,10.1093/aje/kwi086,"Effect of sunscreen and clothing on the number of melanocytic nevi in 1,812 German children attending day care",American Journal Of Epidemiology,2005,Other/None,Experimental,Experimental,Other/None,Experimental,Other/None,FALSE,FALSE,FALSE,FALSE,TRUE,Child; Clothing; Health behavior; Melanoma; Nevus; Pigmented; Sunlight; Sunscreening agents,,,TRUE,0.96,TRUE,yes,1,1,1663,50,6.9846e-5,256.084,,typesafe/jev-1.13-20260917,gen-dec-1789843832-Qn0BF1IC1lUpFOMmgkmH,,1d16b25dcca8,2026-09-19T18:50:35+0000
139,DES-140,41699,SCOPUS_ID:33847267289,10.1016/j.ypmed.2006.11.002,Views on smoking cessation methods in ethnic minority communities: A qualitative investigation,Preventive Medicine,2007,Other/None,Qualitative,Qualitative,Other/None,Qualitative,Qualitative,FALSE,FALSE,FALSE,FALSE,TRUE,African Americans; Asian Americans; Native Americans; Race/ethnicity; Smoking cessation,,,TRUE,0.85,TRUE,yes,0.97,0.94,1604,50,6.7368e-5,282.28,,typesafe/jev-1.13-20260917,gen-dec-1789843832-Tbn6kLFjgzeE1erZCFy7,,1d16b25dcca8,2026-09-19T18:50:35+0000
140,DES-141,31068,SCOPUS_ID:0029782540,10.1093/ije/25.4.760,Use of psychotropic drugs and risk of myocardial infarction: A case-control study in Finnish farmers,International Journal Of Epidemiology,1996,Case-control,Other/None,Case-control,Experimental,Case-control,Case-control,FALSE,FALSE,FALSE,FALSE,FALSE,Case-control study; Depression; Farmers; Myocardial infarction; Psychotropic drugs,,,TRUE,0.03,FALSE,no,0,1,1673,50,7.0266e-5,253.75300000000001,,typesafe/jev-1.13-20260917,gen-dec-1789843832-IEh575s6M5D5vh7Tgl4l,,1d16b25dcca8,2026-09-19T18:50:35+0000
141,DES-142,28071,SCOPUS_ID:82155189928,10.1093/eurpub/ckr069,The association between physical activity and perceived environment in German adults,European Journal Of Public Health,2012,Other/None,Cross-sectional,Cross-sectional,Other/None,Cross-sectional,Cross-sectional,FALSE,FALSE,FALSE,FALSE,FALSE,,,,TRUE,0.32,FALSE,no,0.24,0.51,1706,50,7.1652e-5,265.08,,typesafe/jev-1.13-20260917,gen-dec-1789843832-cyYTBcVj8g7OeqJeztYJ,,1d16b25dcca8,2026-09-19T18:50:35+0000
142,DES-143,40784,SCOPUS_ID:0038349526,10.1016/s0091-7435(03)00112-9,Family income a strong predictor of coronary heart disease events but not of overall deaths among Turkish adults: A 12-year prospective study,Preventive Medicine,2003,Other/None,Other/None,Other/None,Other/None,Other/None,Other/None,FALSE,FALSE,FALSE,FALSE,FALSE,Coronary heart disease; Family income; Risk factors,,,TRUE,0.1,FALSE,no,0.02,0.97,1807,50,7.5894e-5,347.916,,typesafe/jev-1.13-20260917,gen-dec-1789843832-2KlDe9qXXNsN60cXlbHC,,1d16b25dcca8,2026-09-19T18:50:35+0000
143,DES-144,18086,SCOPUS_ID:78650896830,10.2105/ajph.2009.186890,The inter- and intragenerational impact of gestational diabetes on the epidemic of type 2 diabetes,American Journal Of Public Health,2011,Other/None,Ecological / Time-series,Ecological / Time-series,Other/None,Ecological / Time-series,Ecological / Time-series,TRUE,TRUE,FALSE,TRUE,TRUE,,,,TRUE,0.97,TRUE,yes,1,1,1643,50,6.9006e-5,319.79,,typesafe/jev-1.13-20260917,gen-dec-1789843832-oCg136ou8ucOADuIkZOc,,1d16b25dcca8,2026-09-19T18:50:35+0000
144,DES-145,9835,SCOPUS_ID:77950824907,10.1016/j.amepre.2010.01.028,The U.S.-Mexico Border. A Time-Trend Analysis of Border-Crossing Injuries,American Journal Of Preventive Medicine,2010,Other/None,Ecological / Time-series,Ecological / Time-series,Other/None,Ecological / Time-series,Ecological / Time-series,FALSE,FALSE,FALSE,FALSE,FALSE,,,,TRUE,0.19,FALSE,no,0.05,0.9,1694,50,7.1148e-5,251.63200000000003,,typesafe/jev-1.13-20260917,gen-dec-1789843832-b5FDsC3W3HpeTNBeRYZH,,1d16b25dcca8,2026-09-19T18:50:35+0000
145,DES-146,25506,SCOPUS_ID:70349232227,10.1007/s10654-009-9378-z,A conditional synergy index to assess biological interaction,European Journal Of Epidemiology,2009,Other/None,Other/None,Other/None,Other/None,Other/None,Other/None,FALSE,FALSE,FALSE,FALSE,FALSE,Antagonism; AP; Biological interaction; Epistasis; Gene-gene interaction; Penetrance scale; Synergy index,,,TRUE,0.02,FALSE,no,0,1,1575,50,6.615e-5,229.768,,typesafe/jev-1.13-20260917,gen-dec-1789843832-iSPbstWasNRpQttwwtbL,,1d16b25dcca8,2026-09-19T18:50:35+0000
146,DES-147,22829,SCOPUS_ID:84864866588,10.1097/ede.0b013e31825fb61d,In-utero exposure to dichlorodiphenyltrichloroethane and cognitive development among infants and school-aged children,Epidemiology,2012,Other/None,Cohort,Cohort,Other/None,Cohort,Cohort,FALSE,FALSE,FALSE,FALSE,FALSE,,,,TRUE,0.03,FALSE,no,0,1,1744,50,7.3248e-5,294.836,,typesafe/jev-1.13-20260917,gen-dec-1789843832-o542S6ICiQf7HSn03vCO,,1d16b25dcca8,2026-09-19T18:50:35+0000
147,DES-148,39287,SCOPUS_ID:85133297768,10.1016/s2468-2667(22)00089-5,"Immunisation status of UK-bound refugees between January, 2018, and October, 2019: a retrospective, population-based cross-sectional study",The Lancet Public Health,2022,Cross-sectional,Cross-sectional,Cross-sectional,Other/None,Cross-sectional,Cross-sectional,FALSE,FALSE,FALSE,FALSE,TRUE,,,,TRUE,0.98,TRUE,yes,1,1,2085,50,8.757e-5,294.94599999999997,,typesafe/jev-1.13-20260917,gen-dec-1789843832-8YQlRypVjF9NjKZGGbLj,,1d16b25dcca8,2026-09-19T18:50:35+0000
148,DES-149,31390,SCOPUS_ID:0031912749,10.1093/ije/27.1.10,"Cancer incidence, morbidity and geothermal air pollution in Rotorua, New Zealand",International Journal Of Epidemiology,1998,Other/None,Ecological / Time-series,Ecological / Time-series,Ecological / Time-series,Ecological / Time-series,Ecological / Time-series,FALSE,FALSE,FALSE,FALSE,FALSE,Ecological study; Epidemiology; Geothermal pollution; Hydrogen sulphide; Mercury; New Zealand; Rotorua,,,TRUE,0.05,FALSE,no,0,1,1670,50,7.014e-5,281.34999999999997,,typesafe/jev-1.13-20260917,gen-dec-1789843832-zK2L69pu7uUw5hPqfFbj,,1d16b25dcca8,2026-09-19T18:50:35+0000
149,DES-150,9774,SCOPUS_ID:78649909542,10.1016/j.amepre.2010.08.015,Employment change for bars and restaurants following a statewide clean indoor air policy,American Journal Of Preventive Medicine,2010,Other/None,Quasi-experimental,Quasi-experimental,Other/None,Quasi-experimental,Other/None,FALSE,TRUE,FALSE,TRUE,FALSE,,,,TRUE,0.05,FALSE,no,0,1,1654,50,6.9468e-5,268.05899999999997,,typesafe/jev-1.13-20260917,gen-dec-1789843832-wV41dQ4XGCaLv7QdAcOH,,1d16b25dcca8,2026-09-19T18:50:35+0000
150,DES-151,1349,SCOPUS_ID:0028820983,10.1093/oxfordjournals.aje.a117346,Case-control study of caffeinated beverages and preterm delivery,American Journal Of Epidemiology,1995,Case-control,Case-control,Case-control,Other/None,Case-control,Case-control,FALSE,FALSE,FALSE,FALSE,FALSE,"Caffeine; Epidemiology; Infant; Pregnancy; Pregnancy trimester, second; Pregnancy trimester, third; Premature",,,TRUE,0.03,FALSE,no,0,1,1632,50,6.8544e-5,333.137,,typesafe/jev-1.13-20260917,gen-dec-1789843832-fmlA4CHEOrp0w8lJEcud,,1d16b25dcca8,2026-09-19T18:50:35+0000
151,DES-152,12506,SCOPUS_ID:85135684420,10.1016/j.amepre.2022.02.022,"Motivators, Barriers, and Preferences to Engagement With Offered Social Care Assistance Among People With Diabetes: A Mixed Methods Study",American Journal Of Preventive Medicine,2022,Other/None,Qualitative,Qualitative,Other/None,Qualitative,Qualitative,FALSE,FALSE,FALSE,FALSE,TRUE,,,,TRUE,0.74,TRUE,yes,0.91,0.82,1705,50,7.161e-5,290.783,,typesafe/jev-1.13-20260917,gen-dec-1789843832-sHtgXTQfYzX0vB9VE5nA,,1d16b25dcca8,2026-09-19T18:50:35+0000
152,DES-153,4689,SCOPUS_ID:67651094135,10.1093/aje/kwp102,Caregiving intensity and change in physical functioning over a 2-Year period: Results of the caregiver-study of osteoporotic fractures,American Journal Of Epidemiology,2009,Other/None,Other/None,Other/None,Other/None,Other/None,Other/None,FALSE,FALSE,FALSE,FALSE,FALSE,Activities of daily living; Caregivers; Disability evaluation,,,TRUE,0.03,FALSE,no,0,1,1691,50,7.1022e-5,356.837,,typesafe/jev-1.13-20260917,gen-dec-1789843833-1IUL3Rf7mkoX250PgJ0a,,1d16b25dcca8,2026-09-19T18:50:35+0000
153,DES-154,29386,SCOPUS_ID:85112293491,10.1093/eurpub/ckab034,Airborne pollen concentrations and daily mortality from respiratory and cardiovascular causes,European Journal Of Public Health,2021,Other/None,Ecological / Time-series,Ecological / Time-series,Other/None,Ecological / Time-series,Ecological / Time-series,FALSE,FALSE,FALSE,FALSE,FALSE,,,,TRUE,0.38,FALSE,no,0.44,0.12,1546,50,6.4932e-5,266.818,,typesafe/jev-1.13-20260917,gen-dec-1789843833-li4EmMlQ943meDlSXwdc,,1d16b25dcca8,2026-09-19T18:50:35+0000
154,DES-155,31330,SCOPUS_ID:0031691863,10.1093/ije/27.4.667,"Dental amalgam and multiple sclerosis: A case-control study in Montreal, Canada",International Journal Of Epidemiology,1998,Case-control,Case-control,Case-control,Other/None,Case-control,Case-control,FALSE,FALSE,FALSE,FALSE,FALSE,Dental amalgams; Mercury; Multiple sclerosis,,,TRUE,0.03,FALSE,no,0,1,1617,50,6.7914e-5,254.30599999999998,,typesafe/jev-1.13-20260917,gen-dec-1789843833-2ARE9acM2k8VOyL4NrmS,,1d16b25dcca8,2026-09-19T18:50:35+0000
155,DES-156,21507,SCOPUS_ID:0031044335,10.1097/00001648-199703000-00007,Association between ambient carbon monoxide levels and hospitalizations for congestive heart failure in the elderly in 10 Canadian cities,Epidemiology,1997,Other/None,Ecological / Time-series,Ecological / Time-series,Other/None,Ecological / Time-series,Ecological / Time-series,FALSE,FALSE,FALSE,FALSE,FALSE,carbon monoxide; congestive heart failure; hospitalizations; nitrogen dioxide; ozone; pollution; sulfur dioxide,,,TRUE,0.03,FALSE,no,0,1,1612,50,6.7704e-5,319.40200000000004,,typesafe/jev-1.13-20260917,gen-dec-1789843833-J1DIqhXxdwm0ZuNHwWvJ,,1d16b25dcca8,2026-09-19T18:50:35+0000
156,DES-157,18668,SCOPUS_ID:84874080245,10.2105/ajph.2012.300723,Intimate partner violence and socioeconomic deprivation in England: Findings from a national cross-sectional survey,American Journal Of Public Health,2013,Cross-sectional,Other/None,Cross-sectional,Other/None,Cross-sectional,Cross-sectional,FALSE,FALSE,FALSE,FALSE,TRUE,,,,TRUE,0.97,TRUE,yes,1,1,1710,50,7.182e-5,323.532,,typesafe/jev-1.13-20260917,gen-dec-1789843833-1y8BTzsjZIiaaY0MFj5I,,1d16b25dcca8,2026-09-19T18:50:35+0000
157,DES-158,33301,SCOPUS_ID:84962772795,10.1093/ije/dyu199,Cohort Profile: Sympathetic activity and Ambulatory Blood Pressure in Africans (SABPA) prospective cohort study,International Journal Of Epidemiology,2015,Cohort,Cohort,Cohort,Other/None,Cohort,Cohort,FALSE,FALSE,FALSE,FALSE,FALSE,,,,TRUE,0.03,FALSE,no,0,1,1641,50,6.8922e-5,298.185,,typesafe/jev-1.13-20260917,gen-dec-1789843833-NooEdBKycyVzfGjcIXkC,,1d16b25dcca8,2026-09-19T18:50:35+0000
158,DES-159,29626,SCOPUS_ID:85123969306,10.1093/eurpub/ckab075,Post-implementation perspectives on smokefree prison policy: a qualitative study with staff and people in custody,European Journal Of Public Health,2022,Qualitative,Other/None,Qualitative,Other/None,Qualitative,Qualitative,FALSE,FALSE,FALSE,FALSE,TRUE,,,,TRUE,0.88,TRUE,yes,0.98,0.96,1693,50,7.1106e-5,587.486,,typesafe/jev-1.13-20260917,gen-dec-1789843833-2FLUMaHYjN7mDYv01H21,,1d16b25dcca8,2026-09-19T18:50:35+0000
159,DES-160,9692,SCOPUS_ID:64049103211,10.1016/j.amepre.2009.01.019,The Influence of the National truth<sup>®</sup> Campaign on Smoking Initiation,American Journal Of Preventive Medicine,2009,Other/None,Quasi-experimental,Quasi-experimental,Other/None,Quasi-experimental,Quasi-experimental,FALSE,TRUE,FALSE,TRUE,FALSE,,,,TRUE,0.29,FALSE,no,0.23,0.53,1750,50,7.35e-5,293.684,,typesafe/jev-1.13-20260917,gen-dec-1789843833-NYFnRbHB94JkLOI0A0BK,,1d16b25dcca8,2026-09-19T18:50:35+0000
160,DES-161,23482,SCOPUS_ID:85072790666,10.1097/ede.0000000000001086,Causal effect of sleep duration on body weight in adolescents: A population-based study using a natural experiment,Epidemiology,2019,Quasi-experimental,Quasi-experimental,Quasi-experimental,Quasi-experimental,Quasi-experimental,Quasi-experimental,FALSE,TRUE,FALSE,TRUE,FALSE,Body weight; Causal inference; Instrumental variable; Natural experiment; Overweight and obesity; Sleep,,,TRUE,0.06,FALSE,no,0,1,1703,50,7.1526e-5,309.576,,typesafe/jev-1.13-20260917,gen-dec-1789843833-njJJh80FzwR6XYPa6DOU,,1d16b25dcca8,2026-09-19T18:50:35+0000
161,DES-162,12839,SCOPUS_ID:85146478508,10.1016/j.amepre.2022.12.011,A Contactless App-Based Intervention to Improve Health Behaviors in Airline Pilots: A Randomized Trial,American Journal Of Preventive Medicine,2023,Experimental,Experimental,Experimental,Other/None,Experimental,Experimental,FALSE,FALSE,FALSE,FALSE,FALSE,,,,TRUE,0.06,FALSE,no,0,1,1736,50,7.2912e-5,287.68,,typesafe/jev-1.13-20260917,gen-dec-1789843833-yLeusGpum6AAvDmB9xn0,,1d16b25dcca8,2026-09-19T18:50:35+0000
162,DES-163,19962,SCOPUS_ID:85056382704,10.2105/ajph.2018.304685,"23-year trends in life expectancy in good and poor physical and cognitive health at age 65 years in the Netherlands, 1993-2016",American Journal Of Public Health,2018,Other/None,Other/None,Other/None,Other/None,Other/None,Other/None,FALSE,FALSE,FALSE,FALSE,FALSE,,,,TRUE,0.03,FALSE,no,0,1,1643,50,6.9006e-5,320.098,,typesafe/jev-1.13-20260917,gen-dec-1789843833-XylXUud0RhpXIRBrGKCu,,1d16b25dcca8,2026-09-19T18:50:35+0000
163,DES-164,22505,SCOPUS_ID:37349095958,10.1097/ede.0b013e31815c1da7,Characterizing temperature and mortality in nine California counties,Epidemiology,2008,Other/None,Ecological / Time-series,Ecological / Time-series,Other/None,Ecological / Time-series,Ecological / Time-series,FALSE,FALSE,FALSE,FALSE,FALSE,,,,TRUE,0.03,FALSE,no,0,1,1714,50,7.1988e-5,294.54999999999995,,typesafe/jev-1.13-20260917,gen-dec-1789843833-GCL0L4HVPOBNNirlk8bM,,1d16b25dcca8,2026-09-19T18:50:35+0000
164,DES-165,23649,SCOPUS_ID:85078867493,10.1097/ede.0000000000001153,Estimating Causal Effects of Particulate Matter Regulation on Mortality,Epidemiology,2020,Other/None,Quasi-experimental,Quasi-experimental,Quasi-experimental,Quasi-experimental,Quasi-experimental,FALSE,TRUE,FALSE,TRUE,FALSE,Environmental policy; Mortality; Particulate matter; Quasi-experimental studies,,,TRUE,0.28,FALSE,no,0.15,0.7,1712,50,7.1904e-5,272.01,,typesafe/jev-1.13-20260917,gen-dec-1789843833-rSqgvXK8nD4FqoUYGZX3,,1d16b25dcca8,2026-09-19T18:50:35+0000
165,DES-166,45511,SCOPUS_ID:85152245502,10.1016/j.ypmed.2023.107500,Patterns of childhood adversity and health outcomes in early adolescence: Results from the Generation XXI cohort,Preventive Medicine,2023,Other/None,Cohort,Cohort,Other/None,Cohort,Cohort,FALSE,FALSE,FALSE,FALSE,TRUE,Childhood adversity; Depressive symptoms; Early adolescence; Health behaviours; Household dysfunction; Violence,,,TRUE,0.97,TRUE,yes,1,1,1863,50,7.8246e-5,305.781,,typesafe/jev-1.13-20260917,gen-dec-1789843833-1gVd9LNfqvaTf4AvqIZO,,1d16b25dcca8,2026-09-19T18:50:35+0000
166,DES-167,7831,SCOPUS_ID:85200623313,10.1093/aje/kwae043,Assessment of the impact of Uber system implementation on mortality from traffic injuries in Brazilian capital cities,American Journal Of Epidemiology,2024,Other/None,Quasi-experimental,Quasi-experimental,Ecological / Time-series,Quasi-experimental,Other/None,FALSE,TRUE,FALSE,TRUE,FALSE,mortality; ride-hailing; time-series analysis; traffic injuries; Uber system,,,TRUE,0.05,FALSE,no,0,1,1614,50,6.7788e-5,309.33,,typesafe/jev-1.13-20260917,gen-dec-1789843833-xvA8wB39NP6z1x6KEpfZ,,1d16b25dcca8,2026-09-19T18:50:35+0000
167,DES-168,11214,SCOPUS_ID:85030785838,10.1016/j.amepre.2017.08.004,Softening Among U.S. Smokers With Psychological Distress: More Quit Attempts and Lower Consumption as Smoking Drops,American Journal Of Preventive Medicine,2017,Other/None,Ecological / Time-series,Ecological / Time-series,Other/None,Ecological / Time-series,Ecological / Time-series,FALSE,FALSE,FALSE,FALSE,TRUE,,,,TRUE,0.98,TRUE,yes,1,1,1723,50,7.2366e-5,412.217,,typesafe/jev-1.13-20260917,gen-dec-1789843833-fn0IamK9P3ap4q2b8zbn,,1d16b25dcca8,2026-09-19T18:50:35+0000
168,DES-169,28775,SCOPUS_ID:85026776996,10.1093/eurpub/ckw215,"High prevalence of poor fitness among Danish adults, especially among those with high cardiovascular mortality risk",European Journal Of Public Health,2017,Other/None,Cross-sectional,Cross-sectional,Other/None,Cross-sectional,Cross-sectional,FALSE,FALSE,FALSE,FALSE,TRUE,,,,TRUE,0.95,TRUE,yes,1,1,1752,50,7.3584e-5,382.492,,typesafe/jev-1.13-20260917,gen-dec-1789843833-LiWTP5CdHOZ42fdomANw,,1d16b25dcca8,2026-09-19T18:50:35+0000
169,DES-170,35776,SCOPUS_ID:0034912443,10.1136/jech.55.8.600,Economic evaluation of a community based exercise programme to prevent falls,Journal Of Epidemiology And Community Health,2001,Other/None,Experimental,Experimental,Other/None,Experimental,Experimental,FALSE,TRUE,TRUE,FALSE,FALSE,,,,TRUE,0.4,FALSE,no,0.3,0.41,1685,50,7.077e-5,500.978,,typesafe/jev-1.13-20260917,gen-dec-1789843833-OrCKp4LwL4SG9btPcHap,,1d16b25dcca8,2026-09-19T18:50:35+0000
170,DES-171,4918,SCOPUS_ID:77957301897,10.1093/aje/kwq198,Treatment effects in the presence of unmeasured confounding: Dealing with observations in the tails of the propensity score distribution-A simulation study,American Journal Of Epidemiology,2010,Other/None,Other/None,Other/None,Cohort,Cohort,Cohort,TRUE,TRUE,FALSE,TRUE,FALSE,bias (epidemiology); causal inference; cohort studies; confounding factors (epidemiology); epidemiologic methods; models; propensity score; research design; statistical,,,TRUE,0.08,FALSE,no,0.01,0.98,1614,50,6.7788e-5,264.709,,typesafe/jev-1.13-20260917,gen-dec-1789843833-YCYDMZ06jcfk15YJwZJQ,,1d16b25dcca8,2026-09-19T18:50:35+0000
171,DES-172,934,SCOPUS_ID:0028584055,10.1093/oxfordjournals.aje.a117180,Male and female factors in fertility,American Journal Of Epidemiology,1994,Other/None,Cohort,Cohort,Other/None,Cohort,Cohort,FALSE,FALSE,FALSE,FALSE,FALSE,Age factors; Educational status; Fertility; Infertility; Reproduction; Smoking; Social class,,,TRUE,0.03,FALSE,no,0,1,1671,50,7.0182e-5,295.049,,typesafe/jev-1.13-20260917,gen-dec-1789843833-hQGVKwQcLmocp2Sfm4DN,,1d16b25dcca8,2026-09-19T18:50:35+0000
172,DES-173,4032,SCOPUS_ID:36249027592,10.1093/aje/kwm205,Predictors of psychostimulant use by long-distance truck drivers,American Journal Of Epidemiology,2007,Other/None,Cross-sectional,Cross-sectional,Other/None,Cross-sectional,Cross-sectional,FALSE,FALSE,FALSE,FALSE,FALSE,Central nervous system stimulants; Fatigue; Motor vehicles; Salaries and fringe benefits; Substance-related disorders,,,TRUE,0.23,FALSE,no,0.11,0.78,1622,50,6.8124e-5,348.009,,typesafe/jev-1.13-20260917,gen-dec-1789843833-uHd6agcTRqBawGUpeosr,,1d16b25dcca8,2026-09-19T18:50:35+0000
173,DES-174,25785,SCOPUS_ID:84857993173,10.1007/s10654-011-9636-8,Declining rates of hepatocellular carcinoma in urban Shanghai: Incidence trends in 1976-2005,European Journal Of Epidemiology,2012,Other/None,Cohort,Cohort,Cohort,Cohort,Cohort,FALSE,FALSE,FALSE,FALSE,FALSE,Age-period-cohort analysis; Hepatocellular carcinoma; Incidence; Shanghai; Time Trend,,,TRUE,0.06,FALSE,no,0,0.99,1803,50,7.5726e-5,267.24399999999997,,typesafe/jev-1.13-20260917,gen-dec-1789843833-SYlGAnh2wxsVg9ntkNqE,,1d16b25dcca8,2026-09-19T18:50:35+0000
174,DES-175,26937,SCOPUS_ID:0030908756,10.1093/eurpub/7.2.199,"Intravenous drug users and AIDS: Knowledge, attitudes and behaviour in Calabria, Italy",European Journal Of Public Health,1997,Other/None,Cross-sectional,Cross-sectional,Other/None,Cross-sectional,Cross-sectional,FALSE,FALSE,FALSE,FALSE,TRUE,AIDS; Attitudes; Behaviour; Intravenous drug users; Italy; Knowledge,,,TRUE,0.94,TRUE,yes,1,0.99,1849,50,7.7658e-5,280.19699999999995,,typesafe/jev-1.13-20260917,gen-dec-1789843833-HY8ZPZIqfvVto7gj0umW,,1d16b25dcca8,2026-09-19T18:50:35+0000
175,DES-176,41428,SCOPUS_ID:14644388091,10.1016/j.ypmed.2004.09.021,"Focused interviews with Sudanese Americans: Perceptions about diet, nutrition, and cancer",Preventive Medicine,2005,Other/None,Qualitative,Qualitative,Qualitative,Qualitative,Qualitative,FALSE,FALSE,FALSE,FALSE,FALSE,Cancer; Dietary beliefs; Focus group; Food habits; Food practices; Food preparation methods,,,TRUE,0.03,FALSE,no,0,1,1640,50,6.888e-5,314.892,,typesafe/jev-1.13-20260917,gen-dec-1789843833-ZTyGVEEV0tmUkEM1TS0k,,1d16b25dcca8,2026-09-19T18:50:35+0000
176,DES-177,37247,SCOPUS_ID:84864023197,10.1136/jech.2010.114595,Increased risk of tuberculosis disease in people with diabetes mellitus: Record-linkage study in a UK population,Journal Of Epidemiology And Community Health,2012,Other/None,Cohort,Cohort,Other/None,Cohort,Cohort,FALSE,FALSE,FALSE,FALSE,TRUE,,,,TRUE,0.5,TRUE,yes,0.51,0.01,1776,50,7.4592e-5,274.992,,typesafe/jev-1.13-20260917,gen-dec-1789843833-7bfxN2IyYC8IQftgCQan,,1d16b25dcca8,2026-09-19T18:50:35+0000
177,DES-178,43449,SCOPUS_ID:84976567143,10.1016/j.ypmed.2016.05.018,CHILE: Outcomes of a group randomized controlled trial of an intervention to prevent obesity in preschool Hispanic and American Indian children,Preventive Medicine,2016,Experimental,Experimental,Experimental,Other/None,Experimental,Experimental,FALSE,FALSE,FALSE,FALSE,FALSE,American Indian; BMI z-score; Childhood obesity; Hispanic; Intervention; Rural,,,TRUE,0.05,FALSE,no,0,1,1624,50,6.8208e-5,258.90000000000003,,typesafe/jev-1.13-20260917,gen-dec-1789843833-AbWaXpbfDrQTR4dZESMJ,,1d16b25dcca8,2026-09-19T18:50:35+0000
178,DES-179,29632,SCOPUS_ID:85123968979,10.1093/eurpub/ckab205,"Parental mental health, socioeconomic position and the risk of asthma in children - a nationwide Danish register study",European Journal Of Public Health,2022,Other/None,Cohort,Cohort,Other/None,Cohort,Cohort,FALSE,FALSE,FALSE,FALSE,FALSE,,,,TRUE,0.03,FALSE,no,0,1,1695,50,7.119e-5,276.466,,typesafe/jev-1.13-20260917,gen-dec-1789843833-YEUnJQ6OKBw8VeGiQe9J,,1d16b25dcca8,2026-09-19T18:50:35+0000
179,DES-180,22535,SCOPUS_ID:69549138742,10.1097/ede.0b013e3181aa2d96,Thromboembolic diseases in families of women with placental abruption,Epidemiology,2009,Other/None,Case-control,Case-control,Other/None,Case-control,Case-control,FALSE,FALSE,FALSE,FALSE,FALSE,,,,TRUE,0.03,FALSE,no,0,1,1647,50,6.9174e-5,281.23199999999997,,typesafe/jev-1.13-20260917,gen-dec-1789843834-VzUnisFRPIa4yfHq6lcb,,1d16b25dcca8,2026-09-19T18:50:35+0000
180,DES-181,25974,SCOPUS_ID:84925486260,10.1007/s10654-014-9969-1,Socio-economic status and co-morbidity as risk factors for trauma,European Journal Of Epidemiology,2015,Other/None,Case-control,Case-control,Case-control,Case-control,Case-control,FALSE,FALSE,FALSE,FALSE,FALSE,Case–control; Co-morbidity; Gender; Outcome; Trauma,,,TRUE,0.75,TRUE,yes,0.91,0.82,1660,50,6.972e-5,314.243,,typesafe/jev-1.13-20260917,gen-dec-1789843834-eolz2N4tY51Np7Gytplo,,1d16b25dcca8,2026-09-19T18:50:35+0000
181,DES-182,40759,SCOPUS_ID:0141737696,10.1016/s0091-7435(03)00145-2,Biological cardiovascular risk factors cluster in Danish children and adolescents: The European youth heart study,Preventive Medicine,2003,Other/None,Cross-sectional,Cross-sectional,Other/None,Cross-sectional,Cross-sectional,FALSE,FALSE,FALSE,FALSE,FALSE,Adolescent; CHD risk factors; Clustering; Fatness; Fitness,,,TRUE,0.06,FALSE,no,0,0.99,1681,50,7.0602e-5,371.417,,typesafe/jev-1.13-20260917,gen-dec-1789843834-dtA86QaFqva7hFubahQo,,1d16b25dcca8,2026-09-19T18:50:35+0000
182,DES-183,2194,SCOPUS_ID:0033168936,10.1093/oxfordjournals.aje.a009918,Prevalence and determinants of prone sleeping position in infants: Results from two cross-sectional studies on risk factors for SIDS in Germany,American Journal Of Epidemiology,1999,Other/None,Other/None,Other/None,Cross-sectional,Cross-sectional,Cross-sectional,FALSE,FALSE,FALSE,FALSE,TRUE,"Cross-sectional studies; Infant care; Infant, sleeping position; Intervention studies; Prevalence; Risk; Sudden infant death",,,TRUE,0.95,TRUE,yes,1,1,1650,50,6.93e-5,259.474,,typesafe/jev-1.13-20260917,gen-dec-1789843834-kUSzQR4ggg99G9Tps6xN,,1d16b25dcca8,2026-09-19T18:50:35+0000
183,DES-184,19878,SCOPUS_ID:85020548273,10.2105/ajph.2017.303767,Use of a digital health application for influenza surveillance in China,American Journal Of Public Health,2017,Other/None,Ecological / Time-series,Ecological / Time-series,Other/None,Ecological / Time-series,Ecological / Time-series,FALSE,FALSE,FALSE,FALSE,FALSE,,,,TRUE,0.53,TRUE,yes,0.57,0.15,1593,50,6.6906e-5,264.05699999999996,,typesafe/jev-1.13-20260917,gen-dec-1789843834-61MBlaL9EtW3qHSH869H,,1d16b25dcca8,2026-09-19T18:50:35+0000
184,DES-185,2095,SCOPUS_ID:0032753470,10.1093/oxfordjournals.aje.a009927,Mortality in nondemented subjects with cognitive impairment: The influence of health-related factors,American Journal Of Epidemiology,1999,Other/None,Cohort,Cohort,Other/None,Cohort,Cohort,FALSE,FALSE,FALSE,FALSE,FALSE,Aged; Apolipoprotiens E; Chronic disease; Cognition; Comorbidity; Dementia; Frail elderly; Health,,,TRUE,0.03,FALSE,no,0,1,1684,50,7.0728e-5,312.707,,typesafe/jev-1.13-20260917,gen-dec-1789843834-gRGccV22ZMg1kNP7lcZA,,1d16b25dcca8,2026-09-19T18:50:35+0000
185,DES-186,30696,SCOPUS_ID:0028280942,10.1093/ije/23.1.66,A time-series analysis of trends in firearm-related homicide and suicide,International Journal Of Epidemiology,1994,Ecological / Time-series,Ecological / Time-series,Ecological / Time-series,Other/None,Ecological / Time-series,Ecological / Time-series,FALSE,FALSE,FALSE,FALSE,FALSE,,,,TRUE,0.06,FALSE,no,0,0.99,1670,50,7.014e-5,269.524,,typesafe/jev-1.13-20260917,gen-dec-1789843834-T5JesycNz6AigzdnfB35,,1d16b25dcca8,2026-09-19T18:50:35+0000
186,DES-187,15047,SCOPUS_ID:2642704215,10.2105/ajph.88.6.924,Injury and anomie: Effects of violence in an inner-city community,American Journal Of Public Health,1998,Other/None,Qualitative,Qualitative,Other/None,Qualitative,Qualitative,FALSE,FALSE,FALSE,FALSE,TRUE,,,,TRUE,0.97,TRUE,yes,1,1,1559,50,6.5478e-5,327.79999999999995,,typesafe/jev-1.13-20260917,gen-dec-1789843834-bGv9hNT5VFWpsrcjBTGx,,1d16b25dcca8,2026-09-19T18:50:35+0000
187,DES-188,36510,SCOPUS_ID:34147198203,10.1136/jech.2006.053538,The effectiveness and cost effectiveness of a national lay-led self care support programme for patients with long-term conditions: A pragmatic randomised controlled trial,Journal Of Epidemiology And Community Health,2007,Experimental,Experimental,Experimental,Other/None,Experimental,Experimental,FALSE,TRUE,TRUE,FALSE,TRUE,,,,TRUE,0.71,TRUE,yes,0.85,0.7,1699,50,7.1358e-5,412.70099999999996,,typesafe/jev-1.13-20260917,gen-dec-1789843834-ZNHJV1Fr6nSIQSSXXa7R,,1d16b25dcca8,2026-09-19T18:50:35+0000
188,DES-189,26884,SCOPUS_ID:0013506645,10.1093/eurpub/6.1.2,Working in the field: The psychiatric nurse as a 'libero' in the community health services,European Journal Of Public Health,1996,Other/None,Qualitative,Qualitative,Other/None,Qualitative,Qualitative,FALSE,FALSE,FALSE,FALSE,FALSE,Community psychiatric nursing; Existentialism; Hermeneutics; Libero; Phenomenology; Public health,,,TRUE,0.03,FALSE,no,0,1,1600,50,6.72e-5,238.00199999999998,,typesafe/jev-1.13-20260917,gen-dec-1789843834-5kjcR2LNQNSnuWpm5EYx,,1d16b25dcca8,2026-09-19T18:50:35+0000
189,DES-190,28839,SCOPUS_ID:85055618322,10.1093/eurpub/cky152,The perspectives of politicians on tobacco control in Turkey,European Journal Of Public Health,2018,Other/None,Ecological / Time-series,Ecological / Time-series,Other/None,Ecological / Time-series,Ecological / Time-series,FALSE,TRUE,TRUE,FALSE,TRUE,,,,TRUE,0.95,TRUE,yes,1,1,1808,50,7.5936e-5,387.993,,typesafe/jev-1.13-20260917,gen-dec-1789843834-EFfPl2GReeHv5vXZF139,,1d16b25dcca8,2026-09-19T18:50:35+0000
190,DES-191,43090,SCOPUS_ID:84890138454,10.1016/j.ypmed.2013.10.023,"Personal, social and environmental correlates of physical activity in adults from Curitiba, Brazil",Preventive Medicine,2014,Other/None,Cross-sectional,Cross-sectional,Other/None,Cross-sectional,Cross-sectional,FALSE,FALSE,FALSE,FALSE,FALSE,Adults; Leisure; Moderator; Physical activity; Social-ecological model,,,TRUE,0.83,TRUE,yes,0.97,0.94,1629,50,6.8418e-5,343.529,,typesafe/jev-1.13-20260917,gen-dec-1789843834-icwiqO6ZHATjkcpjdrTB,,1d16b25dcca8,2026-09-19T18:50:35+0000
191,DES-192,29279,SCOPUS_ID:85084299221,10.1093/eurpub/ckz124,Perceived quality of HIV care and client satisfaction across different service providers in Ukraine,European Journal Of Public Health,2020,Other/None,Cross-sectional,Cross-sectional,Other/None,Cross-sectional,Cross-sectional,FALSE,FALSE,FALSE,FALSE,TRUE,,,,TRUE,0.92,TRUE,yes,0.99,0.99,1792,50,7.5264e-5,286.874,,typesafe/jev-1.13-20260917,gen-dec-1789843834-2vK2BZQpHecJ9ZjNy6oG,,1d16b25dcca8,2026-09-19T18:50:35+0000
192,DES-193,23614,SCOPUS_ID:85085713569,10.1097/ede.0000000000001194,Do Election Laws Restricting Public Road Publicity Reduce Road Traffic Crashes and Their Consequences?,Epidemiology,2020,Other/None,Quasi-experimental,Quasi-experimental,Quasi-experimental,Quasi-experimental,Other/None,FALSE,TRUE,FALSE,TRUE,FALSE,Chile; Difference in Difference; Interrupted Time Series; Traffic Crashes; Traffic Injuries; Visual Pollution,,,TRUE,0.07,FALSE,no,0,1,1750,50,7.35e-5,409.82099999999997,,typesafe/jev-1.13-20260917,gen-dec-1789843834-RbuiA4kJsALpuZ7gWYim,,1d16b25dcca8,2026-09-19T18:50:35+0000
193,DES-194,21742,SCOPUS_ID:0033784490,10.1097/00001648-200011000-00015,Do parental factors affect male and female fertility?,Epidemiology,2000,Other/None,Cohort,Cohort,Other/None,Cohort,Cohort,FALSE,FALSE,FALSE,FALSE,FALSE,Fecundity; Fertility; Maternal smoking; Parental age; Parental factors; Time to pregnancy,,,TRUE,0.03,FALSE,no,0,1,1611,50,6.7662e-5,289.333,,typesafe/jev-1.13-20260917,gen-dec-1789843834-4sWsOTOyenW5g2GyGMAd,,1d16b25dcca8,2026-09-19T18:50:35+0000
194,DES-195,36073,SCOPUS_ID:4644231980,10.1136/jech.2003.016089,"Malaria, from natural to supernatural: A qualitative study of mothers' reactions to fever (Dienga, Gabon)",Journal Of Epidemiology And Community Health,2004,Qualitative,Qualitative,Qualitative,Other/None,Qualitative,Qualitative,FALSE,FALSE,FALSE,FALSE,FALSE,,,,TRUE,0.19,FALSE,no,0.14,0.73,1669,50,7.0098e-5,290.957,,typesafe/jev-1.13-20260917,gen-dec-1789843834-jWfrMCPlqpCMR5fwmm5B,,1d16b25dcca8,2026-09-19T18:50:35+0000
195,DES-196,10159,SCOPUS_ID:84867524282,10.1016/j.amepre.2012.06.025,Active living by design sustainability strategies,American Journal Of Preventive Medicine,2012,Other/None,Qualitative,Qualitative,Other/None,Qualitative,Qualitative,FALSE,FALSE,FALSE,FALSE,FALSE,,,,TRUE,0.14,FALSE,no,0.02,0.95,1677,50,7.0434e-5,285.486,,typesafe/jev-1.13-20260917,gen-dec-1789843834-zxKq2SFZ9YGp6Q6sKEi1,,1d16b25dcca8,2026-09-19T18:50:35+0000
196,DES-197,17424,SCOPUS_ID:67049110381,10.2105/ajph.2008.140681,Public health responses to the HIV epidemic among black men who have sex with men: A qualitative study of US Health Departments and Communities,American Journal Of Public Health,2009,Qualitative,Other/None,Qualitative,Other/None,Qualitative,Qualitative,FALSE,FALSE,FALSE,FALSE,FALSE,,,,TRUE,0.86,TRUE,yes,0.95,0.9,1497,50,6.2874e-5,302.379,,typesafe/jev-1.13-20260917,gen-dec-1789843834-x96ZOXgpgeB4PI1Lh0eB,,1d16b25dcca8,2026-09-19T18:50:35+0000
197,DES-198,20891,SCOPUS_ID:85185703642,10.2105/ajph.2023.307518,"1965 US Voting Rights Act Impact on Black and Black Versus White Infant Death Rates in Jim Crow States, 1959–1980 and 2017–2021",American Journal Of Public Health,2024,Other/None,Quasi-experimental,Quasi-experimental,Other/None,Quasi-experimental,Quasi-experimental,FALSE,TRUE,FALSE,TRUE,FALSE,,,,TRUE,0.08,FALSE,no,0,0.99,1745,50,7.329e-5,468.785,,typesafe/jev-1.13-20260917,gen-dec-1789843834-ztv7wVokX8FeCCLUtuMZ,,1d16b25dcca8,2026-09-19T18:50:35+0000
198,DES-199,43983,SCOPUS_ID:85047638321,10.1016/j.ypmed.2018.05.021,The challenge of HPV vaccination uptake and opportunities for solutions: Lessons learned from Alabama,Preventive Medicine,2018,Other/None,Other/None,Other/None,Qualitative,Qualitative,Qualitative,FALSE,FALSE,FALSE,FALSE,TRUE,Cervical cancer; Cervical cancer prevention; HPV; HPV vaccine; Human papillomavirus; Oropharyngeal cancer; Qualitative research,,,TRUE,0.87,TRUE,yes,0.95,0.9,1651,50,6.9342e-5,457.863,,typesafe/jev-1.13-20260917,gen-dec-1789843834-HUYL5eCLUnqHSVCgFDkc,,1d16b25dcca8,2026-09-19T18:50:35+0000
199,DES-200,19422,SCOPUS_ID:84929346987,10.2105/ajph.2014.302522,"Research done in ""A good way"": The importance of indigenous elder involvement in HIV community-based research",American Journal Of Public Health,2015,Other/None,Qualitative,Qualitative,Other/None,Qualitative,Qualitative,FALSE,FALSE,FALSE,FALSE,FALSE,,,,TRUE,0.2,FALSE,no,0.11,0.78,1584,50,6.6528e-5,441.947,,typesafe/jev-1.13-20260917,gen-dec-1789843834-SrFFXXW6jwajULqPflLH,,1d16b25dcca8,2026-09-19T18:50:35+0000
200,DES-201,2065,SCOPUS_ID:0031963005,10.1093/oxfordjournals.aje.a009369,Nationwide oral poliovirus vaccination campaign and the incidence of Guillain-Barre syndrome,American Journal Of Epidemiology,1998,Other/None,Ecological / Time-series,Ecological / Time-series,Other/None,Ecological / Time-series,Ecological / Time-series,FALSE,FALSE,FALSE,FALSE,FALSE,"Poliovirus vaccine, oral; Polyradiculoneuritis; Vaccination",,,TRUE,0.03,FALSE,no,0,1,1603,50,6.7326e-5,305.65999999999997,,typesafe/jev-1.13-20260917,gen-dec-1789843835-tNd3Tn4GpSgLTLxHrojg,,1d16b25dcca8,2026-09-19T18:50:44+0000
201,DES-202,42085,SCOPUS_ID:78649692072,10.1016/j.ypmed.2010.09.015,Public perceptions of cardiovascular risk factors in Croatia: The PERCRO survey,Preventive Medicine,2010,Other/None,Other/None,Other/None,Experimental,Experimental,Experimental,FALSE,FALSE,FALSE,FALSE,TRUE,Coronary heart disease; Exercise; Guidelines; Hypercholesterolemia; Hypertension; Myocardial infarction; Prevention; Risk factors,,,TRUE,0.95,TRUE,yes,1,1,1654,50,6.9468e-5,849.506,,typesafe/jev-1.13-20260917,gen-dec-1789843836-1j8gquoQOYPTAheA5yLd,,1d16b25dcca8,2026-09-19T18:50:44+0000
202,DES-203,22166,SCOPUS_ID:1542715782,10.1097/01.ede.0000101749.28283.de,Residential exposure to traffic in California and childhood cancer,Epidemiology,2004,Other/None,Other/None,Other/None,Other/None,Other/None,Other/None,FALSE,FALSE,FALSE,FALSE,FALSE,,,,TRUE,0.03,FALSE,no,0,1,1700,50,7.14e-5,849.5709999999999,,typesafe/jev-1.13-20260917,gen-dec-1789843836-SRZt4lRQFl1a2tOnmSYQ,,1d16b25dcca8,2026-09-19T18:50:44+0000
203,DES-204,25780,SCOPUS_ID:84860281409,10.1007/s10654-012-9653-2,"The aging population in Sweden: Can declining incidence rates in MI, stroke and cancer counterbalance the future demographic challenges?",European Journal Of Epidemiology,2012,Other/None,Other/None,Other/None,Experimental,Experimental,Experimental,FALSE,FALSE,FALSE,FALSE,FALSE,Cancer; Demography; Incidence trends; Myocardial infarction; Projections; Stroke; Sweden,,,TRUE,0.07,FALSE,no,0,0.99,1750,50,7.35e-5,1065.816,,typesafe/jev-1.13-20260917,gen-dec-1789843836-ZdN3A58Uaxc2oTXuTJzl,,1d16b25dcca8,2026-09-19T18:50:44+0000
204,DES-205,24771,SCOPUS_ID:17944379554,10.1023/a:1017580329538,Screening for tuberculosis upon admission to shelters and free-meal services,European Journal Of Epidemiology,2001,Other/None,Other/None,Other/None,Other/None,Other/None,Other/None,FALSE,FALSE,FALSE,FALSE,TRUE,Homeless; Screening; Tuberculosis,,,TRUE,0.96,TRUE,yes,1,1,1730,50,7.266e-5,1164.024,,typesafe/jev-1.13-20260917,gen-dec-1789843836-26UWVooCBs7Ugit2wBlO,,1d16b25dcca8,2026-09-19T18:50:44+0000
205,DES-206,12949,SCOPUS_ID:85198216217,10.1016/j.amepre.2024.06.003,"Arrest History and Health Among U.S. Sexual and Gender Minority Youth, 2022",American Journal Of Preventive Medicine,2024,Other/None,Cross-sectional,Cross-sectional,Other/None,Cross-sectional,Cross-sectional,FALSE,FALSE,FALSE,FALSE,TRUE,,,,TRUE,0.97,TRUE,yes,1,1,1733,50,7.2786e-5,835.725,,typesafe/jev-1.13-20260917,gen-dec-1789843836-ivu1NjebaHHgyMVitfQt,,1d16b25dcca8,2026-09-19T18:50:44+0000
206,DES-207,35444,SCOPUS_ID:0031966687,10.1136/jech.52.4.272,Use of sequential case-control studies to investigate a community salmonella outbreak in Wales,Journal Of Epidemiology And Community Health,1998,Other/None,Case-control,Case-control,Other/None,Case-control,Case-control,FALSE,FALSE,FALSE,FALSE,FALSE,,,,TRUE,0.28,FALSE,no,0.31,0.38,1559,50,6.5478e-5,860.479,,typesafe/jev-1.13-20260917,gen-dec-1789843836-E5OLj5BT3rpHfn4R34gU,,1d16b25dcca8,2026-09-19T18:50:44+0000
207,DES-208,26004,SCOPUS_ID:84937866835,10.1007/s10654-015-0073-y,Breast cancer risk and night shift work in a case–control study in a Spanish population,European Journal Of Epidemiology,2016,Case-control,Case-control,Case-control,Other/None,Case-control,Case-control,FALSE,FALSE,FALSE,FALSE,FALSE,Breast cancer; Circadian disruption; Night shift,,,TRUE,0.03,FALSE,no,0,1,1699,50,7.1358e-5,835.755,,typesafe/jev-1.13-20260917,gen-dec-1789843836-ThX1quG7sodN2qi0VItS,,1d16b25dcca8,2026-09-19T18:50:44+0000
208,DES-209,19092,SCOPUS_ID:84898645161,10.2105/ajph.2013.301825,Insurer views on reimbursement of preventive services in the dental setting: Results from a qualitative study,American Journal Of Public Health,2014,Qualitative,Other/None,Qualitative,Other/None,Qualitative,Qualitative,FALSE,FALSE,FALSE,FALSE,TRUE,,,,TRUE,0.87,TRUE,yes,0.98,0.95,1546,50,6.4932e-5,818.8950000000001,,typesafe/jev-1.13-20260917,gen-dec-1789843836-4GXCdaj5qX1IXL5N6PVl,,1d16b25dcca8,2026-09-19T18:50:44+0000
209,DES-210,35807,SCOPUS_ID:0035103167,10.1136/jech.55.4.239,Material deprivation and leading causes of death by gender: Evidence from a nationwide small area study,Journal Of Epidemiology And Community Health,2001,Other/None,Ecological / Time-series,Ecological / Time-series,Other/None,Ecological / Time-series,Ecological / Time-series,FALSE,FALSE,FALSE,FALSE,FALSE,,,,TRUE,0.05,FALSE,no,0,1,1682,50,7.0644e-5,462.677,,typesafe/jev-1.13-20260917,gen-dec-1789843836-t6azY2ac4spPF1JwXkVX,,1d16b25dcca8,2026-09-19T18:50:44+0000
210,DES-211,28421,SCOPUS_ID:84904993373,10.1093/eurpub/ckt146,Evaluation of a Swedish version of the Strengthening Families Programme,European Journal Of Public Health,2014,Other/None,Experimental,Experimental,Other/None,Experimental,Experimental,FALSE,FALSE,FALSE,FALSE,FALSE,,,,TRUE,0.04,FALSE,no,0,1,1705,50,7.161e-5,300.53499999999997,,typesafe/jev-1.13-20260917,gen-dec-1789843836-qvGSW4YbM2p7GxsWLvPP,,1d16b25dcca8,2026-09-19T18:50:44+0000
211,DES-212,41223,SCOPUS_ID:25844464845,10.1016/j.ypmed.2005.07.003,Perceived risk for developing stroke among older adults,Preventive Medicine,2005,Other/None,Other/None,Other/None,Cross-sectional,Cross-sectional,Cross-sectional,FALSE,FALSE,FALSE,FALSE,TRUE,Awareness; Beliefs; Cerebrovascular disease; Cross-sectional studies; Perceptions; Risk factors; Stroke,,,TRUE,0.94,TRUE,yes,1,0.99,1598,50,6.7116e-5,317.77,,typesafe/jev-1.13-20260917,gen-dec-1789843836-GEKMC5hlyjedAG1aZGtV,,1d16b25dcca8,2026-09-19T18:50:44+0000
212,DES-213,31364,SCOPUS_ID:2642702548,10.1093/ije/27.2.282,Multivariate time series analysis in nosocomial infection surveillance: A case study,International Journal Of Epidemiology,1998,Ecological / Time-series,Ecological / Time-series,Ecological / Time-series,Ecological / Time-series,Ecological / Time-series,Ecological / Time-series,FALSE,FALSE,FALSE,FALSE,TRUE,ARIMA models; Intervention studies; Nosocomial infection; Quality control; Surveillance; Time series,,,TRUE,0.95,TRUE,yes,1,1,1699,50,7.1358e-5,390.25100000000003,,typesafe/jev-1.13-20260917,gen-dec-1789843836-THNd6ya9SivmytHmhKK0,,1d16b25dcca8,2026-09-19T18:50:44+0000
213,DES-214,37423,SCOPUS_ID:84881253149,10.1136/jech-2012-201919,"The child's body without fluid: Mother's knowledge and practices about hydration and rehydration in Salvador, Bahia, Brazil",Journal Of Epidemiology And Community Health,2013,Other/None,Qualitative,Qualitative,Other/None,Qualitative,Qualitative,FALSE,FALSE,FALSE,FALSE,FALSE,,,,TRUE,0.03,FALSE,no,0,1,1664,50,6.9888e-5,359.666,,typesafe/jev-1.13-20260917,gen-dec-1789843836-WQpWmaBHiyDjaT0ifgjz,,1d16b25dcca8,2026-09-19T18:50:44+0000
214,DES-215,8688,SCOPUS_ID:0034783226,10.1016/s0749-3797(01)00371-3,Impact of multiple injections on immunization rates among vulnerable children,American Journal Of Preventive Medicine,2001,Other/None,Other/None,Other/None,Other/None,Other/None,Other/None,FALSE,FALSE,FALSE,FALSE,FALSE,,,,TRUE,0.53,TRUE,yes,0.51,0.02,1742,50,7.3164e-5,338.401,,typesafe/jev-1.13-20260917,gen-dec-1789843836-scWAtxQ2iVCRS2uhvanA,,1d16b25dcca8,2026-09-19T18:50:44+0000
215,DES-216,32917,SCOPUS_ID:79957602740,10.1093/ije/dyr008,Inequalities in participation in an organized national colorectal cancer screening programme: Results from the first 2.6 million invitations in England,International Journal Of Epidemiology,2011,Other/None,Cross-sectional,Cross-sectional,Other/None,Cross-sectional,Cross-sectional,FALSE,FALSE,FALSE,FALSE,TRUE,Age; Colorectal cancer screening; Ethnicity; Gender; Inequalities; Socioeconomic status,,,TRUE,0.97,TRUE,yes,1,1,1837,50,7.7154e-5,330.658,,typesafe/jev-1.13-20260917,gen-dec-1789843836-CEEDNeXl7qHxWV18Bgjc,,1d16b25dcca8,2026-09-19T18:50:44+0000
216,DES-217,44451,SCOPUS_ID:85093705339,10.1016/j.ypmed.2020.106257,The impact of state policies for school-based BMI/fitness assessments on children's BMI outcomes in rural versus urban schools: Evidence from a natural experiment,Preventive Medicine,2020,Quasi-experimental,Quasi-experimental,Quasi-experimental,Other/None,Quasi-experimental,Quasi-experimental,FALSE,TRUE,FALSE,TRUE,FALSE,BMI; Body mass index; Health and fitness assessments; School BMI; Urban and rural,,,TRUE,0.07,FALSE,no,0,0.99,1703,50,7.1526e-5,443.15500000000003,,typesafe/jev-1.13-20260917,gen-dec-1789843836-XBx7fgzV1alRSDSC6VNx,,1d16b25dcca8,2026-09-19T18:50:44+0000
217,DES-218,1036,SCOPUS_ID:0028274665,10.1093/oxfordjournals.aje.a117097,"Occupational exposure to human immunodeficiency virus (HIV)-infected blood in denver, colorado, police officers",American Journal Of Epidemiology,1994,Other/None,Other/None,Other/None,Other/None,Other/None,Other/None,FALSE,FALSE,FALSE,FALSE,TRUE,Blood; HIV; Occupational exposure; Police,,,TRUE,0.84,TRUE,yes,0.95,0.9,1704,50,7.1568e-5,353.82599999999996,,typesafe/jev-1.13-20260917,gen-dec-1789843837-91fzqIlnnpNRQvTnWP8h,,1d16b25dcca8,2026-09-19T18:50:44+0000
218,DES-219,37375,SCOPUS_ID:84885424906,10.1136/jech-2012-202137,Investing in health: Is social housing value for money? A cost-utility analysis,Journal Of Epidemiology And Community Health,2013,Other/None,Quasi-experimental,Quasi-experimental,Other/None,Quasi-experimental,Quasi-experimental,FALSE,TRUE,TRUE,TRUE,TRUE,,,,TRUE,0.54,TRUE,no,0.5,0,1695,50,7.119e-5,301.318,,typesafe/jev-1.13-20260917,gen-dec-1789843837-SFGaecFku6842Mu4Hmwi,,1d16b25dcca8,2026-09-19T18:50:44+0000
219,DES-220,45784,SCOPUS_ID:85182002284,10.1016/j.ypmed.2024.107850,Distress about social problems and tobacco and cannabis use outcomes among young adults in Los Angeles County,Preventive Medicine,2024,Other/None,Other/None,Other/None,Other/None,Other/None,Other/None,FALSE,FALSE,FALSE,FALSE,FALSE,Cannabis; Discrimination; Distress; Dual use; E-cigarette; Marijuana; Police brutality; Stress; Tobacco; Violence,,,TRUE,0.04,FALSE,no,0,1,1765,50,7.413e-5,297.506,,typesafe/jev-1.13-20260917,gen-dec-1789843837-3Y6GPRxfXfEAKsftfKnx,,1d16b25dcca8,2026-09-19T18:50:44+0000
220,DES-221,44866,SCOPUS_ID:85104320939,10.1016/j.ypmed.2021.106553,Smoking behavior in 18–20 year-olds after tobacco 21 policy implementation in California: A difference-in-differences analysis with other states,Preventive Medicine,2021,Quasi-experimental,Quasi-experimental,Quasi-experimental,Other/None,Quasi-experimental,Quasi-experimental,FALSE,TRUE,FALSE,TRUE,FALSE,Tobacco control; Youth,,,TRUE,0.06,FALSE,no,0,1,1812,50,7.6104e-5,317.773,,typesafe/jev-1.13-20260917,gen-dec-1789843837-C8cFnBCGEM0MBZGUXldj,,1d16b25dcca8,2026-09-19T18:50:44+0000
221,DES-222,2319,SCOPUS_ID:0032952372,10.1093/oxfordjournals.aje.a009731,"Time-series analysis of the relation between influenza virus and hospital admissions of the elderly in Ontario, Canada, for pneumonia, chronic lung disease, and congestive heart failure",American Journal Of Epidemiology,1999,Ecological / Time-series,Ecological / Time-series,Ecological / Time-series,Other/None,Ecological / Time-series,Ecological / Time-series,FALSE,FALSE,FALSE,FALSE,FALSE,"Geriatrics; Heart failure, congestive; Hospital records; Influenza; Lung diseases, obstructive; Pneumonia; Time",,,TRUE,0.15,FALSE,no,0.1,0.8,1596,50,6.7032e-5,299.051,,typesafe/jev-1.13-20260917,gen-dec-1789843837-PhNvSFHqVgLkCAw5rObP,,1d16b25dcca8,2026-09-19T18:50:44+0000
222,DES-223,35229,SCOPUS_ID:0028681660,10.1136/jech.49.4.401,Tropospheric ozone: Respiratory effects and Australian air quality goals,Journal Of Epidemiology And Community Health,1995,Other/None,Other/None,Other/None,Other/None,Other/None,Other/None,FALSE,FALSE,FALSE,FALSE,TRUE,,,,TRUE,0.99,TRUE,yes,1,1,1760,50,7.392e-5,601.044,,typesafe/jev-1.13-20260917,gen-dec-1789843837-vhLqlIIwYfsvbbZRXibT,,1d16b25dcca8,2026-09-19T18:50:44+0000
223,DES-224,31638,SCOPUS_ID:0034035717,10.1093/ije/29.2.248,Nicotine dependence and its familial aggregation in Chinese,International Journal Of Epidemiology,2000,Other/None,Cross-sectional,Cross-sectional,Other/None,Cross-sectional,Cross-sectional,FALSE,FALSE,FALSE,FALSE,FALSE,Familial aggregation; Nicotine dependence; Recurrent risk; Regression model; Smoking,,,TRUE,0.03,FALSE,no,0,1,1751,50,7.3542e-5,294.406,,typesafe/jev-1.13-20260917,gen-dec-1789843837-s9syNYhyBayI1kIor8oh,,1d16b25dcca8,2026-09-19T18:50:44+0000
224,DES-225,40843,SCOPUS_ID:12244273691,10.1016/s0091-7435(02)00014-2,The public health burden of material deprivation: Excess mortality in leading causes of death in Spain,Preventive Medicine,2003,Other/None,Ecological / Time-series,Ecological / Time-series,Other/None,Ecological / Time-series,Ecological / Time-series,FALSE,FALSE,FALSE,FALSE,TRUE,Cause-specific mortality; Health policies; Material deprivation; Small areas,,,TRUE,0.98,TRUE,yes,1,1,1618,50,6.7956e-5,277.422,,typesafe/jev-1.13-20260917,gen-dec-1789843837-Gixdw4tPWBHss12iz5JB,,1d16b25dcca8,2026-09-19T18:50:44+0000
225,DES-226,38644,SCOPUS_ID:85097870561,10.1136/jech-2020-215002,"Temperature and cardiovascular mortality in Rio de Janeiro, Brazil: Effect modification by individual-level and neighbourhood-level factors",Journal Of Epidemiology And Community Health,2021,Other/None,Other/None,Other/None,Ecological / Time-series,Ecological / Time-series,Ecological / Time-series,FALSE,FALSE,FALSE,FALSE,TRUE,Cardiovascular disease; Mortality; Neighborhood/place; Temperature; Time-series,,,TRUE,0.93,TRUE,yes,0.99,0.98,1681,50,7.0602e-5,272.874,,typesafe/jev-1.13-20260917,gen-dec-1789843837-ah7pyZBOFNxkBM8rDtBf,,1d16b25dcca8,2026-09-19T18:50:44+0000
226,DES-227,38275,SCOPUS_ID:85068355867,10.1136/jech-2018-211936,"Monitoring epidemiological trends in back to school asthma among preschool and school-aged children using real-time syndromic surveillance in England, 2012-2016",Journal Of Epidemiology And Community Health,2019,Other/None,Ecological / Time-series,Ecological / Time-series,Other/None,Ecological / Time-series,Ecological / Time-series,FALSE,FALSE,FALSE,FALSE,TRUE,asthma; asthma exacerbation; children; emergency department; general practitioner; school; surveillance,,,TRUE,0.7,TRUE,yes,0.77,0.55,1652,50,6.9384e-5,359.949,,typesafe/jev-1.13-20260917,gen-dec-1789843837-uEPaqcZ3yO70iRKublBH,,1d16b25dcca8,2026-09-19T18:50:44+0000
227,DES-228,23994,SCOPUS_ID:85190844068,10.1097/ede.0000000000001728,"Long-term Impact of Tropical Cyclones on Disease Exacerbation among Children with Asthma in the Eastern United States, 2000-2018",Epidemiology,2024,Other/None,Quasi-experimental,Quasi-experimental,Other/None,Quasi-experimental,Quasi-experimental,FALSE,TRUE,FALSE,TRUE,FALSE,Asthma; Child; Cyclonic storms; United States,,,TRUE,0.03,FALSE,no,0,1,1732,50,7.2744e-5,331.367,,typesafe/jev-1.13-20260917,gen-dec-1789843837-IimnogINcTd3tD7Tzyyt,,1d16b25dcca8,2026-09-19T18:50:44+0000
228,DES-229,22127,SCOPUS_ID:4344714811,10.1097/01.ede.0000129518.99816.e1,Case-control studies of the efficacy of cancer screening: Overcoming bias from nonrandom patterns of screening,Epidemiology,2004,Other/None,Case-control,Case-control,Other/None,Case-control,Case-control,FALSE,FALSE,FALSE,FALSE,FALSE,,,,TRUE,0.03,FALSE,no,0,1,1514,50,6.3588e-5,337.02,,typesafe/jev-1.13-20260917,gen-dec-1789843837-gnn8rb3M6916PHCrUyT2,,1d16b25dcca8,2026-09-19T18:50:44+0000
229,DES-230,1063,SCOPUS_ID:0028268493,10.1093/oxfordjournals.aje.a117052,"Salivary cotinine, frequency of cigarette smoking, and body mass index: Findings at baseline in the lung health study",American Journal Of Epidemiology,1994,Other/None,Experimental,Experimental,Other/None,Experimental,Experimental,FALSE,FALSE,FALSE,FALSE,FALSE,Body weight; Cotinine; Smoking,,,TRUE,0.03,FALSE,no,0,1,1555,50,6.531e-5,253.982,,typesafe/jev-1.13-20260917,gen-dec-1789843837-30PmgDE8YGOaDyZUdGCG,,1d16b25dcca8,2026-09-19T18:50:44+0000
230,DES-231,45720,SCOPUS_ID:85190277395,10.1016/j.ypmed.2024.107954,"Would banning menthol cigarettes, flavored cigars, and flavored e-cigarettes prompt users to seek illicit channels for obtaining them in the United States?",Preventive Medicine,2024,Other/None,Cross-sectional,Cross-sectional,Other/None,Cross-sectional,Cross-sectional,FALSE,FALSE,FALSE,FALSE,TRUE,Flavor ban; Flavored cigars; Flavored e-cigarettes; Illicit channels; Illicit market; Menthol cigarettes,,,TRUE,0.84,TRUE,yes,0.94,0.89,1667,50,7.0014e-5,290.396,,typesafe/jev-1.13-20260917,gen-dec-1789843837-7vZcX5fH7W33Wyq8l3cu,,1d16b25dcca8,2026-09-19T18:50:44+0000
231,DES-232,27567,SCOPUS_ID:34047227884,10.1093/eurpub/ckl119,Are manual workers at higher risk of death than non-manual employees when living in Swedish municipalities with higher income inequality?,European Journal Of Public Health,2007,Other/None,Other/None,Other/None,Experimental,Experimental,Experimental,FALSE,FALSE,FALSE,FALSE,FALSE,Attempted suicide; Income inequality; Myocardial infarction; Socio-economic position; Sweden,,,TRUE,0.04,FALSE,no,0,1,1766,50,7.4172e-5,308.106,,typesafe/jev-1.13-20260917,gen-dec-1789843837-6Lz242sGXZJKRGU29Slo,,1d16b25dcca8,2026-09-19T18:50:44+0000
232,DES-233,35441,SCOPUS_ID:0031973323,10.1136/jech.52.1.59,"Effect of varying the time frame for COOP-WONCA functional health status charts: A nested randomised controlled trial in Bristol, UK",Journal Of Epidemiology And Community Health,1998,Experimental,Experimental,Experimental,Other/None,Experimental,Experimental,FALSE,FALSE,FALSE,FALSE,FALSE,,,,TRUE,0.78,TRUE,yes,0.94,0.88,1778,50,7.4676e-5,291.209,,typesafe/jev-1.13-20260917,gen-dec-1789843837-JCyaCHDM3dc0g12iPPZi,,1d16b25dcca8,2026-09-19T18:50:44+0000
233,DES-234,21394,SCOPUS_ID:0029962275,10.1097/00001648-199605000-00005,Job stress and preeclampsia,Epidemiology,1996,Other/None,Case-control,Case-control,Case-control,Case-control,Case-control,FALSE,FALSE,FALSE,FALSE,FALSE,case-control study; job; occupation; preeclampsia; strain; stress,,,TRUE,0.03,FALSE,no,0,1,1701,50,7.1442e-5,614.249,,typesafe/jev-1.13-20260917,gen-dec-1789843837-8hGptFEjY35rPDdzVUnR,,1d16b25dcca8,2026-09-19T18:50:44+0000
234,DES-235,28178,SCOPUS_ID:84881286025,10.1093/eurpub/ckt008,Access points to the different levels of health care and demographic predictors in a country without a gatekeeping system. Results of a cross-sectional study from Austria,European Journal Of Public Health,2013,Cross-sectional,Other/None,Cross-sectional,Other/None,Cross-sectional,Cross-sectional,FALSE,FALSE,FALSE,FALSE,TRUE,,,,TRUE,0.93,TRUE,yes,1,0.99,1692,50,7.1064e-5,363.296,,typesafe/jev-1.13-20260917,gen-dec-1789843837-gszlRzDqedI2iAPQ97Zi,,1d16b25dcca8,2026-09-19T18:50:44+0000
235,DES-236,12815,SCOPUS_ID:85150030965,10.1016/j.amepre.2023.02.001,Time-Varying Food Retail and Incident Disease in the Cardiovascular Health Study,American Journal Of Preventive Medicine,2023,Other/None,Quasi-experimental,Quasi-experimental,Other/None,Quasi-experimental,Other/None,FALSE,TRUE,FALSE,TRUE,FALSE,,,,TRUE,0.55,TRUE,yes,0.59,0.17,1739,50,7.3038e-5,362.981,,typesafe/jev-1.13-20260917,gen-dec-1789843837-CbjzWWLq5Ohdfodirg9l,,1d16b25dcca8,2026-09-19T18:50:44+0000
236,DES-237,40880,SCOPUS_ID:0345283025,10.1016/j.ypmed.2003.09.015,A randomized trial of a family-based smoking prevention intervention in managed care,Preventive Medicine,2003,Experimental,Experimental,Experimental,Other/None,Experimental,Experimental,FALSE,FALSE,FALSE,FALSE,FALSE,Family; Managed care; Tobacco prevention; Youth,,,TRUE,0.53,TRUE,yes,0.58,0.17,1681,50,7.0602e-5,295.202,,typesafe/jev-1.13-20260917,gen-dec-1789843837-wEBGBBhyaIcxg0dmQq3n,,1d16b25dcca8,2026-09-19T18:50:44+0000
237,DES-238,45273,SCOPUS_ID:85121848541,10.1016/j.ypmed.2021.106915,"The association between fast-food outlet proximity and density and Body Mass Index: Findings from 147,027 Lifelines Cohort Study participants",Preventive Medicine,2022,Cohort,Quasi-experimental,Quasi-experimental,Other/None,Quasi-experimental,Other/None,FALSE,TRUE,FALSE,TRUE,FALSE,Body Mass Index; Body Weight; Built environment; Fast foods,,,TRUE,0.05,FALSE,no,0,1,1869,50,7.8498e-5,228.878,,typesafe/jev-1.13-20260917,gen-dec-1789843837-8kH5XyZsagXvwbVeSrxa,,1d16b25dcca8,2026-09-19T18:50:44+0000
238,DES-239,44996,SCOPUS_ID:85097799481,10.1016/j.ypmed.2020.106316,"Effects of e-cigarette use on cigarette smoking among U.S. youth, 2004–2018",Preventive Medicine,2021,Other/None,Quasi-experimental,Quasi-experimental,Other/None,Quasi-experimental,Other/None,FALSE,TRUE,FALSE,TRUE,FALSE,Adolescent; Cigarette smoking; E-cigarettes; Tobacco use,,,TRUE,0.04,FALSE,no,0,1,1812,50,7.6104e-5,287.101,,typesafe/jev-1.13-20260917,gen-dec-1789843837-RAb82IxuiT213gOcxkiC,,1d16b25dcca8,2026-09-19T18:50:44+0000
239,DES-240,20170,SCOPUS_ID:85070646385,10.2105/ajph.2019.305168,"Effect of the Affordable Care Act’s medicaid expansions on food security, 2010–2016",American Journal Of Public Health,2019,Other/None,Quasi-experimental,Quasi-experimental,Other/None,Quasi-experimental,Quasi-experimental,FALSE,FALSE,FALSE,FALSE,FALSE,,,,TRUE,0.9,TRUE,yes,0.97,0.94,1639,50,6.8838e-5,259.98900000000003,,typesafe/jev-1.13-20260917,gen-dec-1789843837-79Hr1I0kfXvwXW7S7JHr,,1d16b25dcca8,2026-09-19T18:50:44+0000
240,DES-241,23630,SCOPUS_ID:85083041258,10.1097/ede.0000000000001161,A Graphical Catalog of Threats to Validity: Linking Social Science with Epidemiology,Epidemiology,2020,Other/None,Other/None,Other/None,Quasi-experimental,Quasi-experimental,Quasi-experimental,TRUE,TRUE,FALSE,TRUE,FALSE,Causal inference; Directed acyclic graph; Epidemiologic methods; Quasi-experimental designs; The Campbell tradition; Threats to validity,,,TRUE,0.03,FALSE,no,0,1,1598,50,6.7116e-5,540.2900000000001,,typesafe/jev-1.13-20260917,gen-dec-1789843837-X0sEgSZpOp0Cc2PfHZsj,,1d16b25dcca8,2026-09-19T18:50:44+0000
241,DES-242,40704,SCOPUS_ID:0036353591,10.1006/pmed.2001.0970,"The population consumption model, alcohol control practices, and alcohol-related traffic fatalities",Preventive Medicine,2002,Other/None,Cross-sectional,Cross-sectional,Other/None,Cross-sectional,Cross-sectional,FALSE,FALSE,FALSE,FALSE,TRUE,Alcohol accessibility; Alcohol policy; Traffic fatalities,,,TRUE,0.98,TRUE,yes,1,1,1655,50,6.951e-5,251.15900000000002,,typesafe/jev-1.13-20260917,gen-dec-1789843837-TdkJtglCqiZfuO5bv9Tj,,1d16b25dcca8,2026-09-19T18:50:44+0000
242,DES-243,10984,SCOPUS_ID:84994161556,10.1016/j.amepre.2016.05.008,School Obesity Prevention Policies and Practices in Minnesota and Student Outcomes: A Longitudinal Cohort Study,American Journal Of Preventive Medicine,2016,Cohort,Cohort,Cohort,Other/None,Cohort,Cohort,FALSE,TRUE,TRUE,FALSE,FALSE,,,,TRUE,0.17,FALSE,no,0.06,0.87,1674,50,7.0308e-5,312.03999999999996,,typesafe/jev-1.13-20260917,gen-dec-1789843837-an1tHcsSwtaLcwvxzu3g,,1d16b25dcca8,2026-09-19T18:50:44+0000
243,DES-244,28372,SCOPUS_ID:84922474802,10.1093/eurpub/cku043,Public health in the 21st century: Working differently means leading and learning differently,European Journal Of Public Health,2014,Other/None,Qualitative,Qualitative,Other/None,Qualitative,Qualitative,FALSE,FALSE,FALSE,FALSE,TRUE,,,,TRUE,0.7,TRUE,yes,0.8,0.61,1643,50,6.9006e-5,356.771,,typesafe/jev-1.13-20260917,gen-dec-1789843838-LYGjnRp7jvb6qRUvP65e,,1d16b25dcca8,2026-09-19T18:50:44+0000
244,DES-245,21645,SCOPUS_ID:0033025118,10.1097/00001648-199907000-00018,Hormone replacement therapy and colon cancer among members of a health maintenance organization,Epidemiology,1999,Other/None,Case-control,Case-control,Other/None,Case-control,Case-control,FALSE,FALSE,FALSE,FALSE,FALSE,Colon cancer; Colorectal neoplasms; Estrogen replacement therapy; Hormone replacement therapy; Menopause,,,TRUE,0.03,FALSE,no,0,1,1719,50,7.2198e-5,358.987,,typesafe/jev-1.13-20260917,gen-dec-1789843838-jzJjEscnxR2qwyyhXqh7,,1d16b25dcca8,2026-09-19T18:50:44+0000
245,DES-246,33857,SCOPUS_ID:85077222152,10.1093/ije/dyz157,"Assessing longer-term effectiveness of a combined household-level piped water and sanitation intervention on child diarrhoea, acute respiratory infection, soil-transmitted helminth infection and nutritional status: A matched cohort study in rural Odisha, India",International Journal Of Epidemiology,2019,Cohort,Cohort,Cohort,Other/None,Cohort,Cohort,FALSE,FALSE,FALSE,FALSE,FALSE,diarrhoea; on-premise piped water; Sanitation; soil-transmitted helminth infection; stunting,,,TRUE,0.06,FALSE,no,0,1,1800,50,7.56e-5,279.60200000000003,,typesafe/jev-1.13-20260917,gen-dec-1789843838-dgTJcoo72qDyZMYDjrNy,,1d16b25dcca8,2026-09-19T18:50:44+0000
246,DES-247,12041,SCOPUS_ID:85084750443,10.1016/j.amepre.2020.02.022,Rhode Island Human Papillomavirus Vaccine School Entry Requirement Using Provider-Verified Report,American Journal Of Preventive Medicine,2020,Other/None,Quasi-experimental,Quasi-experimental,Other/None,Quasi-experimental,Other/None,FALSE,TRUE,FALSE,TRUE,TRUE,,,,TRUE,0.91,TRUE,yes,0.99,0.98,1729,50,7.2618e-5,333.957,,typesafe/jev-1.13-20260917,gen-dec-1789843838-HTobsH3CmEbTSznML13c,,1d16b25dcca8,2026-09-19T18:50:44+0000
247,DES-248,18314,SCOPUS_ID:84857271411,10.2105/ajph.2011.300484,Suicide incidence and risk factors in an active duty US military population,American Journal Of Public Health,2012,Other/None,Cross-sectional,Cross-sectional,Other/None,Cross-sectional,Cross-sectional,FALSE,FALSE,FALSE,FALSE,FALSE,,,,TRUE,0.22,FALSE,no,0.11,0.79,1605,50,6.741e-5,266.938,,typesafe/jev-1.13-20260917,gen-dec-1789843838-9lXIExmvVPHXYjimgHGW,,1d16b25dcca8,2026-09-19T18:50:44+0000
248,DES-249,30090,SCOPUS_ID:0025113261,10.1093/ije/19.supplement_1.s32,Protective dietary factors and lung cancer,International Journal Of Epidemiology,1990,Other/None,Experimental,Experimental,Other/None,Experimental,Experimental,FALSE,FALSE,FALSE,FALSE,FALSE,,,,TRUE,0.05,FALSE,no,0,1,1747,50,7.3374e-5,263.027,,typesafe/jev-1.13-20260917,gen-dec-1789843838-IgITdNYy04p50YW05uyt,,1d16b25dcca8,2026-09-19T18:50:44+0000
249,DES-250,40368,SCOPUS_ID:0034025282,10.1006/pmed.2000.0658,Health-promoting behaviors among adults with type 2 diabetes: Findings from the health and retirement study,Preventive Medicine,2000,Other/None,Other/None,Other/None,Other/None,Other/None,Other/None,FALSE,FALSE,FALSE,FALSE,FALSE,Diabetes; Diet; Exercise; Weight loss,,,TRUE,0.55,TRUE,yes,0.6,0.19,1635,50,6.867e-5,422.341,,typesafe/jev-1.13-20260917,gen-dec-1789843838-BHCoq0i6xKosUfyI3GVX,,1d16b25dcca8,2026-09-19T18:50:44+0000
250,DES-251,10877,SCOPUS_ID:84928237502,10.1016/j.amepre.2014.11.015,Understanding Mis-implementation in public health practice,American Journal Of Preventive Medicine,2015,Other/None,Cross-sectional,Cross-sectional,Other/None,Cross-sectional,Cross-sectional,FALSE,FALSE,FALSE,FALSE,TRUE,,,,TRUE,0.84,TRUE,yes,0.97,0.93,1694,50,7.1148e-5,340.976,,typesafe/jev-1.13-20260917,gen-dec-1789843838-0KjvdpNvDzHG1lzI4cYr,,1d16b25dcca8,2026-09-19T18:50:44+0000
251,DES-252,6126,SCOPUS_ID:84947580609,10.1093/aje/kwv202,Estimating Efficacy in a Randomized Trial With Product Nonadherence: Application of Multiple Methods to a Trial of Preexposure Prophylaxis for HIV Prevention,American Journal Of Epidemiology,2015,Experimental,Experimental,Experimental,Experimental,Experimental,Experimental,FALSE,FALSE,FALSE,FALSE,FALSE,HIV; HIV prevention; intention-to-treat analysis; medication adherence; randomized controlled trials,,,TRUE,0.04,FALSE,no,0,1,1829,50,7.6818e-5,282.479,,typesafe/jev-1.13-20260917,gen-dec-1789843838-phhccOW0JRRbrnqRp55Y,,1d16b25dcca8,2026-09-19T18:50:44+0000
252,DES-253,9549,SCOPUS_ID:40949132946,10.1016/j.amepre.2008.01.018,"Urban Containment Policies and Physical Activity. A Time-Series Analysis of Metropolitan Areas, 1990-2002",American Journal Of Preventive Medicine,2008,Ecological / Time-series,Other/None,Ecological / Time-series,Other/None,Ecological / Time-series,Ecological / Time-series,FALSE,FALSE,FALSE,FALSE,FALSE,,,,TRUE,0.12,FALSE,no,0.01,0.98,1690,50,7.098e-5,229.627,,typesafe/jev-1.13-20260917,gen-dec-1789843838-fXW1I83vU2wohxMyVnH6,,1d16b25dcca8,2026-09-19T18:50:44+0000
253,DES-254,28765,SCOPUS_ID:85032635334,10.1093/eurpub/ckx154,Ethics in public health: Call for shared moral public health literacy,European Journal Of Public Health,2017,Other/None,Other/None,Other/None,Other/None,Other/None,Other/None,FALSE,FALSE,FALSE,FALSE,FALSE,,,,TRUE,0.66,TRUE,yes,0.8,0.59,1536,50,6.4512e-5,255.05100000000002,,typesafe/jev-1.13-20260917,gen-dec-1789843838-bFqTmCEk06ZUGTo0ID1o,,1d16b25dcca8,2026-09-19T18:50:44+0000
254,DES-255,2436,SCOPUS_ID:18544395999,10.1093/aje/152.2.186,Multiple modes of hepatitis A virus transmission among methamphetamine users,American Journal Of Epidemiology,2000,Other/None,Case-control,Case-control,Case-control,Case-control,Case-control,TRUE,TRUE,FALSE,TRUE,TRUE,"Case-control studies; Disease outbreaks; Epidemiologic methods; Equipment contamination; Hepatitis A; Methamphetamine; Substance abuse, intravenous",,,TRUE,0.96,TRUE,yes,1,1,1713,50,7.1946e-5,280.111,,typesafe/jev-1.13-20260917,gen-dec-1789843838-vW5UJ76t9qAJyX6Ue3rp,,1d16b25dcca8,2026-09-19T18:50:44+0000
255,DES-256,20370,SCOPUS_ID:85121991133,10.2105/ajph.2021.306464,Philadelphia’s Excise Tax on Sugar-Sweetened and Artificially Sweetened Beverages and Supplemental Nutrition Assistance Program Benefit Redemption,American Journal Of Public Health,2021,Other/None,Quasi-experimental,Quasi-experimental,Other/None,Quasi-experimental,Quasi-experimental,FALSE,TRUE,FALSE,TRUE,FALSE,,,,TRUE,0.7,TRUE,yes,0.76,0.52,1610,50,6.762e-5,297.234,,typesafe/jev-1.13-20260917,gen-dec-1789843838-amT021jdZUScjJitS0kz,,1d16b25dcca8,2026-09-19T18:50:44+0000
256,DES-257,21506,SCOPUS_ID:0031045098,10.1097/00001648-199703000-00004,Margarine intake and subsequent coronary heart disease in men,Epidemiology,1997,Other/None,Other/None,Other/None,Cohort,Cohort,Cohort,FALSE,FALSE,FALSE,FALSE,FALSE,cohort study; coronary heart disease; diet; trans fatty acids,,,TRUE,0.03,FALSE,no,0,1,1726,50,7.2492e-5,306.236,,typesafe/jev-1.13-20260917,gen-dec-1789843838-0FsmN1FjWu8emVrrO6zO,,1d16b25dcca8,2026-09-19T18:50:44+0000
257,DES-258,37669,SCOPUS_ID:84958104558,10.1136/jech-2015-205988,Contribution of modifiable risk factors for hypertension and type-2 diabetes in Peruvian resource-limited settings,Journal Of Epidemiology And Community Health,2015,Other/None,Cohort,Cohort,Other/None,Cohort,Cohort,FALSE,FALSE,FALSE,FALSE,FALSE,,,,TRUE,0.84,TRUE,yes,0.98,0.96,1790,50,7.518e-5,282.32099999999997,,typesafe/jev-1.13-20260917,gen-dec-1789843838-pIvz1iqsOyP0rzW4RVP9,,1d16b25dcca8,2026-09-19T18:50:44+0000
258,DES-259,39596,SCOPUS_ID:0026640432,10.1016/0091-7435(92)90061-l,Association of serum lipoproteins and health-related habits with coffee and tea consumption in free-living subjects examined in the Israeli CORDIS study,Preventive Medicine,1992,Other/None,Experimental,Experimental,Other/None,Experimental,Experimental,FALSE,FALSE,FALSE,FALSE,FALSE,,,,TRUE,0.05,FALSE,no,0,1,1746,50,7.3332e-5,274.09099999999995,,typesafe/jev-1.13-20260917,gen-dec-1789843838-JIK5cAsW9p6nyNOTIT62,,1d16b25dcca8,2026-09-19T18:50:44+0000
259,DES-260,39156,SCOPUS_ID:85062301183,10.1016/s2468-2667(19)30002-7,"Long-term trends in child maltreatment in England and Wales, 1858–2016: an observational, time-series analysis",The Lancet Public Health,2019,Ecological / Time-series,Ecological / Time-series,Ecological / Time-series,Other/None,Ecological / Time-series,Ecological / Time-series,FALSE,FALSE,FALSE,FALSE,TRUE,,,,TRUE,0.97,TRUE,yes,1,1,1928,50,8.0976e-5,272.28200000000004,,typesafe/jev-1.13-20260917,gen-dec-1789843838-vigyhwWTnC14z85p7PtU,,1d16b25dcca8,2026-09-19T18:50:44+0000
260,DES-261,24747,SCOPUS_ID:0035702784,10.1023/a:1013765016742,Association between gastric cancer mortality and nitrate content of drinking water: Ecological study on small area inequalities,European Journal Of Epidemiology,2001,Ecological / Time-series,Ecological / Time-series,Ecological / Time-series,Ecological / Time-series,Ecological / Time-series,Ecological / Time-series,FALSE,FALSE,FALSE,FALSE,FALSE,Drinking water; Ecological study; Gastric cancer; Nitrate,,,TRUE,0.04,FALSE,no,0,1,1674,50,7.0308e-5,279.289,,typesafe/jev-1.13-20260917,gen-dec-1789843838-zh9OJyiRzB1iTHMkZfsu,,1d16b25dcca8,2026-09-19T18:50:44+0000
261,DES-262,1087,SCOPUS_ID:0028069411,10.1093/oxfordjournals.aje.a116998,Characteristics of a hypothetical group of hospital controls for a case-control study,American Journal Of Epidemiology,1994,Case-control,Other/None,Case-control,Case-control,Case-control,Case-control,TRUE,TRUE,FALSE,TRUE,FALSE,Case-control studies; Epidemiologic methods,,,TRUE,0.03,FALSE,no,0,1,1630,50,6.846e-5,257.576,,typesafe/jev-1.13-20260917,gen-dec-1789843838-GOcBBbWvk0DOBQRuunW0,,1d16b25dcca8,2026-09-19T18:50:44+0000
262,DES-263,4362,SCOPUS_ID:53749089278,10.1093/aje/kwn190,Antidiabetic medication and prostate cancer risk: A population-based case-control study,American Journal Of Epidemiology,2008,Case-control,Other/None,Case-control,Case-control,Case-control,Case-control,FALSE,FALSE,FALSE,FALSE,FALSE,Case-control studies; Diabetes mellitus; Drug therapy; Finland; Incidence; Population; Prostatic neoplasms,,,TRUE,0.03,FALSE,no,0,1,1656,50,6.9552e-5,335.776,,typesafe/jev-1.13-20260917,gen-dec-1789843838-wfKtZlIQK9h6NoHa1Hj6,,1d16b25dcca8,2026-09-19T18:50:44+0000
263,DES-264,2612,SCOPUS_ID:0035500686,10.1093/aje/154.9.787,Boy/girl differences in risk for reading disability: Potential clues?,American Journal Of Epidemiology,2001,Other/None,Case-control,Case-control,Case-control,Case-control,Case-control,FALSE,FALSE,FALSE,FALSE,FALSE,Case-control studies; Dyslexia; Educational status; Learning disorders; Risk factors,,,TRUE,0.03,FALSE,no,0,1,1734,50,7.2828e-5,282.041,,typesafe/jev-1.13-20260917,gen-dec-1789843838-anvKjW7VG4XR2LlHt7hk,,1d16b25dcca8,2026-09-19T18:50:44+0000
264,DES-265,23676,SCOPUS_ID:85116823719,10.1097/ede.0000000000001402,Effect of Adjustment for Case Misclassification and Infection Date Uncertainty on Estimates of COVID-19 Effective Reproduction Number,Epidemiology,2021,Other/None,Ecological / Time-series,Ecological / Time-series,Other/None,Ecological / Time-series,Ecological / Time-series,FALSE,FALSE,FALSE,FALSE,TRUE,Bayesian analysis; COVID-19; Deconvolution; Misclassification; Quantitative bias analysis; Surveillance,,,TRUE,0.72,TRUE,yes,0.81,0.62,1761,50,7.3962e-5,291.38399999999996,,typesafe/jev-1.13-20260917,gen-dec-1789843838-W6xyc0HSwBd5OVQfoqSg,,1d16b25dcca8,2026-09-19T18:50:44+0000
265,DES-266,37137,SCOPUS_ID:78651322611,10.1136/jech.2009.090100,Social inequalities in health among adolescents in a large southern European city,Journal Of Epidemiology And Community Health,2011,Other/None,Cross-sectional,Cross-sectional,Other/None,Cross-sectional,Cross-sectional,FALSE,FALSE,FALSE,FALSE,FALSE,,,,TRUE,0.24,FALSE,no,0.17,0.66,1642,50,6.8964e-5,294.28900000000004,,typesafe/jev-1.13-20260917,gen-dec-1789843838-WOAbgfkTYq2ap9RtyHak,,1d16b25dcca8,2026-09-19T18:50:44+0000
266,DES-267,43888,SCOPUS_ID:85002152458,10.1016/j.ypmed.2016.08.043,“We actually care and we want to make the parks better”: A qualitative study of youth experiences and perceptions after conducting park audits,Preventive Medicine,2017,Qualitative,Other/None,Qualitative,Other/None,Qualitative,Qualitative,FALSE,FALSE,FALSE,FALSE,FALSE,Active living; Community policy systems; Environmental change; Parks and recreation; Youth advocacy,,,TRUE,0.24,FALSE,no,0.17,0.66,1660,50,6.972e-5,348.267,,typesafe/jev-1.13-20260917,gen-dec-1789843838-p7oACR4SFma2J3DwWV2D,,1d16b25dcca8,2026-09-19T18:50:44+0000
267,DES-268,23011,SCOPUS_ID:84927699517,10.1097/ede.0000000000000165,Global variation in the effects of ambient temperature on mortality: A systematic evaluation,Epidemiology,2014,Other/None,Other/None,Other/None,Other/None,Other/None,Other/None,FALSE,FALSE,FALSE,FALSE,TRUE,,,,TRUE,0.95,TRUE,yes,1,1,1686,50,7.0812e-5,260.81100000000004,,typesafe/jev-1.13-20260917,gen-dec-1789843838-VW2jh2WmHI57w1mEgRwq,,1d16b25dcca8,2026-09-19T18:50:44+0000
268,DES-269,32402,SCOPUS_ID:33645800377,10.1093/ije/dyi170,Randomized controlled trial: Effect of nutritional counselling in general practice,International Journal Of Epidemiology,2006,Experimental,Experimental,Experimental,Experimental,Experimental,Experimental,FALSE,FALSE,FALSE,FALSE,FALSE,General practice; Health promotion; Nutrition; Randomized controlled trial,,,TRUE,0.2,FALSE,no,0.07,0.86,1833,50,7.6986e-5,276.68399999999997,,typesafe/jev-1.13-20260917,gen-dec-1789843838-pGvHOagRKoQSoWI4IFS1,,1d16b25dcca8,2026-09-19T18:50:44+0000
269,DES-270,12583,SCOPUS_ID:85126380124,10.1016/j.amepre.2021.12.026,Young Adult Healthcare Exposure and Future Opioid Misuse: A Prospective Cohort Study,American Journal Of Preventive Medicine,2022,Cohort,Cohort,Cohort,Other/None,Cohort,Cohort,FALSE,FALSE,FALSE,FALSE,TRUE,,,,TRUE,0.92,TRUE,yes,0.99,0.99,1719,50,7.2198e-5,282.30300000000005,,typesafe/jev-1.13-20260917,gen-dec-1789843838-gaaklrGFYtQ1k595fsQH,,1d16b25dcca8,2026-09-19T18:50:44+0000
270,DES-271,4161,SCOPUS_ID:34547437743,10.1093/aje/kwm051,"A prospective study of tobacco, alcohol, and the risk of esophageal and gastric cancer subtypes",American Journal Of Epidemiology,2007,Other/None,Other/None,Other/None,Cohort,Cohort,Cohort,FALSE,FALSE,FALSE,FALSE,FALSE,Alcohol drinking; Cohort studies; Esophageal neoplasms; Prospective studies; Smoking; Stomach neoplasms,,,TRUE,0.03,FALSE,no,0,1,1883,50,7.9086e-5,313.957,,typesafe/jev-1.13-20260917,gen-dec-1789843838-iNfg0fOBG0Ea6QYqo4aF,,1d16b25dcca8,2026-09-19T18:50:44+0000
271,DES-272,33190,SCOPUS_ID:84913592564,10.1093/ije/dyu134,Prospective association between red and processed meat intakes and breast cancer risk: Modulation by an antioxidant supplementation in the SU.VI.MAX randomized controlled trial,International Journal Of Epidemiology,2014,Experimental,Experimental,Experimental,Other/None,Experimental,Experimental,FALSE,FALSE,FALSE,FALSE,FALSE,Antioxidants; Breast cancer; Meat; Meat products; Prospective studies,,,TRUE,0.04,FALSE,no,0,1,1821,50,7.6482e-5,302.319,,typesafe/jev-1.13-20260917,gen-dec-1789843838-xq9iA3nJYGVZEiZzmYTT,,1d16b25dcca8,2026-09-19T18:50:44+0000
272,DES-273,13400,SCOPUS_ID:0026351577,10.2105/ajph.81.12.1651,Patterns of breast and cervical cancer screening at three public health centers in an inner-city urban area,American Journal Of Public Health,1991,Other/None,Other/None,Other/None,Other/None,Other/None,Other/None,FALSE,FALSE,FALSE,FALSE,TRUE,,,,TRUE,0.94,TRUE,yes,1,0.99,1497,50,6.2874e-5,247.583,,typesafe/jev-1.13-20260917,gen-dec-1789843838-6W9ZYGg7lBxz8GS1uc5Y,,1d16b25dcca8,2026-09-19T18:50:44+0000
273,DES-274,8981,SCOPUS_ID:4644318676,10.1016/j.amepre.2004.05.002,Barriers to physical activity: Qualitative data on caregiver-daughter perceptions and practices,American Journal Of Preventive Medicine,2004,Other/None,Qualitative,Qualitative,Other/None,Qualitative,Qualitative,FALSE,FALSE,FALSE,FALSE,FALSE,,,,TRUE,0.52,TRUE,yes,0.66,0.32,1708,50,7.1736e-5,300.099,,typesafe/jev-1.13-20260917,gen-dec-1789843839-GNDgMt4EJDVq6UByQAq8,,1d16b25dcca8,2026-09-19T18:50:44+0000
274,DES-275,32418,SCOPUS_ID:36949040429,10.1093/ije/dym196,The influence of media reporting of the suicide of a celebrity on suicide rates: A population-based study,International Journal Of Epidemiology,2007,Other/None,Ecological / Time-series,Ecological / Time-series,Other/None,Ecological / Time-series,Ecological / Time-series,FALSE,FALSE,FALSE,FALSE,TRUE,Celebrity suicide; Completed suicide; Media report,,,TRUE,0.97,TRUE,yes,1,1,1697,50,7.1274e-5,271.803,,typesafe/jev-1.13-20260917,gen-dec-1789843839-Y2Wm5LHcaSAEivJUAGih,,1d16b25dcca8,2026-09-19T18:50:44+0000
275,DES-276,31125,SCOPUS_ID:0030724109,10.1093/ije/26.5.953,Comparing dietary recall data for mothers and children obtained on two occasions in a case-control study of environmental factors and childhood brain tumours,International Journal Of Epidemiology,1997,Case-control,Case-control,Case-control,Other/None,Case-control,Case-control,FALSE,FALSE,FALSE,FALSE,FALSE,Childhood brain tumours; Diet; Food frequency questionnaires,,,TRUE,0.1,FALSE,no,0.03,0.94,1667,50,7.0014e-5,331.279,,typesafe/jev-1.13-20260917,gen-dec-1789843839-xKDmg6nAuGPC3XwTCoCg,,1d16b25dcca8,2026-09-19T18:50:44+0000
276,DES-277,20845,SCOPUS_ID:85197973008,10.2105/ajph.2024.307696,"“The Hotel of 10,000 Stars”: The Impact of Social-Structural Determinants of Health Among Im/migrant Shrimpers in the Gulf of Mexico",American Journal Of Public Health,2024,Other/None,Qualitative,Qualitative,Other/None,Qualitative,Qualitative,FALSE,FALSE,FALSE,FALSE,TRUE,,,,TRUE,0.94,TRUE,yes,1,0.99,1592,50,6.6864e-5,288.20099999999996,,typesafe/jev-1.13-20260917,gen-dec-1789843839-RcCxKmZFJ5xaToAgYfAD,,1d16b25dcca8,2026-09-19T18:50:44+0000
277,DES-278,40887,SCOPUS_ID:0242720547,10.1016/j.ypmed.2003.08.004,Indices of changes in adiposity in American Indian children,Preventive Medicine,2003,Other/None,Experimental,Experimental,Other/None,Experimental,Experimental,FALSE,FALSE,FALSE,FALSE,FALSE,American Indian children; Bioelectrical impedance; Body composition changes; Body fat; Body mass index; Native American; Skinfolds,,,TRUE,0.03,FALSE,no,0,1,1706,50,7.1652e-5,313.03,,typesafe/jev-1.13-20260917,gen-dec-1789843839-Uk9IOUN2DdljpKHw5AEy,,1d16b25dcca8,2026-09-19T18:50:44+0000
278,DES-279,14462,SCOPUS_ID:0029044371,10.2105/ajph.85.5.726,Predicting body fatness: The body mass index vs estimation by bioelectrical impedance,American Journal Of Public Health,1995,Other/None,Other/None,Other/None,Other/None,Other/None,Other/None,FALSE,FALSE,FALSE,FALSE,FALSE,,,,TRUE,0.03,FALSE,no,0,1,1554,50,6.5268e-5,260.621,,typesafe/jev-1.13-20260917,gen-dec-1789843839-C1x3UeuuQvMV49V7hLPs,,1d16b25dcca8,2026-09-19T18:50:44+0000
279,DES-280,11452,SCOPUS_ID:85006166037,10.1016/j.amepre.2016.09.018,Factors Perceived as Influencing Local Health Department Involvement in Mental Health,American Journal Of Preventive Medicine,2017,Other/None,Qualitative,Qualitative,Other/None,Qualitative,Qualitative,FALSE,FALSE,FALSE,FALSE,TRUE,,,,TRUE,0.88,TRUE,yes,0.98,0.97,1688,50,7.0896e-5,281.489,,typesafe/jev-1.13-20260917,gen-dec-1789843839-F4B071QswikAJg5szv8n,,1d16b25dcca8,2026-09-19T18:50:44+0000
280,DES-281,5533,SCOPUS_ID:84859514238,10.1093/aje/kwr358,Welding and lung cancer in Central and Eastern Europe and the United Kingdom,American Journal Of Epidemiology,2012,Other/None,Other/None,Other/None,Case-control,Case-control,Case-control,FALSE,FALSE,FALSE,FALSE,FALSE,Case-control studies; Confounding factors (epidemiology); Lung neoplasms; Metals; Welding,,,TRUE,0.12,FALSE,no,0.04,0.92,1735,50,7.287e-5,487.723,,typesafe/jev-1.13-20260917,gen-dec-1789843839-Uaf3b5jsqqSRJ2gkyXso,,1d16b25dcca8,2026-09-19T18:50:44+0000
281,DES-282,12465,SCOPUS_ID:85135519533,10.1016/j.amepre.2022.06.015,Family-Centered Care and Flourishing in Early Childhood,American Journal Of Preventive Medicine,2022,Other/None,Other/None,Other/None,Other/None,Other/None,Other/None,FALSE,FALSE,FALSE,FALSE,TRUE,,,,TRUE,0.83,TRUE,yes,0.95,0.89,1772,50,7.4424e-5,243.624,,typesafe/jev-1.13-20260917,gen-dec-1789843839-RCgrGPyarro8OFTzr5tj,,1d16b25dcca8,2026-09-19T18:50:44+0000
282,DES-283,39320,SCOPUS_ID:85121911783,10.1016/s2468-2667(21)00273-5,The effect of mandatory COVID-19 certificates on vaccine uptake: synthetic-control modelling of six countries,The Lancet Public Health,2022,Quasi-experimental,Quasi-experimental,Quasi-experimental,Other/None,Quasi-experimental,Quasi-experimental,FALSE,TRUE,FALSE,TRUE,FALSE,,,,TRUE,0.31,FALSE,no,0.18,0.65,1871,50,7.8582e-5,244.983,,typesafe/jev-1.13-20260917,gen-dec-1789843839-bXcMhlnOlKMfJEZZri4U,,1d16b25dcca8,2026-09-19T18:50:44+0000
283,DES-284,35091,SCOPUS_ID:0028198341,10.1136/jech.48.2.201,Measurement issues in research on social support and health,Journal Of Epidemiology And Community Health,1994,Other/None,Cross-sectional,Cross-sectional,Other/None,Cross-sectional,Cross-sectional,FALSE,FALSE,FALSE,FALSE,FALSE,,,,TRUE,0.08,FALSE,no,0.01,0.98,1685,50,7.077e-5,244.51,,typesafe/jev-1.13-20260917,gen-dec-1789843839-RDJXPPm9GYhCNtSRNh2i,,1d16b25dcca8,2026-09-19T18:50:44+0000
284,DES-285,10393,SCOPUS_ID:84879327938,10.1016/j.amepre.2013.01.032,A participatory physical activity intervention in preschools: A cluster randomized controlled trial,American Journal Of Preventive Medicine,2013,Experimental,Other/None,Experimental,Other/None,Experimental,Experimental,FALSE,FALSE,FALSE,FALSE,FALSE,,,,TRUE,0.15,FALSE,no,0.02,0.95,1898,50,7.9716e-5,328.797,,typesafe/jev-1.13-20260917,gen-dec-1789843839-l21yyZdksaPRFBZn7GF9,,1d16b25dcca8,2026-09-19T18:50:44+0000
285,DES-286,17583,SCOPUS_ID:77958165624,10.2105/ajph.2009.179358,"Anti-alcohol posters in Poland, 1945-1989: Diverse meanings, uncertain effects",American Journal Of Public Health,2010,Other/None,Qualitative,Qualitative,Other/None,Qualitative,Qualitative,FALSE,FALSE,FALSE,FALSE,TRUE,,,,TRUE,0.79,TRUE,yes,0.92,0.84,1557,50,6.5394e-5,331.04200000000003,,typesafe/jev-1.13-20260917,gen-dec-1789843839-9iTDwQjgoyF8sxXCtLkW,,1d16b25dcca8,2026-09-19T18:50:44+0000
286,DES-287,8635,SCOPUS_ID:0034057580,10.1016/s0749-3797(99)00160-9,Clinician satisfaction with a preventive services implementation trial: The IMPROVE project,American Journal Of Preventive Medicine,2000,Other/None,Experimental,Experimental,Experimental,Experimental,Experimental,FALSE,FALSE,FALSE,FALSE,FALSE,Clinical trial (randomized controlled trials); Health services; Personal satisfaction; Preventive health services,,,TRUE,0.06,FALSE,no,0,1,1650,50,6.93e-5,265.70899999999995,,typesafe/jev-1.13-20260917,gen-dec-1789843839-HPwUqiqzydXmm0LWg59M,,1d16b25dcca8,2026-09-19T18:50:44+0000
287,DES-288,23341,SCOPUS_ID:85006312735,10.1097/ede.0000000000000607,Estimating Acute Cardiorespiratory Effects of Ambient Volatile Organic Compounds,Epidemiology,2017,Other/None,Ecological / Time-series,Ecological / Time-series,Other/None,Ecological / Time-series,Ecological / Time-series,FALSE,FALSE,FALSE,FALSE,FALSE,,,,TRUE,0.03,FALSE,no,0,1,1670,50,7.014e-5,283.29900000000004,,typesafe/jev-1.13-20260917,gen-dec-1789843839-LjAbADlZAVmKq7yipgtf,,1d16b25dcca8,2026-09-19T18:50:44+0000
288,DES-289,6700,SCOPUS_ID:85054286659,10.1093/aje/kwy112,New-Onset Asthma and Combat Deployment: Findings from the Millennium Cohort Study,American Journal Of Epidemiology,2018,Cohort,Cohort,Cohort,Other/None,Cohort,Cohort,FALSE,FALSE,FALSE,FALSE,FALSE,asthma; combat disorders; longitudinal studies; military personnel; occupational exposure; respiratory system; veterans,,,TRUE,0.07,FALSE,no,0,0.99,1612,50,6.7704e-5,294.086,,typesafe/jev-1.13-20260917,gen-dec-1789843839-GBtUbutivATu1aybu7x3,,1d16b25dcca8,2026-09-19T18:50:44+0000
289,DES-290,26032,SCOPUS_ID:84960122817,10.1007/s10654-016-0122-1,Cost–benefit analysis of the polypill in the primary prevention of myocardial infarction and stroke,European Journal Of Epidemiology,2016,Other/None,Other/None,Other/None,Experimental,Experimental,Experimental,FALSE,TRUE,TRUE,FALSE,TRUE,Cardiovascular diseases; Cost–benefit analysis; Myocardial infarction; Polypill; Primary prevention; Stroke,,,TRUE,0.64,TRUE,yes,0.66,0.32,1624,50,6.8208e-5,315.83099999999996,,typesafe/jev-1.13-20260917,gen-dec-1789843839-9ALMIxgMtilSfSnjz2mZ,,1d16b25dcca8,2026-09-19T18:50:44+0000
290,DES-291,19933,SCOPUS_ID:85017537931,10.2105/ajph.2016.303550,The contagious spread of violence among US adolescents through social networks,American Journal Of Public Health,2017,Other/None,Cohort,Cohort,Other/None,Cohort,Cohort,FALSE,FALSE,FALSE,FALSE,FALSE,,,,TRUE,0.03,FALSE,no,0,1,1592,50,6.6864e-5,269.586,,typesafe/jev-1.13-20260917,gen-dec-1789843839-y16OpPfd1ju9AIJZjfrI,,1d16b25dcca8,2026-09-19T18:50:44+0000
291,DES-292,4093,SCOPUS_ID:34548321301,10.1093/aje/kwm131,Birth order and sibship size: Evaluation of the role of selection bias in a case-control study of non-Hodgkin's lymphoma,American Journal Of Epidemiology,2007,Case-control,Case-control,Case-control,Case-control,Case-control,Case-control,FALSE,FALSE,FALSE,FALSE,FALSE,"Birth order; Case-control studies; Lymphoma, non-Hodgkin; Selection bias; Siblings",,,TRUE,0.03,FALSE,no,0,1,1614,50,6.7788e-5,267.39099999999996,,typesafe/jev-1.13-20260917,gen-dec-1789843839-R6sr45zm2zEhoFyqOSM1,,1d16b25dcca8,2026-09-19T18:50:44+0000
292,DES-293,2687,SCOPUS_ID:0035879480,10.1093/aje/154.2.120,Is suicide contagious? A study of the relation between exposure to the suicidal behavior of others and nearly lethal suicide attempts,American Journal Of Epidemiology,2001,Other/None,Case-control,Case-control,Other/None,Case-control,Case-control,FALSE,FALSE,FALSE,FALSE,FALSE,"Adolescent behavior; Adolescent psychology; Imitative behavior; Psychology; Suicide; Suicide, attempted",,,TRUE,0.04,FALSE,no,0,1,1714,50,7.1988e-5,341.769,,typesafe/jev-1.13-20260917,gen-dec-1789843839-l7FqTTTpiDNzFLAP5NBl,,1d16b25dcca8,2026-09-19T18:50:44+0000
293,DES-294,31264,SCOPUS_ID:0030888571,,Reproducibility and relative validity of food group intake in a food frequency questionnaire developed for the German part of the EPIC project,International Journal Of Epidemiology,1997,Other/None,Other/None,Other/None,Other/None,Other/None,Other/None,FALSE,FALSE,FALSE,FALSE,FALSE,Diet recalls; EPIC; Food frequency questionnaire; Food intake measurements; Reproducibility; Validity,,,TRUE,0.02,FALSE,no,0,1,1774,50,7.4508e-5,288.464,,typesafe/jev-1.13-20260917,gen-dec-1789843839-D82ofRH8QPjOyBWaZdvk,,1d16b25dcca8,2026-09-19T18:50:44+0000
294,DES-295,38570,SCOPUS_ID:85097398368,10.1136/jech-2020-214063,Feasibility and validity of using death surveillance data and SmartVA for fact and cause of death in clinical trials in rural China: A substudy of the China salt substitute and stroke study (SSaSS),Journal Of Epidemiology And Community Health,2021,Experimental,Experimental,Experimental,Experimental,Experimental,Experimental,FALSE,FALSE,FALSE,FALSE,FALSE,death certification; mortality; outcome research evaluation; randomised trials; surveillance,,,TRUE,0.7,TRUE,yes,0.84,0.68,1716,50,7.2072e-5,352.988,,typesafe/jev-1.13-20260917,gen-dec-1789843839-NazoW4ncFWrhc8Id6z3z,,1d16b25dcca8,2026-09-19T18:50:44+0000
295,DES-296,43699,SCOPUS_ID:85007277428,10.1016/j.ypmed.2016.11.005,"Assessing the effect of physical activity classes in public spaces on leisure-time physical activity: “Al Ritmo de las Comunidades” A natural experiment in Bogota, Colombia",Preventive Medicine,2017,Quasi-experimental,Quasi-experimental,Quasi-experimental,Quasi-experimental,Quasi-experimental,Quasi-experimental,FALSE,TRUE,FALSE,TRUE,FALSE,"Community-based programs, natural experiment, Recreovia, physical activity classes; Leisure-time; Physical activity; Public space",,,TRUE,0.45,FALSE,no,0.47,0.06,1702,50,7.1484e-5,327.718,,typesafe/jev-1.13-20260917,gen-dec-1789843839-ECuTUQJHZ3dow5QDn9Ms,,1d16b25dcca8,2026-09-19T18:50:44+0000
296,DES-297,2710,SCOPUS_ID:0035875840,10.1093/aje/153.12.1227,Comparison of assessment methods for pesticide exposure in a case-control interview study,American Journal Of Epidemiology,2001,Other/None,Case-control,Case-control,Case-control,Case-control,Case-control,TRUE,TRUE,FALSE,TRUE,FALSE,Case-control studies; Child; Epidemiologic methods; Interviews; Neoplasms; Neuroblastoma; Occupational exposure; Pesticides,,,TRUE,0.05,FALSE,no,0,0.99,1621,50,6.8082e-5,382.574,,typesafe/jev-1.13-20260917,gen-dec-1789843839-nL1ddFJkBqIvyeB9aGzN,,1d16b25dcca8,2026-09-19T18:50:44+0000
297,DES-298,10465,SCOPUS_ID:84882974112,10.1016/j.amepre.2012.11.013,Bridging research and policy to address childhood obesity among border hispanics a pilot study,American Journal Of Preventive Medicine,2013,Other/None,Qualitative,Qualitative,Other/None,Qualitative,Qualitative,FALSE,FALSE,FALSE,FALSE,TRUE,,,,TRUE,0.73,TRUE,yes,0.77,0.55,1649,50,6.9258e-5,273.97700000000003,,typesafe/jev-1.13-20260917,gen-dec-1789843839-n71ejvmjVzrCJgIv5Ayi,,1d16b25dcca8,2026-09-19T18:50:44+0000
298,DES-299,33372,SCOPUS_ID:84939619752,10.1093/ije/dyv117,An enigma: Why vitamin A supplementation does not always reduce mortality even though vitamin A deficiency is associated with increased mortality,International Journal Of Epidemiology,2015,Other/None,Experimental,Experimental,Other/None,Experimental,Experimental,FALSE,FALSE,FALSE,FALSE,FALSE,Child mortality; Heterologous effects; Vaccines; Vitamin A,,,TRUE,0.52,TRUE,yes,0.51,0.01,1746,50,7.3332e-5,366.03400000000005,,typesafe/jev-1.13-20260917,gen-dec-1789843839-OONG6m4NSFxKkhITes8s,,1d16b25dcca8,2026-09-19T18:50:44+0000
299,DES-300,37150,SCOPUS_ID:78650904299,10.1136/jech.2008.085639,Impact of heat on mortality in 15 European cities: Attributable deaths under different weather scenarios,Journal Of Epidemiology And Community Health,2011,Other/None,Other/None,Other/None,Other/None,Other/None,Other/None,FALSE,FALSE,FALSE,FALSE,FALSE,,,,TRUE,0.12,FALSE,no,0.02,0.96,1666,50,6.9972e-5,282.586,,typesafe/jev-1.13-20260917,gen-dec-1789843839-E22DcHnAMAU7IXhdSG6E,,1d16b25dcca8,2026-09-19T18:50:44+0000
300,DES-301,43893,SCOPUS_ID:84994528807,10.1016/j.ypmed.2016.08.029,Associations between demographic characteristics and physical activity practices in Nevada schools,Preventive Medicine,2017,Other/None,Other/None,Other/None,Other/None,Other/None,Other/None,FALSE,FALSE,FALSE,FALSE,FALSE,Children; Demography; Disparities; Nevada; Physical activity; Schools,,,TRUE,0.04,FALSE,no,0,1,1810,50,7.602e-5,330.407,,typesafe/jev-1.13-20260917,gen-dec-1789843839-2j65zlEzBxe6unZQYjHt,,1d16b25dcca8,2026-09-19T18:50:44+0000
301,DES-302,28236,SCOPUS_ID:84880899371,10.1093/eurpub/cks136,Aging and health in France: An unexpected expansion of disability in mid-adulthood over recent years,European Journal Of Public Health,2013,Other/None,Ecological / Time-series,Ecological / Time-series,Other/None,Ecological / Time-series,Ecological / Time-series,FALSE,FALSE,FALSE,FALSE,FALSE,,,,TRUE,0.23,FALSE,no,0.14,0.71,1653,50,6.9426e-5,264.98,,typesafe/jev-1.13-20260917,gen-dec-1789843840-kR0RA3WSuIEERdg9I73p,,1d16b25dcca8,2026-09-19T18:50:44+0000
302,DES-303,24020,SCOPUS_ID:85206689789,10.1097/ede.0000000000001799,State Schooling Policies and Cognitive Performance Trajectories: A Natural Experiment in a National US Cohort of Black and White Adults,Epidemiology,2024,Quasi-experimental,Quasi-experimental,Quasi-experimental,Quasi-experimental,Quasi-experimental,Quasi-experimental,FALSE,TRUE,FALSE,TRUE,FALSE,cognition; cognitive aging; education; health disparities; longitudinal analysis; natural experiment,,,TRUE,0.05,FALSE,no,0,1,1728,50,7.2576e-5,347.32800000000003,,typesafe/jev-1.13-20260917,gen-dec-1789843840-Nz3SNX3iXXZYLmhzZMKj,,1d16b25dcca8,2026-09-19T18:50:44+0000
303,DES-304,9820,SCOPUS_ID:77953267050,10.1016/j.amepre.2010.03.004,Neighborhood Walkability and Sedentary Time in Belgian Adults,American Journal Of Preventive Medicine,2010,Other/None,Cross-sectional,Cross-sectional,Other/None,Cross-sectional,Cross-sectional,FALSE,FALSE,FALSE,FALSE,TRUE,,,,TRUE,0.92,TRUE,yes,0.99,0.99,1788,50,7.5096e-5,310.435,,typesafe/jev-1.13-20260917,gen-dec-1789843840-Nq4zzID6rrDJtdz8I53Z,,1d16b25dcca8,2026-09-19T18:50:44+0000
304,DES-305,34239,SCOPUS_ID:85107083153,10.1093/ije/dyaa168,Early-life antibiotic use and risk of attention-deficit hyperactivity disorder and autism spectrum disorder: results of a discordant twin study,International Journal Of Epidemiology,2021,Other/None,Cohort,Cohort,Other/None,Cohort,Cohort,FALSE,FALSE,FALSE,FALSE,FALSE,ADHD; antibiotics; ASD; children; discordant twin design; early life; gut-brain axis,,,TRUE,0.04,FALSE,no,0,1,1824,50,7.6608e-5,289.126,,typesafe/jev-1.13-20260917,gen-dec-1789843840-396LUhCYvmUqWXUBJK0x,,1d16b25dcca8,2026-09-19T18:50:44+0000
305,DES-306,12214,SCOPUS_ID:85112108552,10.1016/j.amepre.2021.05.009,"Outpatient Prescribing of Antibiotics and Opioids by Veterans Health Administration Providers, 2015–2017",American Journal Of Preventive Medicine,2021,Other/None,Cross-sectional,Cross-sectional,Other/None,Cross-sectional,Cross-sectional,FALSE,FALSE,FALSE,FALSE,TRUE,,,,TRUE,0.93,TRUE,yes,1,0.99,1746,50,7.3332e-5,468.997,,typesafe/jev-1.13-20260917,gen-dec-1789843840-2NfXDX2gJghDuY54oOQV,,1d16b25dcca8,2026-09-19T18:50:44+0000
306,DES-307,28590,SCOPUS_ID:84939484084,10.1093/eurpub/cku190,Concurrent validation of two key health literacy instruments in a South Eastern European population,European Journal Of Public Health,2015,Other/None,Cross-sectional,Cross-sectional,Other/None,Cross-sectional,Cross-sectional,FALSE,FALSE,FALSE,FALSE,FALSE,,,,TRUE,0.04,FALSE,no,0,1,1752,50,7.3584e-5,324.766,,typesafe/jev-1.13-20260917,gen-dec-1789843840-rREixWqaHRFPxtAEdrYL,,1d16b25dcca8,2026-09-19T18:50:44+0000
307,DES-308,1356,SCOPUS_ID:0029834111,10.1093/oxfordjournals.aje.a008895,Confounding by indication and channeling over time: The risks of β<inf>2</inf>- agonists,American Journal Of Epidemiology,1996,Other/None,Case-control,Case-control,Cohort,Case-control,Case-control,TRUE,TRUE,FALSE,TRUE,FALSE,asthma; bronchodilator agents; cohort studies; confounding factors (epidemiology); epidemiologic methods,,,TRUE,0.13,FALSE,no,0.05,0.9,1717,50,7.2114e-5,288.35699999999997,,typesafe/jev-1.13-20260917,gen-dec-1789843840-28iHs7xEORU4nFeiO52u,,1d16b25dcca8,2026-09-19T18:50:44+0000
308,DES-309,1486,SCOPUS_ID:0029888495,10.1093/oxfordjournals.aje.a008711,Prognostic indices for mortality of hospitalized children in Central Africa,American Journal Of Epidemiology,1996,Other/None,Cohort,Cohort,Other/None,Cohort,Cohort,FALSE,FALSE,FALSE,FALSE,FALSE,child; hospitals; malnutrition; mortality; ROC curve,,,TRUE,0.61,TRUE,yes,0.73,0.46,1669,50,7.0098e-5,319.082,,typesafe/jev-1.13-20260917,gen-dec-1789843840-bHwutWuMKcJCwlmHExpt,,1d16b25dcca8,2026-09-19T18:50:44+0000
309,DES-310,11721,SCOPUS_ID:85075023453,10.1016/j.amepre.2019.07.016,Part II: A Qualitative Study of Social Risk Screening Acceptability in Patients and Caregivers,American Journal Of Preventive Medicine,2019,Qualitative,Other/None,Qualitative,Other/None,Qualitative,Qualitative,FALSE,FALSE,FALSE,FALSE,FALSE,,,,TRUE,0.26,FALSE,no,0.17,0.66,1717,50,7.2114e-5,555.079,,typesafe/jev-1.13-20260917,gen-dec-1789843840-F6SgJly18GsdruRgReyB,,1d16b25dcca8,2026-09-19T18:50:44+0000
310,DES-311,5487,SCOPUS_ID:84862504913,10.1093/aje/kwr465,Role of tobacco use in the etiology of acoustic neuroma,American Journal Of Epidemiology,2012,Other/None,Case-control,Case-control,Other/None,Case-control,Case-control,FALSE,FALSE,FALSE,FALSE,FALSE,Acoustic neuroma; Cigarette smoking; Smoking; Snuff; Snus; Swedish snuff; Tobacco; Vestibular schwannoma,,,TRUE,0.03,FALSE,no,0,1,1663,50,6.9846e-5,301.425,,typesafe/jev-1.13-20260917,gen-dec-1789843840-1cz6mBCvf6O1MN89jU70,,1d16b25dcca8,2026-09-19T18:50:44+0000
311,DES-312,23152,SCOPUS_ID:84923939061,10.1097/ede.0000000000000236,"Framing air pollution epidemiology in terms of population interventions, with applications to multipollutant modeling",Epidemiology,2015,Other/None,Ecological / Time-series,Ecological / Time-series,Other/None,Ecological / Time-series,Ecological / Time-series,FALSE,FALSE,FALSE,FALSE,FALSE,,,,TRUE,0.16,FALSE,no,0.05,0.9,1716,50,7.2072e-5,395.038,,typesafe/jev-1.13-20260917,gen-dec-1789843840-hB0vWi5oPv1IrcSCLu47,,1d16b25dcca8,2026-09-19T18:50:44+0000
312,DES-313,444,SCOPUS_ID:0027533085,10.1093/oxfordjournals.aje.a116464,A case-control study of the risk of breast cancer in relation to oral contraceptive use,American Journal Of Epidemiology,1992,Case-control,Case-control,Case-control,Other/None,Case-control,Case-control,FALSE,FALSE,FALSE,FALSE,FALSE,"Breast neoplasms; Contraceptives, oral",,,TRUE,0.04,FALSE,no,0,1,1684,50,7.0728e-5,302.873,,typesafe/jev-1.13-20260917,gen-dec-1789843840-YYKNHiMGgn2d2e7bbJYv,,1d16b25dcca8,2026-09-19T18:50:44+0000
313,DES-314,34333,SCOPUS_ID:85145341571,10.1093/ije/dyac188,Impact of Brazil's Bolsa Família Programme on cardiovascular and all-cause mortality: a natural experiment study using the 100 Million Brazilian Cohort,International Journal Of Epidemiology,2022,Quasi-experimental,Other/None,Quasi-experimental,Other/None,Quasi-experimental,Quasi-experimental,FALSE,TRUE,FALSE,TRUE,FALSE,Bolsa Família Programme; Cardiovascular disease; conditional cash transfer; Family Health Strategy; mortality,,,TRUE,0.05,FALSE,no,0,1,1860,50,7.812e-5,317.304,,typesafe/jev-1.13-20260917,gen-dec-1789843840-Oazg06EGwi4Ay9ouZMhl,,1d16b25dcca8,2026-09-19T18:50:44+0000
314,DES-315,41034,SCOPUS_ID:2942752236,10.1016/j.ypmed.2004.03.024,Where's Maria? A video to increase awareness about breast cancer and mammography screening among low-literacy Latinas,Preventive Medicine,2004,Other/None,Qualitative,Qualitative,Other/None,Qualitative,Qualitative,FALSE,FALSE,FALSE,FALSE,FALSE,Breast cancer; Cancer control; Health education; Hispanic; Mammography,,,TRUE,0.08,FALSE,no,0.01,0.99,1632,50,6.8544e-5,232.472,,typesafe/jev-1.13-20260917,gen-dec-1789843840-V9S0YnLw1Y8SNXjqCqLC,,1d16b25dcca8,2026-09-19T18:50:44+0000
315,DES-316,2104,SCOPUS_ID:0033231245,10.1093/oxfordjournals.aje.a010098,Risk factors for coronary heart disease in African American women,American Journal Of Epidemiology,1999,Other/None,Other/None,Other/None,Experimental,Experimental,Experimental,FALSE,FALSE,FALSE,FALSE,FALSE,Blacks; Coronary disease; Myocardial infarction; Risk factors; Women,,,TRUE,0.03,FALSE,no,0,1,1618,50,6.7956e-5,350.59200000000004,,typesafe/jev-1.13-20260917,gen-dec-1789843840-rhWiZZQ30bE0poOg8T64,,1d16b25dcca8,2026-09-19T18:50:44+0000
316,DES-317,42860,SCOPUS_ID:84944449004,10.1016/j.ypmed.2014.07.041,The cost-effectiveness of installing sidewalks to increase levels of transport-walking and health,Preventive Medicine,2014,Other/None,Other/None,Other/None,Other/None,Other/None,Other/None,FALSE,TRUE,TRUE,FALSE,FALSE,Active transportation; Built environment; Economic analysis; Physical activity; Public health,,,TRUE,0.75,TRUE,yes,0.85,0.69,1696,50,7.1232e-5,280.839,,typesafe/jev-1.13-20260917,gen-dec-1789843840-Uxkx7DOjVWW2mH9udeAn,,1d16b25dcca8,2026-09-19T18:50:44+0000
317,DES-318,42544,SCOPUS_ID:84855507957,10.1016/j.ypmed.2011.10.017,Understanding the potential and challenges of adenoma treatment as a prevention opportunity: Insights from the BeWEL formative study,Preventive Medicine,2012,Other/None,Qualitative,Qualitative,Qualitative,Qualitative,Qualitative,FALSE,FALSE,FALSE,FALSE,TRUE,Adenoma; Cancer screening; Focus groups; Intervention; Lifestyle; Polyps; Prevention; Qualitative research,,,TRUE,0.84,TRUE,yes,0.98,0.95,1639,50,6.8838e-5,284.998,,typesafe/jev-1.13-20260917,gen-dec-1789843840-XfTv2yNeyPgeNV6DQSA8,,1d16b25dcca8,2026-09-19T18:50:44+0000
318,DES-319,9610,SCOPUS_ID:70450208082,10.1016/j.amepre.2009.08.023,A Culturally Adapted Physical Activity Intervention for Latinas. A Randomized Controlled Trial,American Journal Of Preventive Medicine,2009,Experimental,Other/None,Experimental,Other/None,Experimental,Experimental,FALSE,FALSE,FALSE,FALSE,FALSE,,,,TRUE,0.31,FALSE,no,0.25,0.5,1870,50,7.854e-5,254.048,,typesafe/jev-1.13-20260917,gen-dec-1789843840-lHEWa8M7tNBB3XMv223J,,1d16b25dcca8,2026-09-19T18:50:44+0000
319,DES-320,24745,SCOPUS_ID:0035723975,10.1023/a:1014568930992,Evaluation of community-wide interventions: The ecologic case-referent study design,European Journal Of Epidemiology,2001,Other/None,Experimental,Experimental,Other/None,Experimental,Experimental,FALSE,FALSE,FALSE,FALSE,FALSE,Ecologic case-referent study design; Effect evaluation; Evidence based medicine; Health services research,,,TRUE,0.06,FALSE,no,0,1,1576,50,6.6192e-5,389.683,,typesafe/jev-1.13-20260917,gen-dec-1789843840-kzkRR3m2aSlRg17poBpF,,1d16b25dcca8,2026-09-19T18:50:44+0000
320,DES-321,11055,SCOPUS_ID:84990233434,10.1016/j.amepre.2016.02.020,The Physical Activity 4 Everyone Cluster Randomized Trial: 2-Year Outcomes of a School Physical Activity Intervention Among Adolescents,American Journal Of Preventive Medicine,2016,Experimental,Experimental,Experimental,Other/None,Experimental,Experimental,FALSE,FALSE,FALSE,FALSE,FALSE,,,,TRUE,0.33,FALSE,no,0.28,0.45,1857,50,7.7994e-5,275.518,,typesafe/jev-1.13-20260917,gen-dec-1789843840-IYe9A8FFJbAbYdM7zZ32,,1d16b25dcca8,2026-09-19T18:50:44+0000
321,DES-322,38246,SCOPUS_ID:85074737382,10.1136/jech-2019-212256,Cardiometabolic health in adolescence and its association with educational outcomes,Journal Of Epidemiology And Community Health,2019,Other/None,Other/None,Other/None,Other/None,Other/None,Other/None,FALSE,FALSE,FALSE,FALSE,FALSE,adolescents cg; cardiovascular disease; cognition; health promotion,,,TRUE,0.03,FALSE,no,0,1,1861,50,7.8162e-5,287.36899999999997,,typesafe/jev-1.13-20260917,gen-dec-1789843840-vfsZ3n2tivuhpIhSYAoK,,1d16b25dcca8,2026-09-19T18:50:44+0000
322,DES-323,45495,SCOPUS_ID:85159234133,10.1016/j.ypmed.2023.107543,"Do age-based discontinuation recommendations influence cervical cancer screening rates? Evidence from the United States' Behavioral Risk Factor Surveillance System, 2016 and 2018",Preventive Medicine,2023,Other/None,Quasi-experimental,Quasi-experimental,Other/None,Quasi-experimental,Quasi-experimental,FALSE,TRUE,FALSE,TRUE,FALSE,Age discontinuation recommendations; Cancer screening; Cervical cancer; Healthcare disparities; Older adults; Papinicolaou test; Practice guideline; Preventive health services; USPSTF,,,TRUE,0.1,FALSE,no,0.01,0.99,1778,50,7.4676e-5,237.31199999999998,,typesafe/jev-1.13-20260917,gen-dec-1789843840-VcySOcPMRnO2TKbHDIas,,1d16b25dcca8,2026-09-19T18:50:44+0000
323,DES-324,36726,SCOPUS_ID:70349446498,10.1136/jech.2008.082438,Marital status and survival following bladder cancer,Journal Of Epidemiology And Community Health,2009,Other/None,Other/None,Other/None,Other/None,Other/None,Other/None,FALSE,FALSE,FALSE,FALSE,FALSE,,,,TRUE,0.04,FALSE,no,0,1,1659,50,6.9678e-5,287.80400000000003,,typesafe/jev-1.13-20260917,gen-dec-1789843840-nhPzziwUklXms1du07re,,1d16b25dcca8,2026-09-19T18:50:44+0000
324,DES-325,18988,SCOPUS_ID:84904312856,10.2105/ajph.2014.301894,Impact of texting laws on motor vehicular fatalities in the united states,American Journal Of Public Health,2014,Other/None,Quasi-experimental,Quasi-experimental,Other/None,Quasi-experimental,Quasi-experimental,FALSE,TRUE,FALSE,TRUE,FALSE,,,,TRUE,0.05,FALSE,no,0,1,1510,50,6.342e-5,288.783,,typesafe/jev-1.13-20260917,gen-dec-1789843840-oGJ8WyOI9pPkjgp7IxKD,,1d16b25dcca8,2026-09-19T18:50:44+0000
325,DES-326,38616,SCOPUS_ID:85095578636,10.1136/jech-2020-214089,"Impact of law enforcement-related deaths of unarmed black New Yorkers on emergency department rates, New York 2013-2016",Journal Of Epidemiology And Community Health,2021,Other/None,Quasi-experimental,Quasi-experimental,Other/None,Quasi-experimental,Quasi-experimental,FALSE,TRUE,FALSE,TRUE,FALSE,Access to hlth care; Health services; Policy,,,TRUE,0.14,FALSE,no,0.02,0.97,1717,50,7.2114e-5,241.674,,typesafe/jev-1.13-20260917,gen-dec-1789843840-WDatS0VPOjidFLQrKhW6,,1d16b25dcca8,2026-09-19T18:50:44+0000
326,DES-327,36503,SCOPUS_ID:34147219243,10.1136/jech.2006.046078,Health-related beliefs and experiences of Gypsies and Travellers: A qualitative study,Journal Of Epidemiology And Community Health,2007,Qualitative,Qualitative,Qualitative,Other/None,Qualitative,Qualitative,FALSE,FALSE,FALSE,FALSE,TRUE,,,,TRUE,0.91,TRUE,yes,0.99,0.99,1650,50,6.93e-5,325.34999999999997,,typesafe/jev-1.13-20260917,gen-dec-1789843840-H8tZy8ILSi6CrCaYHSrd,,1d16b25dcca8,2026-09-19T18:50:44+0000
327,DES-328,9189,SCOPUS_ID:33748476393,10.1016/j.amepre.2006.06.019,Translating Effective Clinic-Based Physical Activity Interventions into Practice,American Journal Of Preventive Medicine,2006,Other/None,Other/None,Other/None,Other/None,Other/None,Other/None,FALSE,FALSE,FALSE,FALSE,FALSE,,,,TRUE,0.1,FALSE,no,0.01,0.98,1467,50,6.1614e-5,368.272,,typesafe/jev-1.13-20260917,gen-dec-1789843840-1JQYOR0xBGJKVzp1B7hg,,1d16b25dcca8,2026-09-19T18:50:44+0000
328,DES-329,43829,SCOPUS_ID:85014529712,10.1016/j.ypmed.2016.11.029,Introduction of molecular HPV testing as the primary technology in cervical cancer screening: Acting on evidence to change the current paradigm,Preventive Medicine,2017,Other/None,Experimental,Experimental,Other/None,Experimental,Experimental,FALSE,FALSE,FALSE,FALSE,TRUE,Cervical cancer; HPV testing; Screening,,,TRUE,0.94,TRUE,yes,0.99,0.99,1635,50,6.867e-5,250.174,,typesafe/jev-1.13-20260917,gen-dec-1789843841-lRbcirzVgVSJBQwXIXnA,,1d16b25dcca8,2026-09-19T18:50:44+0000
329,DES-330,33698,SCOPUS_ID:85061056409,10.1093/ije/dyy108,"Susceptibility to price discounting of soda by neighbourhood educational status: An ecological analysis of disparities in soda consumption using point-of-purchase transaction data in Montreal, Canada",International Journal Of Epidemiology,2018,Ecological / Time-series,Ecological / Time-series,Ecological / Time-series,Other/None,Ecological / Time-series,Ecological / Time-series,FALSE,FALSE,FALSE,FALSE,TRUE,Food marketing; Obesity and overweight; Price discounting; Public health nutrition; Soda; Transaction data,,,TRUE,0.93,TRUE,yes,0.99,0.97,1767,50,7.4214e-5,262.354,,typesafe/jev-1.13-20260917,gen-dec-1789843841-LtcFiBf5Nzb6FFDGmEH2,,1d16b25dcca8,2026-09-19T18:50:44+0000
330,DES-331,258,SCOPUS_ID:0026039059,10.1093/oxfordjournals.aje.a116144,Using dead controls to adjust for confounders in case-control studies,American Journal Of Epidemiology,1991,Other/None,Case-control,Case-control,Case-control,Case-control,Case-control,TRUE,TRUE,FALSE,TRUE,FALSE,Case-control studies; Epidemiologic methods; Retrospective studies; Statistics,,,TRUE,0.16,FALSE,no,0.07,0.87,1452,50,6.0984e-5,383.363,,typesafe/jev-1.13-20260917,gen-dec-1789843841-uvOVdQq7wZugFUB8H2v7,,1d16b25dcca8,2026-09-19T18:50:44+0000
331,DES-332,45683,SCOPUS_ID:85195393676,10.1016/j.ypmed.2024.108032,"Loneliness and its cross-sectional associations with health, health behaviours, and perceptions in Finnish patients with overweight or obesity taking part in the Healthy Weight Coaching",Preventive Medicine,2024,Other/None,Experimental,Experimental,Other/None,Experimental,Experimental,FALSE,FALSE,FALSE,FALSE,FALSE,Digital weight loss intervention; Health; Health behaviours; Healthcare resource utilization; Loneliness; Perceptions,,,TRUE,0.04,FALSE,no,0,1,1911,50,8.0262e-5,413.76099999999997,,typesafe/jev-1.13-20260917,gen-dec-1789843841-YSxk9YwptrkUZWYOlLHo,,1d16b25dcca8,2026-09-19T18:50:44+0000
332,DES-333,35936,SCOPUS_ID:0036144774,10.1136/jech.56.1.36,"Indicators of deprivation, voting patterns, and health status at area level in the Republic of Ireland",Journal Of Epidemiology And Community Health,2002,Other/None,Ecological / Time-series,Ecological / Time-series,Other/None,Ecological / Time-series,Ecological / Time-series,FALSE,FALSE,FALSE,FALSE,FALSE,,,,TRUE,0.07,FALSE,no,0.01,0.98,2177,50,9.1434e-5,298.064,,typesafe/jev-1.13-20260917,gen-dec-1789843841-YY0Tm76aa5sey4SnqOGb,,1d16b25dcca8,2026-09-19T18:50:44+0000
333,DES-334,26862,SCOPUS_ID:0000517489,10.1093/eurpub/5.3.215,Dilemmas in sickness certification among Swedish physicians,European Journal Of Public Health,1995,Other/None,Qualitative,Qualitative,Other/None,Qualitative,Qualitative,FALSE,FALSE,FALSE,FALSE,TRUE,Critical incident technique; Physicians; Sickness certification; Sickness insurance system,,,TRUE,0.94,TRUE,yes,1,1,1642,50,6.8964e-5,278.877,,typesafe/jev-1.13-20260917,gen-dec-1789843841-GahDkJ5gDMkQ6ulxJ1MI,,1d16b25dcca8,2026-09-19T18:50:44+0000
334,DES-335,7578,SCOPUS_ID:85128160634,10.1093/aje/kwab289,Impact of Racial Categorization on Effect Estimates: An HIV Stigma Analysis,American Journal Of Epidemiology,2022,Other/None,Other/None,Other/None,Other/None,Other/None,Other/None,FALSE,FALSE,FALSE,FALSE,FALSE,HIV; multiracial categorization; race factors; racism; regression analysis; stigma,,,TRUE,0.06,FALSE,no,0,1,1635,50,6.867e-5,405.904,,typesafe/jev-1.13-20260917,gen-dec-1789843841-hJH3jxdGtL2aNyCkHjWB,,1d16b25dcca8,2026-09-19T18:50:44+0000
335,DES-336,18390,SCOPUS_ID:84888248528,10.2105/ajph.2013.301307,When health insurance is not a factor: National comparison of homeless and nonhomeless US veterans who use veterans affairs emergency departments,American Journal Of Public Health,2013,Other/None,Cross-sectional,Cross-sectional,Other/None,Cross-sectional,Cross-sectional,FALSE,FALSE,FALSE,FALSE,TRUE,,,,TRUE,0.87,TRUE,yes,0.99,0.97,1691,50,7.1022e-5,271.731,,typesafe/jev-1.13-20260917,gen-dec-1789843841-NamzOPg40J2ibKFSe16c,,1d16b25dcca8,2026-09-19T18:50:44+0000
336,DES-337,6713,SCOPUS_ID:85054224561,10.1093/aje/kwy126,Combining a Food Frequency Questionnaire with 24-Hour Recalls to Increase the Precision of Estimation of Usual Dietary Intakes-Evidence from the Validation Studies Pooling Project,American Journal Of Epidemiology,2018,Other/None,Other/None,Other/None,Cohort,Cohort,Cohort,FALSE,FALSE,FALSE,FALSE,FALSE,cohort studies; dietary measurement; energy; measurement error; potassium; protein; recovery biomarkers; sodium,,,TRUE,0.03,FALSE,no,0,1,1743,50,7.3206e-5,272.029,,typesafe/jev-1.13-20260917,gen-dec-1789843841-bQRh3WMiIsCxgbJUjWVw,,1d16b25dcca8,2026-09-19T18:50:44+0000
337,DES-338,5931,SCOPUS_ID:84907368344,10.1093/aje/kwu148,Inverse association of plasma vanadium levels with newly diagnosed type 2 diabetes in a Chinese population,American Journal Of Epidemiology,2014,Other/None,Case-control,Case-control,Other/None,Case-control,Case-control,FALSE,FALSE,FALSE,FALSE,FALSE,Diabetes mellitus; Trace elements; Type 2; Vanadium,,,TRUE,0.03,FALSE,no,0,1,1648,50,6.9216e-5,357.178,,typesafe/jev-1.13-20260917,gen-dec-1789843841-dzLsTxIFFBpcQsupsEen,,1d16b25dcca8,2026-09-19T18:50:44+0000
338,DES-339,3557,SCOPUS_ID:0345737128,10.1093/aje/kwg250,Flexible Matching in Case-Control Studies of Gene-Environment Interactions,American Journal Of Epidemiology,2004,Other/None,Case-control,Case-control,Case-control,Case-control,Case-control,TRUE,TRUE,FALSE,TRUE,FALSE,Case-control studies; Epidemiologic methods; Interaction; Research design; Statistics,,,TRUE,0.03,FALSE,no,0,1,1448,50,6.0816e-5,282.67900000000003,,typesafe/jev-1.13-20260917,gen-dec-1789843841-wxeFqn2CiZJ1TeuBbP8s,,1d16b25dcca8,2026-09-19T18:50:44+0000
339,DES-340,25971,SCOPUS_ID:84926372408,10.1007/s10654-015-9998-4,Challenges in conducting genome-wide association studies in highly admixed multi-ethnic populations: the Generation R Study,European Journal Of Epidemiology,2015,Other/None,Cohort,Cohort,Other/None,Cohort,Cohort,FALSE,FALSE,FALSE,FALSE,FALSE,Admixed population; Genome-wide association studies; Genomic imputation; Multiethnic study; Quality control GWAS,,,TRUE,0.03,FALSE,no,0,1,1508,50,6.3336e-5,457.412,,typesafe/jev-1.13-20260917,gen-dec-1789843841-wbXtOWsCCEwDfOg5wLF0,,1d16b25dcca8,2026-09-19T18:50:44+0000
340,DES-341,30604,SCOPUS_ID:0028166459,10.1093/ije/23.5.1050,Community-based hygiene education to reduce diarrhoeal disease in rural Zaire: Impact of the intervention on diarrhoeal morbidity,International Journal Of Epidemiology,1994,Other/None,Experimental,Experimental,Other/None,Experimental,Experimental,FALSE,FALSE,FALSE,FALSE,FALSE,,,,TRUE,0.31,FALSE,no,0.18,0.64,1824,50,7.6608e-5,281.197,,typesafe/jev-1.13-20260917,gen-dec-1789843841-UyTa76FEalZgTkDiBj9g,,1d16b25dcca8,2026-09-19T18:50:44+0000
341,DES-342,2390,SCOPUS_ID:0034307353,10.1093/aje/152.7.633,Visual impairment and risk of hip fracture,American Journal Of Epidemiology,2000,Other/None,Case-control,Case-control,Other/None,Case-control,Case-control,FALSE,FALSE,FALSE,FALSE,TRUE,Accidental falls; Aged; Depth perception; Hip fractures; Vision; Visual acuity; Visually impaired persons,,,TRUE,0.82,TRUE,yes,0.95,0.9,1740,50,7.308e-5,271.002,,typesafe/jev-1.13-20260917,gen-dec-1789843841-wokuN9sYW2ZUe4izUiOT,,1d16b25dcca8,2026-09-19T18:50:44+0000
342,DES-343,19604,SCOPUS_ID:84921845812,10.2105/ajph.2014.302284,Rumors and realities: Making sense of HIV/AIDS conspiracy narratives and contemporary legends,American Journal Of Public Health,2015,Other/None,Other/None,Other/None,Other/None,Other/None,Other/None,FALSE,FALSE,FALSE,FALSE,TRUE,,,,TRUE,0.96,TRUE,yes,1,1,1482,50,6.2244e-5,285.06,,typesafe/jev-1.13-20260917,gen-dec-1789843841-MtpMmSeethnNUvliHasp,,1d16b25dcca8,2026-09-19T18:50:44+0000
343,DES-344,25817,SCOPUS_ID:84884291326,10.1007/s10654-013-9813-z,Influenza H1N1 vaccination and adverse pregnancy outcome,European Journal Of Epidemiology,2013,Other/None,Cohort,Cohort,Other/None,Cohort,Cohort,FALSE,FALSE,FALSE,FALSE,FALSE,Child; H1N1; Immunization; Influenza; Pregnancy; Preterm birth; Small-for-gestational-age; Vaccination,,,TRUE,0.07,FALSE,no,0.01,0.99,1823,50,7.6566e-5,273.30199999999996,,typesafe/jev-1.13-20260917,gen-dec-1789843841-6hAwzQ6VgEErZn9BvZpL,,1d16b25dcca8,2026-09-19T18:50:44+0000
344,DES-345,27576,SCOPUS_ID:34047197668,10.1093/eurpub/ckl097,'It's interesting how few people die from smoking': Tobacco industry efforts to minimize risk and discredit health promotion,European Journal Of Public Health,2007,Other/None,Qualitative,Qualitative,Other/None,Qualitative,Qualitative,FALSE,FALSE,FALSE,FALSE,FALSE,Mass media; Smoking cessation; Tobacco industry,,,TRUE,0.07,FALSE,no,0,0.99,1697,50,7.1274e-5,428.16900000000004,,typesafe/jev-1.13-20260917,gen-dec-1789843841-useIOd4zJhAjAkOoi3a9,,1d16b25dcca8,2026-09-19T18:50:44+0000
345,DES-346,34023,SCOPUS_ID:85100358342,10.1093/ije/dyaa133,Maternal life and work stressors during pregnancy and asthma in offspring,International Journal Of Epidemiology,2020,Other/None,Cohort,Cohort,Other/None,Cohort,Cohort,FALSE,FALSE,FALSE,FALSE,FALSE,bereavement; childhood asthma; job-exposure matrix; Negative life events; occupational exposure; stress,,,TRUE,0.03,FALSE,no,0,1,1645,50,6.909e-5,605.8580000000001,,typesafe/jev-1.13-20260917,gen-dec-1789843841-BQQM2YTMZwgkmOkK8BAK,,1d16b25dcca8,2026-09-19T18:50:44+0000
346,DES-347,45354,SCOPUS_ID:85166343792,10.1016/j.ypmed.2023.107645,US state laws relevant to incentives for health behavior: A qualitative analysis,Preventive Medicine,2023,Qualitative,Other/None,Qualitative,Other/None,Qualitative,Qualitative,FALSE,FALSE,FALSE,FALSE,TRUE,Contingency management; Health behavior; Health legislation; Incentive; Laws and statutes; Substance use disorder; Wellness programs,,,TRUE,0.94,TRUE,yes,1,0.99,1646,50,6.9132e-5,595.7249999999999,,typesafe/jev-1.13-20260917,gen-dec-1789843841-lZbxdqSNqKfQSmFt3Qhv,,1d16b25dcca8,2026-09-19T18:50:44+0000
347,DES-348,9317,SCOPUS_ID:36048983381,10.1016/j.amepre.2007.09.013,Smoking Cessation. A Critical Component of Medical Management in Chronic Disease Populations,American Journal Of Preventive Medicine,2007,Other/None,Other/None,Other/None,Other/None,Other/None,Other/None,FALSE,FALSE,FALSE,FALSE,FALSE,,,,TRUE,0.07,FALSE,no,0,1,1563,50,6.5646e-5,257.351,,typesafe/jev-1.13-20260917,gen-dec-1789843841-Z0ykYDgj3U3H7emQayFx,,1d16b25dcca8,2026-09-19T18:50:44+0000
348,DES-349,40065,SCOPUS_ID:0344609326,10.1006/pmed.1998.0370,A randomized community trial to increase mammography utilization among low-income women living in public housing,Preventive Medicine,1998,Other/None,Experimental,Experimental,Other/None,Experimental,Other/None,FALSE,FALSE,FALSE,FALSE,FALSE,Breast neoplasms; Cancer; Health behavior; Intervention studies; Mammography; Mass screening; Poverty; Public housing,,,TRUE,0.27,FALSE,no,0.17,0.65,1597,50,6.7074e-5,296.624,,typesafe/jev-1.13-20260917,gen-dec-1789843841-wQjxkYsyq5Ts6wrPEtZJ,,1d16b25dcca8,2026-09-19T18:50:44+0000
349,DES-350,4907,SCOPUS_ID:77958111908,10.1093/aje/kwq226,"Maternal alcohol consumption, alcohol metabolism genes, and the risk of oral clefts: A population-based case-control study in Norway, 1996-2001",American Journal Of Epidemiology,2010,Case-control,Case-control,Case-control,Other/None,Case-control,Case-control,FALSE,FALSE,FALSE,FALSE,FALSE,alcohol drinking; alcoholic beverages; cleft lip; cleft palate; genetic research; maternal exposure; pregnancy,,,TRUE,0.03,FALSE,no,0,1,1701,50,7.1442e-5,396.517,,typesafe/jev-1.13-20260917,gen-dec-1789843841-v8umljFUZjyNZejjHkX6,,1d16b25dcca8,2026-09-19T18:50:44+0000
350,DES-351,10623,SCOPUS_ID:84906303468,10.1016/j.amepre.2014.05.021,Experiences and wisdom behind the numbers: Qualitative analysis of the national action alliance for suicide prevention's research prioritization task force stakeholder survey,American Journal Of Preventive Medicine,2014,Qualitative,Qualitative,Qualitative,Other/None,Qualitative,Qualitative,FALSE,FALSE,FALSE,FALSE,FALSE,,,,TRUE,0.1,FALSE,no,0.02,0.96,1706,50,7.1652e-5,314.87,,typesafe/jev-1.13-20260917,gen-dec-1789843841-MDR5iEgINnlwcSIY39lg,,1d16b25dcca8,2026-09-19T18:50:44+0000
351,DES-352,742,SCOPUS_ID:0027443408,10.1093/oxfordjournals.aje.a116885,"Long-term risk of hysterectomy among 80,007 sterilized and comparison women at kaiser permanente, 1971-1987",American Journal Of Epidemiology,1993,Other/None,Other/None,Other/None,Cohort,Cohort,Cohort,FALSE,FALSE,FALSE,FALSE,FALSE,"Cohort studies; Health maintenance organizations; Hysterectomy; Longitudinal studies; Sterilization, tubal",,,TRUE,0.03,FALSE,no,0,1,1715,50,7.203e-5,289.351,,typesafe/jev-1.13-20260917,gen-dec-1789843841-DYrZLPdkICdxDtrXdeMt,,1d16b25dcca8,2026-09-19T18:50:44+0000
352,DES-353,24417,SCOPUS_ID:0032804298,10.1023/a:1007594911541,Influenza vaccines: Antibody responses to split virus and MF59- adjuvanted subunit virus in an adult population,European Journal Of Epidemiology,1999,Other/None,Other/None,Other/None,Other/None,Other/None,Other/None,FALSE,FALSE,FALSE,FALSE,FALSE,Adjuvant; Immune response; Influenza; Vaccination,,,TRUE,0.03,FALSE,no,0,1,1587,50,6.6654e-5,265.386,,typesafe/jev-1.13-20260917,gen-dec-1789843841-6saAPdsGcNGhLQfGBfBN,,1d16b25dcca8,2026-09-19T18:50:44+0000
353,DES-354,9983,SCOPUS_ID:80053330684,10.1016/j.amepre.2011.06.003,Integration of community health teaching in the undergraduate medicine curriculum at the University of Toronto,American Journal Of Preventive Medicine,2011,Other/None,Ecological / Time-series,Ecological / Time-series,Other/None,Ecological / Time-series,Ecological / Time-series,FALSE,FALSE,FALSE,FALSE,FALSE,,,,TRUE,0.1,FALSE,no,0.01,0.98,1667,50,7.0014e-5,324.348,,typesafe/jev-1.13-20260917,gen-dec-1789843841-ppG84b8RPk5Ew2O6oRFe,,1d16b25dcca8,2026-09-19T18:50:44+0000
354,DES-355,17876,SCOPUS_ID:81555196091,10.2105/ajph.2011.300263,An innovative method to involve community health workers as partners in evaluation research,American Journal Of Public Health,2011,Other/None,Qualitative,Qualitative,Other/None,Qualitative,Qualitative,FALSE,FALSE,FALSE,FALSE,FALSE,,,,TRUE,0.18,FALSE,no,0.06,0.87,1560,50,6.552e-5,259.35999999999996,,typesafe/jev-1.13-20260917,gen-dec-1789843841-BZwQksQSXAsGH0bdcgLN,,1d16b25dcca8,2026-09-19T18:50:44+0000
355,DES-356,39226,SCOPUS_ID:85111300048,10.1016/s2468-2667(21)00052-9,Impact of minimum unit pricing on alcohol purchases in Scotland and Wales: controlled interrupted time series analyses,The Lancet Public Health,2021,Quasi-experimental,Quasi-experimental,Quasi-experimental,Other/None,Quasi-experimental,Other/None,FALSE,TRUE,FALSE,TRUE,TRUE,,,,TRUE,0.98,TRUE,yes,1,1,2006,50,8.4252e-5,278.075,,typesafe/jev-1.13-20260917,gen-dec-1789843841-NbeaGeGKdOX1LB6ND8wG,,1d16b25dcca8,2026-09-19T18:50:44+0000
356,DES-357,1045,SCOPUS_ID:0028267147,10.1093/oxfordjournals.aje.a117077,Nonresponse pattern and bias in a community-based cross-sectional study of cognitive functioning among the elderly,American Journal Of Epidemiology,1994,Cross-sectional,Cross-sectional,Cross-sectional,Cross-sectional,Cross-sectional,Cross-sectional,TRUE,TRUE,FALSE,TRUE,FALSE,Aged; Cognition; Cross-sectional studies; Epidemiologic methods; Family practice,,,TRUE,0.07,FALSE,no,0,0.99,1756,50,7.3752e-5,346.435,,typesafe/jev-1.13-20260917,gen-dec-1789843842-s6id4hvR0A4YDFMCCIFA,,1d16b25dcca8,2026-09-19T18:50:44+0000
357,DES-358,27392,SCOPUS_ID:20644470941,10.1093/eurpub/cki102,How is your health in general? A qualitative study on self-assessed health,European Journal Of Public Health,2005,Qualitative,Qualitative,Qualitative,Qualitative,Qualitative,Qualitative,FALSE,FALSE,FALSE,FALSE,FALSE,Qualitative study; Selfassessed health; Stratified sample; Subgroup differences,,,TRUE,0.03,FALSE,no,0,1,1723,50,7.2366e-5,297.507,,typesafe/jev-1.13-20260917,gen-dec-1789843842-c3CWD6ybc2bMbhia1QBB,,1d16b25dcca8,2026-09-19T18:50:44+0000
358,DES-359,11258,SCOPUS_ID:85021341801,10.1016/j.amepre.2017.04.014,Recent Patterns in Genetic Testing for Breast and Ovarian Cancer Risk in the U.S.,American Journal Of Preventive Medicine,2017,Other/None,Quasi-experimental,Quasi-experimental,Other/None,Quasi-experimental,Quasi-experimental,FALSE,TRUE,FALSE,TRUE,TRUE,,,,TRUE,0.81,TRUE,yes,0.87,0.74,1658,50,6.9636e-5,284.454,,typesafe/jev-1.13-20260917,gen-dec-1789843842-kl14xQZnaN6vRjnW7ulZ,,1d16b25dcca8,2026-09-19T18:50:44+0000
359,DES-360,543,SCOPUS_ID:0026657505,10.1093/oxfordjournals.aje.a116520,Efficiency loss from categorizing quantitative exposures into qualitative exposures in case-control studies,American Journal Of Epidemiology,1992,Other/None,Qualitative,Qualitative,Case-control,Qualitative,Qualitative,TRUE,TRUE,FALSE,TRUE,FALSE,Case-control studies; Epidemiologic methods; Models; Odds ratio; Statistical; Statistics,,,TRUE,0.12,FALSE,no,0.08,0.84,1778,50,7.4676e-5,285.048,,typesafe/jev-1.13-20260917,gen-dec-1789843842-MKOjH4aI9eidhHx1Bjsr,,1d16b25dcca8,2026-09-19T18:50:44+0000
360,DES-361,42318,SCOPUS_ID:79954594076,10.1016/j.ypmed.2011.03.010,A feasibility study of a personalised lifestyle programme (HealthForce) for individuals who have participated in cardiovascular risk screening,Preventive Medicine,2011,Other/None,Experimental,Experimental,Other/None,Experimental,Experimental,FALSE,FALSE,FALSE,FALSE,FALSE,Cardiovascular screening; Feasibility study; Intervention; Obesity; Weight management,,,TRUE,0.05,FALSE,no,0,1,1695,50,7.119e-5,268.626,,typesafe/jev-1.13-20260917,gen-dec-1789843842-w1qBPyf414dbfBO4msUf,,1d16b25dcca8,2026-09-19T18:50:44+0000
361,DES-362,22236,SCOPUS_ID:17844375458,10.1097/01.ede.0000158742.11877.99,Influence of body size and body fat distribution on risk of uterine leiomyomata in U.S. black women,Epidemiology,2005,Other/None,Cohort,Cohort,Other/None,Cohort,Cohort,FALSE,FALSE,FALSE,FALSE,FALSE,,,,TRUE,0.02,FALSE,no,0,1,1906,50,8.0052e-5,248.159,,typesafe/jev-1.13-20260917,gen-dec-1789843842-aOqG0hWxNcMmh5cDxsVe,,1d16b25dcca8,2026-09-19T18:50:44+0000
362,DES-363,38861,SCOPUS_ID:85164409882,10.1136/jech-2022-219654,Could diabetes prevention programmes result in the widening of sociodemographic inequalities in type 2 diabetes? Comparison of survey and administrative data for England,Journal Of Epidemiology And Community Health,2023,Other/None,Cohort,Cohort,Other/None,Cohort,Cohort,FALSE,FALSE,FALSE,FALSE,TRUE,diabetes mellitus; health inequalities; prevention; primary health care,,,TRUE,0.97,TRUE,yes,1,1,1917,50,8.0514e-5,309.423,,typesafe/jev-1.13-20260917,gen-dec-1789843842-ycQv7qGFunzfwASA0cpq,,1d16b25dcca8,2026-09-19T18:50:44+0000
363,DES-364,16939,SCOPUS_ID:35748940993,10.2105/ajph.2006.094615,Motorcycle safety and the repeal of universal helmet laws,American Journal Of Public Health,2007,Other/None,Ecological / Time-series,Ecological / Time-series,Other/None,Ecological / Time-series,Ecological / Time-series,FALSE,FALSE,FALSE,FALSE,FALSE,,,,TRUE,0.74,TRUE,yes,0.75,0.49,1587,50,6.6654e-5,243.695,,typesafe/jev-1.13-20260917,gen-dec-1789843842-EOMjD7wO01eWXb3szrk1,,1d16b25dcca8,2026-09-19T18:50:44+0000
364,DES-365,22272,SCOPUS_ID:33750488434,10.1097/01.ede.0000239688.70829.63,Impact of high temperatures on mortality: Is there an added heat wave effect?,Epidemiology,2006,Other/None,Ecological / Time-series,Ecological / Time-series,Other/None,Ecological / Time-series,Ecological / Time-series,FALSE,FALSE,FALSE,FALSE,TRUE,,,,TRUE,0.92,TRUE,yes,0.99,0.99,1754,50,7.3668e-5,298.12699999999995,,typesafe/jev-1.13-20260917,gen-dec-1789843842-RgG3ix98r3TghrHDbHxT,,1d16b25dcca8,2026-09-19T18:50:44+0000
365,DES-366,32145,SCOPUS_ID:3242886215,10.1093/ije/dyh093,Impact of social standing on injury prevention in a World Health Organization Safe Community - Intervention outcome by household employment contract,International Journal Of Epidemiology,2004,Other/None,Quasi-experimental,Quasi-experimental,Other/None,Quasi-experimental,Quasi-experimental,FALSE,TRUE,FALSE,TRUE,TRUE,,,,TRUE,0.88,TRUE,yes,0.99,0.97,1754,50,7.3668e-5,322.308,,typesafe/jev-1.13-20260917,gen-dec-1789843842-bt4pe2plZp5a0RooET3z,,1d16b25dcca8,2026-09-19T18:50:44+0000
366,DES-367,23781,SCOPUS_ID:85135753773,10.1097/ede.0000000000001506,"Thunderstorms, Pollen, and Severe Asthma in a Midwestern, USA, Urban Environment, 2007-2018",Epidemiology,2022,Other/None,Ecological / Time-series,Ecological / Time-series,Other/None,Ecological / Time-series,Ecological / Time-series,FALSE,FALSE,FALSE,FALSE,FALSE,,,,TRUE,0.03,FALSE,no,0,1,1694,50,7.1148e-5,299.907,,typesafe/jev-1.13-20260917,gen-dec-1789843842-psatvmBsGVLcdGb5JIKC,,1d16b25dcca8,2026-09-19T18:50:44+0000
367,DES-368,22761,SCOPUS_ID:79955074502,10.1097/ede.0b013e3182117747,Bayesian factor analysis to calculate a deprivation index and its uncertainty,Epidemiology,2011,Other/None,Ecological / Time-series,Ecological / Time-series,Other/None,Ecological / Time-series,Ecological / Time-series,FALSE,FALSE,FALSE,FALSE,TRUE,,,,TRUE,0.7,TRUE,yes,0.81,0.61,1682,50,7.0644e-5,337.86899999999997,,typesafe/jev-1.13-20260917,gen-dec-1789843842-vrxSGjq0mDrpyey5wvlb,,1d16b25dcca8,2026-09-19T18:50:44+0000
368,DES-369,27390,SCOPUS_ID:25844434307,10.1093/eurpub/cki087,"Work, retirement and physical activity: Cross-sectional analyses from the Whitehall II study",European Journal Of Public Health,2005,Other/None,Cohort,Cohort,Other/None,Cohort,Cohort,FALSE,FALSE,FALSE,FALSE,FALSE,Physical activity; Retirement; Working,,,TRUE,0.04,FALSE,no,0,1,1686,50,7.0812e-5,289.828,,typesafe/jev-1.13-20260917,gen-dec-1789843842-0vZCBRBUvPIJWrWrqnBd,,1d16b25dcca8,2026-09-19T18:50:44+0000
369,DES-370,1326,SCOPUS_ID:0028980727,10.1093/oxfordjournals.aje.a117422,Parental exposures to pesticides and risk of wilms' tumor in Brazil,American Journal Of Epidemiology,1995,Other/None,Other/None,Other/None,Case-control,Case-control,Case-control,FALSE,FALSE,FALSE,FALSE,FALSE,Case-control studies; Child; Genetics; Kidney neoplasms; Occupational exposure; Pesticides; Wilms' tumor,,,TRUE,0.02,FALSE,no,0,1,1789,50,7.5138e-5,346.80499999999995,,typesafe/jev-1.13-20260917,gen-dec-1789843842-DNpXrPXtkIpO21LRCGok,,1d16b25dcca8,2026-09-19T18:50:44+0000
370,DES-371,16589,SCOPUS_ID:14644431001,10.2105/ajph.2004.038349,In their own words: Lessons learned from those exposed to anthrax,American Journal Of Public Health,2005,Other/None,Qualitative,Qualitative,Other/None,Qualitative,Qualitative,FALSE,FALSE,FALSE,FALSE,TRUE,,,,TRUE,0.93,TRUE,yes,0.99,0.99,1627,50,6.8334e-5,255.23800000000003,,typesafe/jev-1.13-20260917,gen-dec-1789843842-VFNZNsleUoxkNxz2FqCZ,,1d16b25dcca8,2026-09-19T18:50:44+0000
371,DES-372,39241,SCOPUS_ID:85105896370,10.1016/s2468-2667(21)00023-2,Effect of alternative income assistance schedules on drug use and drug-related harm: a randomised controlled trial,The Lancet Public Health,2021,Experimental,Other/None,Experimental,Other/None,Experimental,Experimental,FALSE,FALSE,FALSE,FALSE,FALSE,,,,TRUE,0.48,FALSE,no,0.45,0.11,2147,50,9.0174e-5,304.161,,typesafe/jev-1.13-20260917,gen-dec-1789843842-tbCi900PCrt1L2cOkyk3,,1d16b25dcca8,2026-09-19T18:50:44+0000
372,DES-373,16557,SCOPUS_ID:17844396890,10.2105/ajph.2004.054171,Social epidemiology of trauma among 2 American Indian reservation populations,American Journal Of Public Health,2005,Other/None,Other/None,Other/None,Other/None,Other/None,Other/None,FALSE,FALSE,FALSE,FALSE,FALSE,,,,TRUE,0.07,FALSE,no,0.01,0.99,1598,50,6.7116e-5,506.038,,typesafe/jev-1.13-20260917,gen-dec-1789843842-S3ze1DTdxi17mxSYEMzs,,1d16b25dcca8,2026-09-19T18:50:44+0000
373,DES-374,32039,SCOPUS_ID:0038187646,10.1093/ije/dyg064,Hormonal factors and risk of lung cancer among women?,International Journal Of Epidemiology,2003,Other/None,Case-control,Case-control,Case-control,Case-control,Case-control,FALSE,FALSE,FALSE,FALSE,FALSE,Case-control study; Hormones; Lung cancer; Smoking; Women,,,TRUE,0.03,FALSE,no,0,1,1750,50,7.35e-5,285.92699999999996,,typesafe/jev-1.13-20260917,gen-dec-1789843842-6XtxUJnreepv0AICxvn0,,1d16b25dcca8,2026-09-19T18:50:44+0000
374,DES-375,36615,SCOPUS_ID:44349167275,10.1136/jech.2006.059394,Publication bias in qualitative research: What becomes of qualitative research presented at conferences?,Journal Of Epidemiology And Community Health,2008,Qualitative,Qualitative,Qualitative,Other/None,Qualitative,Qualitative,FALSE,FALSE,FALSE,FALSE,FALSE,,,,TRUE,0.14,FALSE,no,0.05,0.9,1672,50,7.0224e-5,270.726,,typesafe/jev-1.13-20260917,gen-dec-1789843842-0m91cuVVMuD2OU12gDMp,,1d16b25dcca8,2026-09-19T18:50:44+0000
375,DES-376,41623,SCOPUS_ID:34548307295,10.1016/j.ypmed.2007.05.005,A poster-based intervention to promote stair use in blue- and white-collar worksites,Preventive Medicine,2007,Other/None,Ecological / Time-series,Ecological / Time-series,Other/None,Ecological / Time-series,Ecological / Time-series,FALSE,FALSE,FALSE,FALSE,FALSE,Blue- and white-collar worksites; Prompts; Stair use,,,TRUE,0.17,FALSE,no,0.07,0.87,1637,50,6.8754e-5,255.68999999999997,,typesafe/jev-1.13-20260917,gen-dec-1789843842-hJm8oZxEJGlD1t5GCU4C,,1d16b25dcca8,2026-09-19T18:50:44+0000
376,DES-377,14980,SCOPUS_ID:0030803421,10.2105/ajph.87.8.1341,Screening for adolescent smoking among primary care physicians in California,American Journal Of Public Health,1997,Other/None,Other/None,Other/None,Other/None,Other/None,Other/None,FALSE,FALSE,FALSE,FALSE,FALSE,,,,TRUE,0.17,FALSE,no,0.08,0.85,1627,50,6.8334e-5,265.28499999999997,,typesafe/jev-1.13-20260917,gen-dec-1789843842-HJAAtDVleqg3QZJCx2lG,,1d16b25dcca8,2026-09-19T18:50:44+0000
377,DES-378,7715,SCOPUS_ID:85160967685,10.1093/aje/kwad032,The Role of Ozone as a Mediator of the Relationship Between Heat Waves and Mortality in 15 French Urban Areas,American Journal Of Epidemiology,2023,Other/None,Ecological / Time-series,Ecological / Time-series,Other/None,Ecological / Time-series,Ecological / Time-series,FALSE,FALSE,FALSE,FALSE,FALSE,heat waves; mediation analysis; ozone,,,TRUE,0.03,FALSE,no,0,1,1678,50,7.0476e-5,468.574,,typesafe/jev-1.13-20260917,gen-dec-1789843842-Uuhdbi4j8OKizA7yuCGX,,1d16b25dcca8,2026-09-19T18:50:44+0000
378,DES-379,38557,SCOPUS_ID:85099060634,10.1136/jech-2020-215319,After the bell: Adolescents' organised leisure-time activities and well-being in the context of social and socioeconomic inequalities,Journal Of Epidemiology And Community Health,2021,Other/None,Other/None,Other/None,Other/None,Other/None,Other/None,FALSE,FALSE,FALSE,FALSE,TRUE,adolescents CG; mental health; self-rated health; social inequalities; sport,,,TRUE,0.98,TRUE,yes,1,1,1678,50,7.0476e-5,338.668,,typesafe/jev-1.13-20260917,gen-dec-1789843842-ElHQh8bXS2ykkPl3wLuK,,1d16b25dcca8,2026-09-19T18:50:44+0000
379,DES-380,28820,SCOPUS_ID:85059275023,10.1093/eurpub/cky003,Hepatitis B in Moroccan-Dutch: A qualitative study into determinants of screening participation,European Journal Of Public Health,2018,Qualitative,Other/None,Qualitative,Other/None,Qualitative,Qualitative,FALSE,FALSE,FALSE,FALSE,TRUE,,,,TRUE,0.85,TRUE,yes,0.98,0.96,1676,50,7.0392e-5,278.283,,typesafe/jev-1.13-20260917,gen-dec-1789843842-wkLxV9iVaeaB36hsUsoB,,1d16b25dcca8,2026-09-19T18:50:44+0000
380,DES-381,33162,SCOPUS_ID:84922388302,10.1093/ije/dyu170,"The influence of smoking, sedentary lifestyle and obesity on cognitive impairment-free life expectancy",International Journal Of Epidemiology,2014,Other/None,Other/None,Other/None,Other/None,Other/None,Other/None,FALSE,FALSE,FALSE,FALSE,FALSE,Cognitive impairment; Disability; DYNOPTA; Healthy life; Life expectancy; Obesity; Risk factors; Sedentary; Smoking,,,TRUE,0.43,FALSE,no,0.42,0.15,1692,50,7.1064e-5,331.901,,typesafe/jev-1.13-20260917,gen-dec-1789843842-jApmal3YgEtoLmpyagAy,,1d16b25dcca8,2026-09-19T18:50:44+0000
381,DES-382,17503,SCOPUS_ID:59049096909,10.2105/ajph.2008.137588,Ethical issues in public health practice in Michigan,American Journal Of Public Health,2009,Other/None,Qualitative,Qualitative,Other/None,Qualitative,Qualitative,FALSE,FALSE,FALSE,FALSE,FALSE,,,,TRUE,0.64,TRUE,yes,0.76,0.53,1600,50,6.72e-5,255.848,,typesafe/jev-1.13-20260917,gen-dec-1789843842-N3s1SQKbsEPiHUOwxq67,,1d16b25dcca8,2026-09-19T18:50:44+0000
382,DES-383,28022,SCOPUS_ID:84864075999,10.1093/eurpub/ckr171,"Pandemic influenza A (H1N1) 2009 in Madrid, Spain: Incidence and characteristics in immigrant and native population",European Journal Of Public Health,2012,Other/None,Cross-sectional,Cross-sectional,Other/None,Cross-sectional,Cross-sectional,FALSE,FALSE,FALSE,FALSE,TRUE,,,,TRUE,0.98,TRUE,yes,1,1,1773,50,7.4466e-5,480.71799999999996,,typesafe/jev-1.13-20260917,gen-dec-1789843842-zF18ig68okLooxEG4s0F,,1d16b25dcca8,2026-09-19T18:50:44+0000
383,DES-384,40841,SCOPUS_ID:12244294467,10.1016/s0091-7435(02)00015-4,A lifestyle intervention improves plasma insulin levels among Native American high school youth,Preventive Medicine,2003,Other/None,Cross-sectional,Cross-sectional,Other/None,Cross-sectional,Cross-sectional,FALSE,FALSE,FALSE,FALSE,FALSE,"Adolescence; Adolescent nutrition; Diabetes mellitus, type 2; Diet; Epidemiology; Exercise; Hyperinsulinemia; Indians, North American; Insulin resistance; Intervention studies; Risk factors; Soft drinks",,,TRUE,0.15,FALSE,no,0.05,0.9,1674,50,7.0308e-5,284.174,,typesafe/jev-1.13-20260917,gen-dec-1789843842-ljUvtJUv2sFSvxnvaiHp,,1d16b25dcca8,2026-09-19T18:50:44+0000
384,DES-385,40066,SCOPUS_ID:0344142381,10.1006/pmed.1998.0398,A sustainable behavioral intervention to increase condom use and reduce gonorrhea among sex workers in Singapore: 2-year follow-up,Preventive Medicine,1998,Other/None,Ecological / Time-series,Ecological / Time-series,Other/None,Ecological / Time-series,Ecological / Time-series,FALSE,FALSE,FALSE,FALSE,FALSE,Behavioral and environmental intervention; Gonorrhea; Negotiation skills; Sustained condom use,,,TRUE,0.08,FALSE,no,0.01,0.98,1663,50,6.9846e-5,280.559,,typesafe/jev-1.13-20260917,gen-dec-1789843843-BoiPoXvFQZ2qROPPygE1,,1d16b25dcca8,2026-09-19T18:50:44+0000
385,DES-386,19306,SCOPUS_ID:84939126673,10.2105/ajph.2014.302428,Effects of a 2009 Illinois alcohol tax increase on fatal motor vehicle crashes,American Journal Of Public Health,2015,Other/None,Quasi-experimental,Quasi-experimental,Other/None,Quasi-experimental,Other/None,FALSE,TRUE,FALSE,TRUE,TRUE,,,,TRUE,0.94,TRUE,yes,0.99,0.98,1622,50,6.8124e-5,410.402,,typesafe/jev-1.13-20260917,gen-dec-1789843843-sBg9PRqKHeTwLOOrZMjW,,1d16b25dcca8,2026-09-19T18:50:44+0000
386,DES-387,23222,SCOPUS_ID:84957437053,10.1097/ede.0000000000000421,Long- and short-term exposure to air pollution and inflammatory/hemostatic markers in midlife women,Epidemiology,2016,Other/None,Cohort,Cohort,Other/None,Cohort,Cohort,FALSE,FALSE,FALSE,FALSE,FALSE,,,,TRUE,0.03,FALSE,no,0,1,1789,50,7.5138e-5,244.387,,typesafe/jev-1.13-20260917,gen-dec-1789843843-FZS5vZk9OdBg4RC4ZL0r,,1d16b25dcca8,2026-09-19T18:50:44+0000
387,DES-388,20260,SCOPUS_ID:85090870550,10.2105/ajph.2020.305748,"Exploration of the STOP act and opioid deaths in North Carolina, 2010-2018",American Journal Of Public Health,2020,Other/None,Quasi-experimental,Quasi-experimental,Other/None,Quasi-experimental,Other/None,FALSE,TRUE,FALSE,TRUE,TRUE,,,,TRUE,0.97,TRUE,yes,1,1,1610,50,6.762e-5,357.509,,typesafe/jev-1.13-20260917,gen-dec-1789843843-z4oCCmNwlTnS6wMPmwvp,,1d16b25dcca8,2026-09-19T18:50:44+0000
388,DES-389,2975,SCOPUS_ID:0037093214,10.1093/aje/155.10.908,Are Gulf War veterans experiencing illness due to exposure to smoke from Kuwaiti oil well fires? Examination of Department of Defense hospitalization data,American Journal Of Epidemiology,2002,Other/None,Cohort,Cohort,Other/None,Cohort,Cohort,FALSE,FALSE,FALSE,FALSE,FALSE,Environmental exposure; Hospitalization; Inhalation exposure; Morbidity; Persian Gulf syndrome; Petroleum; Smoke; Veterans,,,TRUE,0.03,FALSE,no,0,1,1650,50,6.93e-5,349.75600000000003,,typesafe/jev-1.13-20260917,gen-dec-1789843843-SruXlrv7gTapwlkuMMml,,1d16b25dcca8,2026-09-19T18:50:44+0000
389,DES-390,10998,SCOPUS_ID:84994091625,10.1016/j.amepre.2016.06.015,Understanding and Promoting Effective Engagement With Digital Behavior Change Interventions,American Journal Of Preventive Medicine,2016,Other/None,Qualitative,Qualitative,Other/None,Qualitative,Qualitative,FALSE,FALSE,FALSE,FALSE,FALSE,,,,TRUE,0.18,FALSE,no,0.13,0.74,1627,50,6.8334e-5,324.746,,typesafe/jev-1.13-20260917,gen-dec-1789843843-HfvbBNyb3ul7Qef1iakH,,1d16b25dcca8,2026-09-19T18:50:44+0000
390,DES-391,30918,SCOPUS_ID:0029061432,10.1093/ije/24.supplement_1.s21,Infant feeding and mental and motor development at 18 months of age in first born singletons,International Journal Of Epidemiology,1995,Other/None,Experimental,Experimental,Other/None,Experimental,Other/None,FALSE,FALSE,FALSE,FALSE,FALSE,,,,TRUE,0.06,FALSE,no,0,1,1700,50,7.14e-5,291.34700000000004,,typesafe/jev-1.13-20260917,gen-dec-1789843843-hvFuToNBaww9qOnBsJbu,,1d16b25dcca8,2026-09-19T18:50:44+0000
391,DES-392,36500,SCOPUS_ID:33947638360,10.1136/jech.2006.049205,Seasonal variation of effect of air pollution on blood pressure,Journal Of Epidemiology And Community Health,2007,Other/None,Cross-sectional,Cross-sectional,Other/None,Cross-sectional,Cross-sectional,FALSE,FALSE,FALSE,FALSE,FALSE,,,,TRUE,0.03,FALSE,no,0,1,1620,50,6.804e-5,260.375,,typesafe/jev-1.13-20260917,gen-dec-1789843843-5UsvgMnXM9snOKXPddVr,,1d16b25dcca8,2026-09-19T18:50:44+0000
392,DES-393,37544,SCOPUS_ID:84905438695,10.1136/jech-2013-203434,The effects of an urban renewal project on health and health inequalities: A quasi-experimental study in Barcelona,Journal Of Epidemiology And Community Health,2014,Quasi-experimental,Quasi-experimental,Quasi-experimental,Other/None,Quasi-experimental,Quasi-experimental,FALSE,TRUE,FALSE,TRUE,FALSE,,,,TRUE,0.1,FALSE,no,0.01,0.99,1700,50,7.14e-5,305.562,,typesafe/jev-1.13-20260917,gen-dec-1789843843-nUsPsnXHcLyjUcJ87AY6,,1d16b25dcca8,2026-09-19T18:50:44+0000
393,DES-394,6464,SCOPUS_ID:85037709028,10.1093/aje/kwx185,Parental Age and Risk of Lymphoid Neoplasms,American Journal Of Epidemiology,2017,Other/None,Case-control,Case-control,Case-control,Case-control,Case-control,FALSE,FALSE,FALSE,FALSE,FALSE,adult offspring; case-control studies; lymphoma; maternal age; paternal age; risk factors,,,TRUE,0.03,FALSE,no,0,1,1684,50,7.0728e-5,271.868,,typesafe/jev-1.13-20260917,gen-dec-1789843843-CJnx1ax1Ugqy2DxdX6Wp,,1d16b25dcca8,2026-09-19T18:50:44+0000
394,DES-395,9697,SCOPUS_ID:64049086213,10.1016/j.amepre.2009.01.023,News Coverage and Sales of Products with Trans Fat. Effects Before and After Changes in Federal Labeling Policy,American Journal Of Preventive Medicine,2009,Other/None,Ecological / Time-series,Ecological / Time-series,Other/None,Ecological / Time-series,Ecological / Time-series,FALSE,FALSE,FALSE,FALSE,FALSE,,,,TRUE,0.17,FALSE,no,0.08,0.85,1704,50,7.1568e-5,258.052,,typesafe/jev-1.13-20260917,gen-dec-1789843843-laZ5J6h6G6P2ZlNlVIOu,,1d16b25dcca8,2026-09-19T18:50:44+0000
395,DES-396,35218,SCOPUS_ID:0028907859,10.1136/jech.49.2.124,Sickness absence as a measure of health status and functioning: From the UK Whitehall II study,Journal Of Epidemiology And Community Health,1995,Other/None,Cohort,Cohort,Other/None,Cohort,Cohort,FALSE,FALSE,FALSE,FALSE,FALSE,,,,TRUE,0.12,FALSE,no,0.04,0.92,1675,50,7.035e-5,599.4540000000001,,typesafe/jev-1.13-20260917,gen-dec-1789843843-X7bE3wAmaeFl7qewYXZ6,,1d16b25dcca8,2026-09-19T18:50:44+0000
396,DES-397,4395,SCOPUS_ID:47649128174,10.1093/aje/kwn137,A simple screening approach for assessing community prevalence and phenotype of polycystic ovary syndrome in a semiurban population in Sri Lanka,American Journal Of Epidemiology,2008,Other/None,Cross-sectional,Cross-sectional,Other/None,Cross-sectional,Cross-sectional,FALSE,FALSE,FALSE,FALSE,FALSE,Mass screening; Polycystic ovary syndrome; Sri Lanka,,,TRUE,0.03,FALSE,no,0,1,1780,50,7.476e-5,351.97499999999997,,typesafe/jev-1.13-20260917,gen-dec-1789843843-hyNmoelGtqZtIGDCppyf,,1d16b25dcca8,2026-09-19T18:50:44+0000
397,DES-398,43914,SCOPUS_ID:85044867374,10.1016/j.ypmed.2018.03.021,Whether to push or pull? Nicotine reduction and non-combusted alternatives - Two strategies for reducing smoking and improving public health,Preventive Medicine,2018,Other/None,Other/None,Other/None,Other/None,Other/None,Other/None,FALSE,FALSE,FALSE,FALSE,TRUE,Alternative nicotine delivery systems; E-cigarettes; Endgame; Nicotine reduction,,,TRUE,0.76,TRUE,yes,0.86,0.72,1606,50,6.7452e-5,316.06600000000003,,typesafe/jev-1.13-20260917,gen-dec-1789843843-0TalvucSFxkOxkkoZeSL,,1d16b25dcca8,2026-09-19T18:50:44+0000
398,DES-399,27553,SCOPUS_ID:34547806637,10.1093/eurpub/ckl250,The barriers against childhood immunizations: A qualitative research among socio-economically disadvantaged mothers,European Journal Of Public Health,2007,Qualitative,Qualitative,Qualitative,Other/None,Qualitative,Qualitative,FALSE,FALSE,FALSE,FALSE,TRUE,Barriers; Immunization; Qualitative; Turkey; Vaccination,,,TRUE,0.89,TRUE,yes,0.99,0.97,1601,50,6.7242e-5,307.759,,typesafe/jev-1.13-20260917,gen-dec-1789843843-cWzSo1Vi07Bz06gRUKiJ,,1d16b25dcca8,2026-09-19T18:50:44+0000
399,DES-400,25352,SCOPUS_ID:34447304338,10.1007/s10654-006-9100-3,Associations between overall physical activity level and cardiovascular risk factors in an adult population,European Journal Of Epidemiology,2007,Other/None,Cross-sectional,Cross-sectional,Other/None,Cross-sectional,Cross-sectional,FALSE,FALSE,FALSE,FALSE,FALSE,Anthropometric measures; Blood pressure; Dose-response; Physical activity; Questionnaire; Serum lipids,,,TRUE,0.03,FALSE,no,0,1,1774,50,7.4508e-5,400.146,,typesafe/jev-1.13-20260917,gen-dec-1789843843-08MF0SGrS4lUXLb9MLm8,,1d16b25dcca8,2026-09-19T18:50:44+0000
