source_row,review_id,scopus_id,doi,title,journal,keywords,DB_policy_claim,db notes,EC_policy_claim,ec notes,concordance,...13,...14,db_double_checked,...16,ok,jev_p_yes,jev_policy_claim,jev_choice,jev_choice_p_yes,jev_choice_confidence,jev_input_tokens,jev_output_tokens,jev_cost_usd,jev_latency_ms,jev_attempts,jev_model,jev_request_id,jev_error,jev_questions_hash,jev_timestamp
0,S400-001,SCOPUS_ID:0031968704,10.2105/AJPH.88.3.364,Insurance or a regular physician: Which is the most powerful predictor of health care?,American Journal Of Public Health,[],FALSE,,FALSE,,,,,,,TRUE,0.05,FALSE,no,0,1,1660,50,6.972e-5,903.335,,typesafe/jev-1.13-20260917,gen-dec-1789843882-qBQqFHtj5swLINtTQBoP,,1d16b25dcca8,2026-09-19T18:51:29+0000
1,S400-002,SCOPUS_ID:84938780031,10.1093/aje/kwv064,"Analyzing seasonal variations in suicide with fourier poisson time-series regression: A registry-based study from Norway, 1969-2007",American Journal Of Epidemiology,"['seasonal variation', 'suicide']",FALSE,,FALSE,,,,,,,TRUE,0.03,FALSE,no,0,1,1616,50,6.7872e-5,317.276,,typesafe/jev-1.13-20260917,gen-dec-1789843881-Bk6CDh69I9Rd7s2aEEae,,1d16b25dcca8,2026-09-19T18:51:29+0000
2,S400-003,SCOPUS_ID:7644239491,10.1016/j.ypmed.2004.05.013,A breast-feeding promotion and support program a randomized trial in the Netherlands,Preventive Medicine,"['Attitude', 'Breast-feeding', 'I-change model', 'Self-efficacy', 'Social influences', 'Weaning']",FALSE,,FALSE,,,,,,,TRUE,0.17,FALSE,no,0.08,0.84,1659,50,6.9678e-5,979.1410000000001,,typesafe/jev-1.13-20260917,gen-dec-1789843882-KHD9rEfbaQxcTtyu3IdS,,1d16b25dcca8,2026-09-19T18:51:29+0000
3,S400-004,SCOPUS_ID:0037764712,10.1093/eurpub/13.2.138,On the use of administrative databases to support planning activities: The case of the evaluation of neonatal case-mix in the Emilia-Romagna region using DRG and APR-DRG classification systems,European Journal Of Public Health,"['Administrative data', 'DRG', 'Neonatal intensive care', 'Planning']",FALSE,,FALSE,,,,,,,TRUE,0.38,FALSE,no,0.4,0.2,1570,50,6.594e-5,979.153,,typesafe/jev-1.13-20260917,gen-dec-1789843882-hYRdsw8Kyo0ER8C5OQzL,,1d16b25dcca8,2026-09-19T18:51:29+0000
4,S400-005,SCOPUS_ID:0035873404,10.1093/aje/153.10.969,Trends in nutrient intake of 10-year-old children over two decades (1973-1994): The Bogalusa heart study,American Journal Of Epidemiology,"['Child nutrition', 'Diet', 'Energy intake', 'Fats', 'Nutrition surveys']",FALSE,,FALSE,,,,,,,TRUE,0.05,FALSE,no,0,1,1687,50,7.0854e-5,958.259,,typesafe/jev-1.13-20260917,gen-dec-1789843882-QoXMW6WB8Wl0yneQbK1D,,1d16b25dcca8,2026-09-19T18:51:29+0000
5,S400-006,SCOPUS_ID:0032523785,10.1093/oxfordjournals.aje.a009383,Exposure to environmental tobacco smoke and risk factors for heart disease among never smokers in the Third National Health and Nutrition Examination Survey,American Journal Of Epidemiology,"['Cardiovascular diseases', 'Cotinine', 'Environmental pollution, tobacco smoke', 'Heart diseases', 'Lipoproteins, HDL cholesterol', 'Risk factors']",FALSE,,FALSE,,,,,,,TRUE,0.03,FALSE,no,0,1,1761,50,7.3962e-5,1255.023,,typesafe/jev-1.13-20260917,gen-dec-1789843882-rQlKO5GANNX68dsf8WII,,1d16b25dcca8,2026-09-19T18:51:29+0000
6,S400-007,SCOPUS_ID:85121733067,10.1016/j.ypmed.2021.106934,Family's socioeconomic profile at birth and offspring mortality until midlife – The Northern Finland Birth Cohort 1966 study,Preventive Medicine,"['Birth cohort', 'Cohort studies', 'Latent class analysis', 'Mortality', 'Parent-offspring linkage', 'Socioeconomic status']",FALSE,,FALSE,,,,,,,TRUE,0.03,FALSE,no,0,1,1737,50,7.2954e-5,888.1329999999999,,typesafe/jev-1.13-20260917,gen-dec-1789843882-Acliqx7oCWjTHtX0CaBp,,1d16b25dcca8,2026-09-19T18:51:29+0000
7,S400-008,SCOPUS_ID:85087724115,10.1016/j.ypmed.2020.106176,History of child maltreatment and excessive dietary and screen time behaviors in young adults: Results from a nationally representative study,Preventive Medicine,"['African Americans', 'Child abuse', 'Diet', 'Hispanic Americans', 'Obesity', 'Screen time', 'Stress']",TRUE,,TRUE,,,,,,,TRUE,0.46,FALSE,no,0.48,0.04,1760,50,7.392e-5,876.325,,typesafe/jev-1.13-20260917,gen-dec-1789843882-ck9SL0qiStqwtgPb304H,,1d16b25dcca8,2026-09-19T18:51:29+0000
8,S400-009,SCOPUS_ID:0242464932,10.1093/ije/dyg004,Relation of plasma folate and methylenetetrahydrofolate reductase C677T polymorphism to colorectal adenomas,International Journal Of Epidemiology,"['Genetic polymorphism colorectal adenomas', 'Methylenetetrahydrofolate reductase', 'Plasma folate']",FALSE,,FALSE,,,,,,,TRUE,0.03,FALSE,no,0,1,1707,50,7.1694e-5,939.11,,typesafe/jev-1.13-20260917,gen-dec-1789843882-iiFDGTbMs6mlK5rNOQbF,,1d16b25dcca8,2026-09-19T18:51:29+0000
9,S400-010,SCOPUS_ID:0025848976,10.2105/AJPH.81.5.592,Benzodiazepine anti-anxiety agents: Prevalence and correlates of use in a southern community,American Journal Of Public Health,[],FALSE,,FALSE,,,,,,,TRUE,0.35,FALSE,no,0.31,0.39,1625,50,6.825e-5,627.026,,typesafe/jev-1.13-20260917,gen-dec-1789843882-hG0Ui644ZLSJLssm8rWH,,1d16b25dcca8,2026-09-19T18:51:29+0000
10,S400-011,SCOPUS_ID:84907339427,10.1016/j.ypmed.2014.07.019,"Multilevel evaluation of 'China Healthy Lifestyles for All', a nationwide initiative to promote lower intakes of salt and edible oil",Preventive Medicine,"['China', 'Edible oil', 'Geographic variations', 'Health literacy', 'Multilevel modelling', 'Preventive health', 'Salt']",TRUE,,TRUE,,,,,,,TRUE,0.77,TRUE,yes,0.89,0.77,1780,50,7.476e-5,284.457,,typesafe/jev-1.13-20260917,gen-dec-1789843882-sa28hqB8mzs6a6yKNM4g,,1d16b25dcca8,2026-09-19T18:51:29+0000
11,S400-012,SCOPUS_ID:85017184849,10.1093/ije/dyw314,Triangulation in aetiological epidemiology,International Journal Of Epidemiology,"['Negative control studies', 'Aetiological epidemiology', 'Causality', 'Instrumental variables', 'Mendelian randomization', 'Natural experiments', 'RCTs', 'Triangulation', 'Within-sibships studies']",FALSE,,FALSE,,,,,,,TRUE,0.03,FALSE,no,0,1,1639,50,6.8838e-5,328.61899999999997,,typesafe/jev-1.13-20260917,gen-dec-1789843882-YOOr5CMMjo4PZkWRLYet,,1d16b25dcca8,2026-09-19T18:51:29+0000
12,S400-013,SCOPUS_ID:77958157041,10.1016/j.amepre.2010.07.009,Adoption of policies to treat tobacco dependence in U.S. medical groups,American Journal Of Preventive Medicine,[],TRUE,,TRUE,"the authors do not give specific recommendations though, so on the fence here",,,,,,TRUE,0.67,TRUE,yes,0.75,0.5,1735,50,7.287e-5,290.656,,typesafe/jev-1.13-20260917,gen-dec-1789843882-fvxY7dLmOUTuNEIqVsku,,1d16b25dcca8,2026-09-19T18:51:29+0000
13,S400-014,SCOPUS_ID:34548386735,10.1093/eurpub/ckl245,Trends in vigorous physical activity and TV watching of adolescents from 1986 to 2002 in seven European Countries,European Journal Of Public Health,"['Adolescents', 'Europe', 'Physical activity', 'Trends', 'TV watching']",FALSE,,FALSE,,,,,,,TRUE,0.03,FALSE,no,0,1,1694,50,7.1148e-5,285.304,,typesafe/jev-1.13-20260917,gen-dec-1789843882-xGcMEV0U388tOcY17IMI,,1d16b25dcca8,2026-09-19T18:51:29+0000
14,S400-015,SCOPUS_ID:0032794564,10.1097/00001648-199909000-00011,Menstrual and reproductive factors for salivary gland cancer risk in women,Epidemiology,"['Menstrual factors', 'Reproductive factors', 'Risk factors', 'Salivary gland cancer', 'Women']",FALSE,,FALSE,,,,,,,TRUE,0.03,FALSE,no,0,1,1590,50,6.678e-5,256.432,,typesafe/jev-1.13-20260917,gen-dec-1789843882-c98VKxM8UiWl4JkvF1EI,,1d16b25dcca8,2026-09-19T18:51:29+0000
15,S400-016,SCOPUS_ID:85061033867,10.1097/EDE.0000000000000945,Comparison of Methods for Algorithmic Classification of Dementia Status in the Health and Retirement Study,Epidemiology,"['Algorithms', ""Alzheimer's disease"", 'Dementia', 'Health and Retirement Study']",FALSE,,FALSE,,,,,,,TRUE,0.14,FALSE,no,0.06,0.87,1804,50,7.5768e-5,293.717,,typesafe/jev-1.13-20260917,gen-dec-1789843882-PGrGHIkF726wMuObgrZS,,1d16b25dcca8,2026-09-19T18:51:29+0000
16,S400-017,SCOPUS_ID:0025975542,10.2105/AJPH.81.1.101,The status of restrictive smoking policies: A survey of medical schools in the United States and Canada,American Journal Of Public Health,[],FALSE,,FALSE,,,,,,,TRUE,0.03,FALSE,no,0,1,1494,50,6.2748e-5,661.943,,typesafe/jev-1.13-20260917,gen-dec-1789843882-TFE8HnDMv1Xb1r1LDEf4,,1d16b25dcca8,2026-09-19T18:51:29+0000
17,S400-018,SCOPUS_ID:85138127378,10.1016/j.ypmed.2022.107223,Rural and urban disparities in potentially preventable hospitalizations among US patients with Alzheimer's Disease and Related Dementias: Evidence of hospital-based telehealth and enabling services,Preventive Medicine,"[""Alzheimer's disease and related dementias"", 'Enabling services', 'Preventable hospitalizations', 'Telehealth']",TRUE,,TRUE,,,,,,,TRUE,0.73,TRUE,yes,0.85,0.7,1827,50,7.6734e-5,330.598,,typesafe/jev-1.13-20260917,gen-dec-1789843882-JjEs8QvnvcDJtBFU5qI6,,1d16b25dcca8,2026-09-19T18:51:29+0000
18,S400-019,SCOPUS_ID:85026467281,10.1093/eurpub/ckx042,Whether people believe that overweight is unhealthy depends on their BMI,European Journal Of Public Health,[],FALSE,,FALSE,,,,,,,TRUE,0.07,FALSE,no,0.01,0.98,1442,50,6.0564e-5,318.382,,typesafe/jev-1.13-20260917,gen-dec-1789843883-yf66A1Xr6NRF70BssyD5,,1d16b25dcca8,2026-09-19T18:51:29+0000
19,S400-020,SCOPUS_ID:0034049918,10.1006/pmed.2000.0665,Total Quality Leadership in the U.S. Navy: Effective for health promotion activities?,Preventive Medicine,"['Disease prevention', 'Health survey', 'Military', 'Navy', 'Total Quality Leadership', 'Worksite health promotion']",FALSE,,FALSE,,,,,,,TRUE,0.05,FALSE,no,0,1,1642,50,6.8964e-5,235.737,,typesafe/jev-1.13-20260917,gen-dec-1789843883-JHFfVhv9XWj4Ciz4x3mC,,1d16b25dcca8,2026-09-19T18:51:29+0000
20,S400-021,SCOPUS_ID:77952306138,10.1093/ije/dyp229,"Resting heart rate and blood pressure, independent of each other, proportionally raise the risk for type-2 diabetes mellitus",International Journal Of Epidemiology,"['Blood pressure', 'Diabetes', 'Follow-up study', 'Heart rate', 'Risk factors']",FALSE,,FALSE,,,,,,,TRUE,0.03,FALSE,no,0,1,1789,50,7.5138e-5,283.419,,typesafe/jev-1.13-20260917,gen-dec-1789843883-PXYQohVsSL7RhPWvI5mS,,1d16b25dcca8,2026-09-19T18:51:29+0000
21,S400-022,SCOPUS_ID:0031863645,10.1023/A:1007427925583,Prevalence of bovine verotoxin-producing Escherichia coli in Argentina,European Journal Of Epidemiology,"['Cattle', 'Escherichia coli', 'Intimin', 'Shiga-like toxins', 'Verotoxins']",FALSE,,FALSE,"not a human study, surprised it's even included",,,,,,TRUE,0.04,FALSE,no,0,1,1750,50,7.35e-5,288.22999999999996,,typesafe/jev-1.13-20260917,gen-dec-1789843883-njyiyfcaPAloSIKGbb63,,1d16b25dcca8,2026-09-19T18:51:29+0000
22,S400-023,SCOPUS_ID:0006096230,10.1093/eurpub/3.4.290,A case-control assessment of risk factors for Haemophilus influenzae type b meningitis,European Journal Of Public Health,"['Children', 'Haemophilis influenzae type b', 'Meningitis', 'Risk factors']",TRUE,,TRUE,,,,,,,TRUE,0.76,TRUE,yes,0.9,0.79,1505,50,6.321e-5,320.53999999999996,,typesafe/jev-1.13-20260917,gen-dec-1789843883-ThvpyJ7vKt59JGp8KZIV,,1d16b25dcca8,2026-09-19T18:51:29+0000
23,S400-024,SCOPUS_ID:85184817755,10.1016/j.ypmed.2024.107892,"Identifying overlaps and disconnects between media reports and official records of nonfatal firearm injuries in Indianapolis, Indiana, 2021–2022",Preventive Medicine,"['Communities', 'Data linkage', 'Firearm injuries', 'Media', 'Structural disadvantage']",TRUE,,TRUE,,,,,,,TRUE,0.97,TRUE,yes,1,1,1699,50,7.1358e-5,295.798,,typesafe/jev-1.13-20260917,gen-dec-1789843883-ezJGPyJSrPvXjdWoaaAg,,1d16b25dcca8,2026-09-19T18:51:29+0000
24,S400-025,SCOPUS_ID:84866321529,10.2105/AJPH.2012.300934,Effects of home visiting on adolescent mothers' parenting attitudes,American Journal Of Public Health,[],FALSE,didn't extract full abstract,FALSE,https://ajph.aphapublications.org/doi/full/10.2105/AJPH.2012.300934,,,,,,TRUE,0.03,FALSE,no,0,1,1462,50,6.1404e-5,319.79400000000004,,typesafe/jev-1.13-20260917,gen-dec-1789843883-o1NgOcF9PmBE8CJnANas,,1d16b25dcca8,2026-09-19T18:51:29+0000
25,S400-026,SCOPUS_ID:33645464863,10.1093/eurpub/cki199,Breastfeeding duration is determined by only a few factors,European Journal Of Public Health,"['Breastfeeding', 'Influencing factors', 'Outcome prognosis', 'Resource allocation']",TRUE,,TRUE,although they do say that their findings need to be confrimed,,,,,,TRUE,0.85,TRUE,yes,0.98,0.95,1706,50,7.1652e-5,242.26,,typesafe/jev-1.13-20260917,gen-dec-1789843883-lyTh8dXAoiQKaD2Mhp8g,,1d16b25dcca8,2026-09-19T18:51:29+0000
26,S400-027,SCOPUS_ID:20544447667,10.1093/aje/kwi141,"Large-scale comparative analysis of pertussis population dynamics: Periodicity, synchrony, and impact of vaccination",American Journal Of Epidemiology,"['Comparative analysis', 'Periodicity', 'Population surveillance', 'Vaccination', 'Wavelet methods', 'Whooping cough']",TRUE,,FALSE,"to me, they suggest further research rather than a policy implication?",!!!,,,FALSE,,TRUE,0.11,FALSE,no,0.01,0.98,1562,50,6.5604e-5,430.46299999999997,,typesafe/jev-1.13-20260917,gen-dec-1789843883-3uRuk6FsE0Bmhr8fECy9,,1d16b25dcca8,2026-09-19T18:51:29+0000
27,S400-028,SCOPUS_ID:0035148770,10.1136/jech.55.2.80,An explanation of the persistent doctor-mortality association,Journal Of Epidemiology And Community Health,[],FALSE,,FALSE,,,,,,,TRUE,0.04,FALSE,no,0,1,1632,50,6.8544e-5,340.48499999999996,,typesafe/jev-1.13-20260917,gen-dec-1789843883-9PSWCEwU0SxvlkfbvtCj,,1d16b25dcca8,2026-09-19T18:51:29+0000
28,S400-029,SCOPUS_ID:0034535398,10.1023/A:1026793615987,Childhood cancer survival in Cuba,European Journal Of Epidemiology,"['Cancer Registry', 'Childhood cancer', 'Survival']",FALSE,,FALSE,,,,,,,TRUE,0.17,FALSE,no,0.03,0.93,1750,50,7.35e-5,286.156,,typesafe/jev-1.13-20260917,gen-dec-1789843883-rmatPaYg1OqSprHYnnA3,,1d16b25dcca8,2026-09-19T18:51:29+0000
29,S400-030,SCOPUS_ID:57149102085,10.2105/AJPH.2008.137018,Anabolic-androgenic steroid use and involvement in violent behavior in a nationally representative sample of young adult males in the United States,American Journal Of Public Health,[],FALSE,,FALSE,,,,,,,TRUE,0.02,FALSE,no,0,1,1472,50,6.1824e-5,256.731,,typesafe/jev-1.13-20260917,gen-dec-1789843883-bH2f6IXQEi6swQqnBX2N,,1d16b25dcca8,2026-09-19T18:51:29+0000
30,S400-031,SCOPUS_ID:0029557074,10.1136/jech.49.6.575,Seasonal variation in coronary heart disease in Scotland,Journal Of Epidemiology And Community Health,[],FALSE,,FALSE,,,,,,,TRUE,0.03,FALSE,no,0,1,1823,50,7.6566e-5,322.324,,typesafe/jev-1.13-20260917,gen-dec-1789843883-lGLDKypk6V2lGVrdcNFy,,1d16b25dcca8,2026-09-19T18:51:29+0000
31,S400-032,SCOPUS_ID:0036876412,10.1016/S0749-3797(02)00513-5,"Seatbelt use, attitudes, and changes in legislation - An international study",American Journal Of Preventive Medicine,"['Attitude', 'Motor vehicles', 'Public health', 'Seat belts', 'Students', 'Wounds and injuries']",TRUE,,TRUE,,,,,,,TRUE,0.63,TRUE,yes,0.7,0.4,1722,50,7.2324e-5,268.866,,typesafe/jev-1.13-20260917,gen-dec-1789843883-RL3uGopVvfqwVbV7VR3p,,1d16b25dcca8,2026-09-19T18:51:29+0000
32,S400-033,SCOPUS_ID:74549114742,10.1097/EDE.0b013e3181b5f3b0,Mental vulnerability and survival after cancer,Epidemiology,[],FALSE,,FALSE,,,,,,,TRUE,0.02,FALSE,no,0,1,1602,50,6.7284e-5,334.911,,typesafe/jev-1.13-20260917,gen-dec-1789843883-uxHdx4eAhMoCjwG5s3Bn,,1d16b25dcca8,2026-09-19T18:51:29+0000
33,S400-034,SCOPUS_ID:84960395680,10.1093/aje/kwv299,"The potential trajectory of carbapenem-resistant enterobacteriaceae, an emerging threat to health-care facilities, and the impact of the centers for disease control and prevention toolkit",American Journal Of Epidemiology,"['carbapenem-resistant Enterobacteriaceae', 'control measures', 'coordinated responses', 'regional spread', 'surveillance']",TRUE,,TRUE,,,,,,,TRUE,0.36,FALSE,no,0.25,0.51,1667,50,7.0014e-5,594.36,,typesafe/jev-1.13-20260917,gen-dec-1789843883-u7or3Nf0ET70RsB6gbRz,,1d16b25dcca8,2026-09-19T18:51:29+0000
34,S400-035,SCOPUS_ID:0036230530,10.1097/00001648-200205000-00020,The urban spread of visceral leishmaniasis: Clues from spatial analysis,Epidemiology,"['Brazil', 'Clustering', 'Geographic information systems', 'Infectious disease', 'Smoothing', 'Spatial analysis', 'Visceral leishmaniasis']",FALSE,,FALSE,,,,,,,TRUE,0.82,TRUE,yes,0.95,0.9,1502,50,6.3084e-5,545.942,,typesafe/jev-1.13-20260917,gen-dec-1789843883-cCKFUOgDR4mkmOtAKpAk,,1d16b25dcca8,2026-09-19T18:51:29+0000
35,S400-036,SCOPUS_ID:35648998938,10.1093/eurpub/ckl262,Diet and exercise intervention in a general population - Mediators of participation and adherence: The Inter99 study,European Journal Of Public Health,"['Community participation', 'Diet', 'Exercise', 'Intervention study', 'Mediators']",TRUE,,FALSE,They seem to ask for more research?,!!!,,,FALSE,,TRUE,0.19,FALSE,no,0.06,0.88,1700,50,7.14e-5,432.521,,typesafe/jev-1.13-20260917,gen-dec-1789843883-6An5iKjjZcruN2WoFlXF,,1d16b25dcca8,2026-09-19T18:51:29+0000
36,S400-037,SCOPUS_ID:0033024558,10.1023/A:1007535722726,How do general practitioners approach hepatitis C virus screening in France?,European Journal Of Epidemiology,"['Anti-HCV testing', 'Blood transfusion', 'France', 'General practice', 'Sentinel network']",TRUE,,TRUE,,,,,,,TRUE,0.1,FALSE,no,0.01,0.97,1846,50,7.7532e-5,312.44,,typesafe/jev-1.13-20260917,gen-dec-1789843883-VUa6eJag9i9LUOnHTDmf,,1d16b25dcca8,2026-09-19T18:51:29+0000
37,S400-038,SCOPUS_ID:85028983494,10.1007/s10654-017-0298-z,Relationship of very low serum 25-hydroxyvitamin D<inf>3</inf> levels with long-term survival in a large cohort of colorectal cancer patients from Germany,European Journal Of Epidemiology,"['Colorectal cancer', 'Dose–response relationship', 'Survival', 'Vitamin D']",FALSE,,FALSE,borderline,,,,,,TRUE,0.19,FALSE,no,0.08,0.84,1862,50,7.8204e-5,260.6,,typesafe/jev-1.13-20260917,gen-dec-1789843883-fiSxY4wr3SlKpd9QCIUL,,1d16b25dcca8,2026-09-19T18:51:29+0000
38,S400-039,SCOPUS_ID:34548309485,10.1016/j.ypmed.2007.06.014,The effectiveness of brief advice and extended smoking cessation counseling programs when implemented routinely in hospitals,Preventive Medicine,"['Brief intervention', 'Counseling', 'Hospital', 'Implementation', 'In-patient', 'Smoking cessation']",TRUE,,TRUE,,,,,,,TRUE,0.55,TRUE,yes,0.64,0.29,1678,50,7.0476e-5,303.015,,typesafe/jev-1.13-20260917,gen-dec-1789843883-7rXCsA8XMXUDiBZvv6jB,,1d16b25dcca8,2026-09-19T18:51:29+0000
39,S400-040,SCOPUS_ID:0034880586,10.1016/S0091-7435(01)80002-5,Factors associated with daily smoking among Israeli adolescents: A prospective cohort study with a 3-year follow-up,Preventive Medicine,"['Adolescents', 'Predictor variables', 'Smoking']",TRUE,,TRUE,,,,,,,TRUE,0.91,TRUE,yes,0.99,0.98,1856,50,7.7952e-5,251.164,,typesafe/jev-1.13-20260917,gen-dec-1789843883-ZuDxBcb6uVg4pzMPThR3,,1d16b25dcca8,2026-09-19T18:51:29+0000
40,S400-041,SCOPUS_ID:33751575201,10.2105/AJPH.2005.071035,Racial/ethnic disparities in report of physician-provided smoking cessation advice: Analysis of the 2000 National Health Interview Survey,American Journal Of Public Health,[],TRUE,,TRUE,,,,,,,TRUE,0.86,TRUE,yes,0.98,0.95,1665,50,6.993e-5,360.595,,typesafe/jev-1.13-20260917,gen-dec-1789843883-t2tJWrTwu5wEy8ZI21BB,,1d16b25dcca8,2026-09-19T18:51:29+0000
41,S400-042,SCOPUS_ID:0035283430,10.1093/aje/153.5.453,"Associations of blood lead, dimercaptosuccinic acid-chelatable lead, and tibia lead with neurobehavioral test scores in South Korean lead workers",American Journal Of Epidemiology,"['Cross-sectional studies', 'Lead', 'Lead poisoning, nervous system, adult', 'Nervous system', 'Neurobehavioral manifestations', 'Neurologic manifestations', 'Occupational exposure', 'Spectrometry, x-ray emission']",FALSE,,FALSE,,,,,,,TRUE,0.02,FALSE,no,0,1,1661,50,6.9762e-5,336.039,,typesafe/jev-1.13-20260917,gen-dec-1789843883-6heih9JluapZrwuAyytD,,1d16b25dcca8,2026-09-19T18:51:29+0000
42,S400-043,SCOPUS_ID:0033047729,10.1093/ije/28.1.113,Capture-recapture method for estimating misclassification errors: Application to the measurement of vaccine efficacy in randomized controlled trials,International Journal Of Epidemiology,"['Capture-recapture', 'Efficacy', 'Log-linear models', 'Misclassification', 'Pertussis', 'Vaccine']",FALSE,,FALSE,,,,,,,TRUE,0.04,FALSE,no,0,1,1673,50,7.0266e-5,334.701,,typesafe/jev-1.13-20260917,gen-dec-1789843884-f1Xb1BljTa5z7Ddc4dcV,,1d16b25dcca8,2026-09-19T18:51:29+0000
43,S400-044,SCOPUS_ID:0036605502,10.1093/aje/155.11.1007,Lower limb venous insufficiency and tobacco smoking: A case-control study,American Journal Of Epidemiology,"['Case-control studies', 'Leg', 'Risk factors', 'Smoking', 'Tobacco', 'Venous insufficiency']",FALSE,,FALSE,,,,,,,TRUE,0.03,FALSE,no,0,1,1708,50,7.1736e-5,299.239,,typesafe/jev-1.13-20260917,gen-dec-1789843884-gIwz1x61hNoYMy5Fy43M,,1d16b25dcca8,2026-09-19T18:51:29+0000
44,S400-045,SCOPUS_ID:0032810632,10.2105/AJPH.89.9.1406,Prevalence and correlates of survival sex among runaway and homeless youth,American Journal Of Public Health,[],TRUE,,TRUE,,,,,,,TRUE,0.95,TRUE,yes,1,1,1482,50,6.2244e-5,257.367,,typesafe/jev-1.13-20260917,gen-dec-1789843884-DXhRDyJG89W7sCiWhBE4,,1d16b25dcca8,2026-09-19T18:51:29+0000
45,S400-046,SCOPUS_ID:84880143281,10.2105/AJPH.2012.301075,Measles vaccination: Before the measles-mumps-rubella vaccine,American Journal Of Public Health,[],TRUE,non-empirical,TRUE,,,,,,,TRUE,0.62,TRUE,yes,0.76,0.52,1578,50,6.6276e-5,564.2420000000001,,typesafe/jev-1.13-20260917,gen-dec-1789843884-rBmi4ZZMNLVyKIB9FvQm,,1d16b25dcca8,2026-09-19T18:51:29+0000
46,S400-047,SCOPUS_ID:84960193645,10.1093/aje/kwv175,Correlates of Peripheral Blood Mitochondrial DNA Content in a General Population,American Journal Of Epidemiology,"['General population', 'mitochondrial DNA', 'peripheral blood']",FALSE,,FALSE,,,,,,,TRUE,0.03,FALSE,no,0,1,1722,50,7.2324e-5,311.66700000000003,,typesafe/jev-1.13-20260917,gen-dec-1789843884-cDCIQQfSD30J6qiUR4vW,,1d16b25dcca8,2026-09-19T18:51:29+0000
47,S400-048,SCOPUS_ID:1942445076,10.1093/eurpub/14.1.19,The incidence and repetition of attempted suicide in Ireland,European Journal Of Public Health,"['Attempted suicide', 'Incidence', 'Ireland']",FALSE,,FALSE,,,,,,,TRUE,0.13,FALSE,no,0.03,0.93,1775,50,7.455e-5,275.432,,typesafe/jev-1.13-20260917,gen-dec-1789843884-P0Zwec3uKZBDb7MASDxn,,1d16b25dcca8,2026-09-19T18:51:29+0000
48,S400-049,SCOPUS_ID:0030297061,10.1006/pmed.1996.9998,Home apnea monitoring and sudden infant death syndrome,Preventive Medicine,"['apnea monitor', 'race', 'Sudden Infant Death Syndrome']",FALSE,,FALSE,,,,,,,TRUE,0.05,FALSE,no,0,1,1759,50,7.3878e-5,307.587,,typesafe/jev-1.13-20260917,gen-dec-1789843884-YOSGO3zENxGXYELbf0Dt,,1d16b25dcca8,2026-09-19T18:51:29+0000
49,S400-050,SCOPUS_ID:84872530047,10.2105/AJPH.2012.300743,Fundamental causes of colorectal cancer mortality in the United States: Understanding the importance of socioeconomic status in creating inequality in mortality,American Journal Of Public Health,[],FALSE,,FALSE,,,,,,,TRUE,0.04,FALSE,no,0,1,1563,50,6.5646e-5,339.31600000000003,,typesafe/jev-1.13-20260917,gen-dec-1789843884-1189LeEisfRzILSBBI7j,,1d16b25dcca8,2026-09-19T18:51:29+0000
50,S400-051,SCOPUS_ID:85040967357,10.1016/j.amepre.2017.12.005,Nonfatal Injuries to Law Enforcement Officers: A Rise in Assaults,American Journal Of Preventive Medicine,[],TRUE,,TRUE,,,,,,,TRUE,0.78,TRUE,yes,0.9,0.8,1758,50,7.3836e-5,276.978,,typesafe/jev-1.13-20260917,gen-dec-1789843884-RhNCFuBKlWRTJtJKqHZO,,1d16b25dcca8,2026-09-19T18:51:29+0000
51,S400-052,SCOPUS_ID:84964047116,10.1097/eDe.0000000000000449,Evaluating additive interaction using survival percentiles,Epidemiology,[],FALSE,,FALSE,,,,,,,TRUE,0.02,FALSE,no,0,1,1647,50,6.9174e-5,281.07,,typesafe/jev-1.13-20260917,gen-dec-1789843884-SxEaBrmWn6X88CNhbHkh,,1d16b25dcca8,2026-09-19T18:51:29+0000
52,S400-053,SCOPUS_ID:84879879356,10.1097/EDE.0b013e3182949ce5,Does ambient air pollution trigger stillbirth?,Epidemiology,[],FALSE,,FALSE,,,,,,,TRUE,0.05,FALSE,no,0,1,1785,50,7.497e-5,328.918,,typesafe/jev-1.13-20260917,gen-dec-1789843884-OlnHwefsB412RFdxoJiM,,1d16b25dcca8,2026-09-19T18:51:29+0000
53,S400-054,SCOPUS_ID:84863718076,10.1007/s10654-012-9675-9,Early respiratory morbidity in a multicultural birth cohort: The Generation R Study,European Journal Of Epidemiology,"['Ethnicity', 'Infants', 'Pre and postnatal exposures', 'Prospective birth cohort', 'Respiratory symptoms']",FALSE,,FALSE,,,,,,,TRUE,0.03,FALSE,no,0,1,1749,50,7.3458e-5,260.179,,typesafe/jev-1.13-20260917,gen-dec-1789843884-tTu7WW5LJVB5o78h3EnQ,,1d16b25dcca8,2026-09-19T18:51:29+0000
54,S400-055,SCOPUS_ID:0036197215,10.1136/jech.56.4.301,Comparing hospital discharge records with death certificates: Can the differences be explained?,Journal Of Epidemiology And Community Health,[],FALSE,,FALSE,,,,,,,TRUE,0.05,FALSE,no,0,1,1662,50,6.9804e-5,362.85699999999997,,typesafe/jev-1.13-20260917,gen-dec-1789843884-q21vr2jkAxrzW3lihhMU,,1d16b25dcca8,2026-09-19T18:51:29+0000
55,S400-056,SCOPUS_ID:0028972474,10.1093/oxfordjournals.aje.a117495,"Family history and prostate cancer risk in black, white, and Asian men in the United States and Canada",American Journal Of Epidemiology,"['Androgens;', 'Asian-Americans;', 'Blacks;', 'Ethnic groups;', 'Family;', 'Prostatic neoplasms;', 'Whites.']",FALSE,,FALSE,,,,,,,TRUE,0.02,FALSE,no,0,1,1719,50,7.2198e-5,442.189,,typesafe/jev-1.13-20260917,gen-dec-1789843884-MbT0wnMLIAzK7JOqr77U,,1d16b25dcca8,2026-09-19T18:51:29+0000
56,S400-057,SCOPUS_ID:85024399831,10.1093/aje/kwx059,Are Lowered Socioeconomic Circumstances Causally Related to Tooth Loss? A Natural Experiment Involving the 2011 Great East Japan Earthquake,American Journal Of Epidemiology,"['change in economic status', 'instrumental variable analyses', 'natural disaster', 'natural experiment', 'oral health', 'tooth loss']",FALSE,,FALSE,,,,,,,TRUE,0.04,FALSE,no,0,1,1647,50,6.9174e-5,380.472,,typesafe/jev-1.13-20260917,gen-dec-1789843884-pORi5LXYy6dkG2TTYpDF,,1d16b25dcca8,2026-09-19T18:51:29+0000
57,S400-058,SCOPUS_ID:85099499256,10.1016/j.ypmed.2020.106355,Racial disparities in occupational risks and lung cancer incidence: Analysis of the National Lung Screening Trial,Preventive Medicine,[],TRUE,,TRUE,,,,,,,TRUE,0.98,TRUE,yes,1,1,1741,50,7.3122e-5,502.45799999999997,,typesafe/jev-1.13-20260917,gen-dec-1789843884-TrusmYoMl44RlOvzua2q,,1d16b25dcca8,2026-09-19T18:51:29+0000
58,S400-059,SCOPUS_ID:84878536226,10.1093/aje/kws373,The healthy worker effect in cancer incidence studies,American Journal Of Epidemiology,"['cancer incidence', 'cohort studies', 'educational level', 'healthy worker effect', 'mortality']",FALSE,,FALSE,,,,,,,TRUE,0.04,FALSE,no,0,1,1781,50,7.4802e-5,263.61400000000003,,typesafe/jev-1.13-20260917,gen-dec-1789843884-gjiQg0udIflZAIr26xIg,,1d16b25dcca8,2026-09-19T18:51:29+0000
59,S400-060,SCOPUS_ID:34047194090,10.1093/eurpub/ckl103,The four ages of Down syndrome,European Journal Of Public Health,"['Comorbidity', 'Data linkage', 'Down syndrome', 'Life expectancy', 'Life stages', 'Mortality']",TRUE,,TRUE,,,,,,,TRUE,0.94,TRUE,yes,1,1,1764,50,7.4088e-5,325.864,,typesafe/jev-1.13-20260917,gen-dec-1789843884-N2HVz9Wa1R0S3bbpqdfF,,1d16b25dcca8,2026-09-19T18:51:29+0000
60,S400-061,SCOPUS_ID:85214397946,10.1136/jech-2024-223072,Trends in physical fitness among Lithuanian adolescents aged 11-17 years between 1992 and 2022,Journal Of Epidemiology And Community Health,"['ADOLESCENT', 'EXERCISE', 'HEALTH PROMOTION', 'HEALTH STATUS', 'POLICY']",TRUE,,TRUE,,,,,,,TRUE,0.98,TRUE,yes,1,1,1751,50,7.3542e-5,294.228,,typesafe/jev-1.13-20260917,gen-dec-1789843884-v4MArNfSE2Ldrsntgv1O,,1d16b25dcca8,2026-09-19T18:51:29+0000
61,S400-062,SCOPUS_ID:85159570565,10.1016/j.ypmed.2023.107544,"Family structure and living arrangements as indicators of social isolation, and prostate cancer risk",Preventive Medicine,"['Case-control study', 'Family structure', 'Living arrangements', 'Marital status', 'Prostate cancer', 'Social isolation']",FALSE,,FALSE,,,,,,,TRUE,0.04,FALSE,no,0,1,1697,50,7.1274e-5,304.285,,typesafe/jev-1.13-20260917,gen-dec-1789843884-XVdVy3skhwIDzY7Yc4Iv,,1d16b25dcca8,2026-09-19T18:51:29+0000
62,S400-063,SCOPUS_ID:85038918024,10.1016/j.ypmed.2017.11.023,"Cervical cancer screening uptake among HIV-positive women in Ontario, Canada: A population-based retrospective cohort study",Preventive Medicine,"['Cervical cancer screening', 'HIV', 'HPV', 'Mass screening', 'Women']",TRUE,,TRUE,,,,,,,TRUE,0.92,TRUE,yes,1,0.99,1740,50,7.308e-5,312.572,,typesafe/jev-1.13-20260917,gen-dec-1789843884-LCaDgNSluI7XTqvKLa3j,,1d16b25dcca8,2026-09-19T18:51:29+0000
63,S400-064,SCOPUS_ID:27744533536,10.1007/s10654-005-2148-7,Collecting saliva by mail for genetic and cotinine analyses in participants recruited through the internet,European Journal Of Epidemiology,"['Cotinine', 'Epidemiology', 'Internet', 'Nicotine Dependence', 'Nicotinic Receptors', 'Smoking']",FALSE,,FALSE,,,,,,,TRUE,0.07,FALSE,no,0.01,0.98,1669,50,7.0098e-5,237.647,,typesafe/jev-1.13-20260917,gen-dec-1789843884-g8ZJvy5GFkdVQDK5fyzq,,1d16b25dcca8,2026-09-19T18:51:29+0000
64,S400-065,SCOPUS_ID:0026696145,10.1093/oxfordjournals.aje.a116348,Intensive surveillance for infections in a three-year study of nursing home patients,American Journal Of Epidemiology,"['Aged', 'Cross infection', 'Diagnosis', 'Disease outbreaks', 'Nursing homes']",FALSE,,FALSE,,,,,,,TRUE,0.03,FALSE,no,0,1,1708,50,7.1736e-5,288.948,,typesafe/jev-1.13-20260917,gen-dec-1789843884-18zD3C1n1i92DiiQdbk7,,1d16b25dcca8,2026-09-19T18:51:29+0000
65,S400-066,SCOPUS_ID:0031895713,10.1097/00001648-199803000-00008,The relation between income and mortality in U.S. blacks and whites,Epidemiology,"['Income', 'Kernel smoothing', 'Methods', 'Mortality', 'Poverty', 'Race', 'Socioeconomic factors']",FALSE,,FALSE,,,,,,,TRUE,0.03,FALSE,no,0,1,1620,50,6.804e-5,290.511,,typesafe/jev-1.13-20260917,gen-dec-1789843884-UBZkRupM7FFpmKs6HOkn,,1d16b25dcca8,2026-09-19T18:51:30+0000
66,S400-067,SCOPUS_ID:0026665612,10.1093/oxfordjournals.aje.a116216,Methods for inference on transmission in seroprevalence data for multiple infections,American Journal Of Epidemiology,"['Cross-sectional studies', 'Epidemiologic methods', 'Hepatitis B virus', 'Hepatitis C virus', 'Models', 'Prevalence', 'Serology', 'Statistical']",FALSE,,FALSE,,,,,,,TRUE,0.04,FALSE,no,0,1,1652,50,6.9384e-5,272.341,,typesafe/jev-1.13-20260917,gen-dec-1789843884-bsdke9tXmoRegIpYX7F1,,1d16b25dcca8,2026-09-19T18:51:30+0000
67,S400-068,SCOPUS_ID:3042686522,10.1093/eurpub/14.2.168,"Sport involvement, sport violence and health behaviours of Greek adolescents",European Journal Of Public Health,"['Age', 'Exercise', 'Greece', 'Health-risks', 'Sport violence']",TRUE,,TRUE,,,,,,,TRUE,0.97,TRUE,yes,1,1,1653,50,6.9426e-5,321.041,,typesafe/jev-1.13-20260917,gen-dec-1789843884-xndcpuuFqGIKbWGgKx0T,,1d16b25dcca8,2026-09-19T18:51:30+0000
68,S400-069,SCOPUS_ID:85147834666,10.1136/jech-2022-219829,Exploring the associations of daily movement behaviours and mid-life cognition: A compositional analysis of the 1970 British Cohort Study,Journal Of Epidemiology And Community Health,"['AGING', 'COGNITION', 'DEMENTIA', 'EXERCISE', 'SLEEP']",TRUE,,TRUE,,,,,,,TRUE,0.81,TRUE,yes,0.95,0.9,1779,50,7.4718e-5,337.397,,typesafe/jev-1.13-20260917,gen-dec-1789843884-PcYVu7E7c0yxN2HQO8Zj,,1d16b25dcca8,2026-09-19T18:51:30+0000
69,S400-070,SCOPUS_ID:9344236905,10.1093/eurpub/2.1.29,Evolution and distribution of childhood leukemia mortality in Greece: Etiological implications,European Journal Of Public Health,"['Childhood leukemia', 'Herd immunity', 'Place clustering']",FALSE,,FALSE,,,,,,,TRUE,0.03,FALSE,no,0,1,1652,50,6.9384e-5,305.895,,typesafe/jev-1.13-20260917,gen-dec-1789843884-xpWGnDICWbZs6rJw6zyc,,1d16b25dcca8,2026-09-19T18:51:30+0000
70,S400-071,SCOPUS_ID:84983488780,10.1136/jech-2015-207138,"Short-term and long-term effects of GDP on traffic deaths in 18 OECD countries, 1960-2011",Journal Of Epidemiology And Community Health,[],FALSE,,FALSE,,,,,,,TRUE,0.04,FALSE,no,0,1,1728,50,7.2576e-5,352.361,,typesafe/jev-1.13-20260917,gen-dec-1789843884-wvyWI1tdhFBywDtDbbwA,,1d16b25dcca8,2026-09-19T18:51:30+0000
71,S400-072,SCOPUS_ID:0026551460,10.2105/AJPH.82.2.191,Attitudes about infertility interventions among fertile and infertile couples,American Journal Of Public Health,[],FALSE,,FALSE,,,,,,,TRUE,0.03,FALSE,no,0,1,1575,50,6.615e-5,293.016,,typesafe/jev-1.13-20260917,gen-dec-1789843885-JsPWVpb8tlLCCvSkyXW0,,1d16b25dcca8,2026-09-19T18:51:30+0000
72,S400-073,SCOPUS_ID:0029998449,10.1097/00001648-199607000-00007,The effect of maternal drinking before conception and in early pregnancy on infant birthweight,Epidemiology,"['alcohol drinking', 'birthweight', 'cohort studies', 'maternal behavior', 'pregnancy']",FALSE,,FALSE,,,,,,,TRUE,0.02,FALSE,no,0,1,1516,50,6.3672e-5,269.639,,typesafe/jev-1.13-20260917,gen-dec-1789843885-Tt9sLWv2ckI3mgeB9GYK,,1d16b25dcca8,2026-09-19T18:51:30+0000
73,S400-074,SCOPUS_ID:0027717196,10.1136/jech.47.6.450,"Marital status, indicators of sexual activity and prostatic cancer",Journal Of Epidemiology And Community Health,[],FALSE,,FALSE,,,,,,,TRUE,0.03,FALSE,no,0,1,1716,50,7.2072e-5,249.49699999999999,,typesafe/jev-1.13-20260917,gen-dec-1789843885-9RyN0Cwxb6jKOsEQWNDA,,1d16b25dcca8,2026-09-19T18:51:30+0000
74,S400-075,SCOPUS_ID:84907818355,10.2105/AJPH.2014.302131,Enhancing condom use among black male youths: A randomized controlled trial,American Journal Of Public Health,[],TRUE,,TRUE,,,,,,,TRUE,0.44,FALSE,no,0.49,0.03,1675,50,7.035e-5,266.52500000000003,,typesafe/jev-1.13-20260917,gen-dec-1789843885-69N0J13ASoZrs6DtZdJE,,1d16b25dcca8,2026-09-19T18:51:30+0000
75,S400-076,SCOPUS_ID:0026354316,10.1093/ije/20.4.921,A method for estimating alcohol-related liver cirrhosis mortality in Japan,International Journal Of Epidemiology,[],FALSE,,FALSE,,,,,,,TRUE,0.03,FALSE,no,0,1,1621,50,6.8082e-5,309.793,,typesafe/jev-1.13-20260917,gen-dec-1789843885-kXkAXA8uFS9et9QwhhN9,,1d16b25dcca8,2026-09-19T18:51:30+0000
76,S400-077,SCOPUS_ID:0029760312,10.1093/ije/25.4.829,Relationship between morbidity and extreme values of body mass index in adolescents,International Journal Of Epidemiology,"['Adolescents', 'BMI', 'Medical conditions', 'Overweight', 'Underweight']",TRUE,,TRUE,,,,,,,TRUE,0.96,TRUE,yes,1,1,1650,50,6.93e-5,434.461,,typesafe/jev-1.13-20260917,gen-dec-1789843885-fYEtlz9KGwA9zbmEYSvo,,1d16b25dcca8,2026-09-19T18:51:30+0000
77,S400-078,SCOPUS_ID:85026463152,10.1093/eurpub/ckw234,Adherence to cancer treatment guidelines: Influence of general and cancer-specific guideline characteristics,European Journal Of Public Health,[],TRUE,,TRUE,,,,,,,TRUE,0.77,TRUE,yes,0.92,0.84,1668,50,7.0056e-5,322.67600000000004,,typesafe/jev-1.13-20260917,gen-dec-1789843885-2qgRDGhaxiu0yZp4K1AO,,1d16b25dcca8,2026-09-19T18:51:30+0000
78,S400-079,SCOPUS_ID:0028306581,10.1093/ije/23.3.624,"Measles control in Kinshasa, Zaire improved with high coverage and use of medium titre edmonston zagreb vaccine at age 6 months",International Journal Of Epidemiology,[],FALSE,,FALSE,,,,,,,TRUE,0.11,FALSE,no,0.01,0.98,1818,50,7.6356e-5,347.4,,typesafe/jev-1.13-20260917,gen-dec-1789843885-Zg5O9zl5XZngqhnZbXbW,,1d16b25dcca8,2026-09-19T18:51:30+0000
79,S400-080,SCOPUS_ID:0033385724,10.1093/ije/28.6.1032,Cohort analysis of cigarette smoking and lung cancer incidence among Norwegian women,International Journal Of Epidemiology,"['Ecological study', 'Lung cancer', 'Non-smokers', 'Smoking cessation', 'Tobacco', 'Women']",FALSE,,FALSE,,,,,,,TRUE,0.04,FALSE,no,0,1,1650,50,6.93e-5,388.46999999999997,,typesafe/jev-1.13-20260917,gen-dec-1789843885-zbEaKIroGXSET3mcHlZy,,1d16b25dcca8,2026-09-19T18:51:30+0000
80,S400-081,SCOPUS_ID:85122245290,10.1007/s10654-021-00829-2,"Lifestyle risk factors and all-cause and cause-specific mortality: assessing the influence of reverse causation in a prospective cohort of 457,021 US adults",European Journal Of Epidemiology,"['Bias', 'Lifestyle risk factors', 'Mortality', 'Prospective study']",FALSE,,FALSE,,,,,,,TRUE,0.11,FALSE,no,0.04,0.93,1868,50,7.8456e-5,237.369,,typesafe/jev-1.13-20260917,gen-dec-1789843885-iMFekvQm9Vdb1IZHlr6l,,1d16b25dcca8,2026-09-19T18:51:30+0000
81,S400-082,SCOPUS_ID:85125662200,10.1016/j.ypmed.2022.107004,"Trends in risk factors and management strategies used by people with type 2 diabetes in New South Wales, Australia",Preventive Medicine,"['Nutrition', 'Obesity', 'Physical activity', 'Secondary prevention', 'Self-management behaviours', 'Type 2 diabetes']",TRUE,,TRUE,,,,,,,TRUE,0.93,TRUE,yes,1,0.99,1729,50,7.2618e-5,269.415,,typesafe/jev-1.13-20260917,gen-dec-1789843885-GsTUKSOTFT2NEmXLnkZG,,1d16b25dcca8,2026-09-19T18:51:30+0000
82,S400-083,SCOPUS_ID:66149134485,10.1097/EDE.0b013e3181931515,"Self-administered semiquantitative food frequency questionnaires: Patterns, predictors, and interpretation of omitted items",Epidemiology,[],FALSE,,FALSE,,,,,,,TRUE,0.04,FALSE,no,0,1,1718,50,7.2156e-5,241.79999999999998,,typesafe/jev-1.13-20260917,gen-dec-1789843885-FpW3aSejk92b9qKovxYM,,1d16b25dcca8,2026-09-19T18:51:30+0000
83,S400-084,SCOPUS_ID:85196041254,10.1016/j.amepre.2024.05.016,Communication Policy to Reduce Health Disparities: A Cross-Language Content Analysis of YouTube Television Advertising,American Journal Of Preventive Medicine,[],TRUE,,TRUE,,,,,,,TRUE,0.98,TRUE,yes,1,1,1828,50,7.6776e-5,282.414,,typesafe/jev-1.13-20260917,gen-dec-1789843885-7p6d0JhistrsW26njaVa,,1d16b25dcca8,2026-09-19T18:51:30+0000
84,S400-085,SCOPUS_ID:29044431976,10.1093/eurpub/cki035,Quality control of automatically defined cancer cases by the automated registration system of the Venetian Tumour Registry: Quality control of cancer cases automatically registered,European Journal Of Public Health,"['Automated registration', 'Cancer incidence', 'Quality control']",FALSE,,FALSE,,,,,,,TRUE,0.57,TRUE,yes,0.65,0.29,1637,50,6.8754e-5,235.088,,typesafe/jev-1.13-20260917,gen-dec-1789843885-o9YZHSkvTiDY5118sQUL,,1d16b25dcca8,2026-09-19T18:51:30+0000
85,S400-086,SCOPUS_ID:0031053641,10.1023/A:1007336609638,An outbreak of hepatitis A in a French day-care center and efforts to combat it,European Journal Of Epidemiology,"['Epidemic', 'Hepatitis A', 'Management of outbreak', 'Transmission']",FALSE,,FALSE,,,,,,,TRUE,0.08,FALSE,no,0.01,0.98,1557,50,6.5394e-5,366.013,,typesafe/jev-1.13-20260917,gen-dec-1789843885-CWBBCDLICYN9yVFhdn1p,,1d16b25dcca8,2026-09-19T18:51:30+0000
86,S400-087,SCOPUS_ID:84881175717,10.1093/aje/kws478,Changes in fish consumption in midlife and the risk of coronary heart disease in men and women,American Journal Of Epidemiology,"['causal inference', 'causal model', 'cohort', 'coronary artery disease', 'diet', 'intervention', 'lifestyle']",FALSE,,FALSE,,,,,,,TRUE,0.08,FALSE,no,0.01,0.99,1690,50,7.098e-5,278.974,,typesafe/jev-1.13-20260917,gen-dec-1789843885-PSSKi2AryauSodzEYkLH,,1d16b25dcca8,2026-09-19T18:51:30+0000
87,S400-088,SCOPUS_ID:85184833995,10.2105/AJPH.2023.307500,"COVID-19 Vaccination Rates Among North Dakota Residents Who Gave Birth Between April 1, 2021, and July 15, 2022",American Journal Of Public Health,[],TRUE,,TRUE,,,,,,,TRUE,0.81,TRUE,yes,0.96,0.92,1576,50,6.6192e-5,327.512,,typesafe/jev-1.13-20260917,gen-dec-1789843885-U0lqBWxN2tzwGTAm5GpY,,1d16b25dcca8,2026-09-19T18:51:30+0000
88,S400-089,SCOPUS_ID:0031021219,10.1097/00001648-199701000-00012,"Reproductive factors, oral contraceptive use, and risk of colorectal cancer",Epidemiology,"['cohort studies', 'colorectal cancer', 'menarche', 'menopause', 'oral contraceptive use', 'parity', 'reproductive factors']",FALSE,,FALSE,,,,,,,TRUE,0.03,FALSE,no,0,1,1642,50,6.8964e-5,224.20499999999998,,typesafe/jev-1.13-20260917,gen-dec-1789843885-wj0XIAxOOH0uUKqobiEY,,1d16b25dcca8,2026-09-19T18:51:30+0000
89,S400-090,SCOPUS_ID:67749135506,10.1093/aje/kwp146,"The physical and mental health of australian vietnam veterans 3 decades after the war and its relation to military service, combat, and post-traumatic stress disorder",American Journal Of Epidemiology,"['Combat disorders', 'Health status', 'Psychiatry', 'Stress disorders, post-traumatic', 'Veterans', 'Vietnam']",FALSE,,FALSE,,,,,,,TRUE,0.04,FALSE,no,0,1,1632,50,6.8544e-5,665.3430000000001,,typesafe/jev-1.13-20260917,gen-dec-1789843885-wWGPCRQEGQZUvC3PPXcY,,1d16b25dcca8,2026-09-19T18:51:30+0000
90,S400-091,SCOPUS_ID:0035740601,10.1023/A:1015622016579,American cutaneous leishmaniasis as a rare imported disease in Europe: A case report favourably treated with antimonial derivatives,European Journal Of Epidemiology,"['American cutaneous leishmaniasis', 'Imported disease', 'Italy', 'Meglumine antimoniate', 'Travel']",TRUE,,TRUE,"unclear if this is an empirical paper, sounds like it is just the description of a medical case study?",,,,,,TRUE,0.46,FALSE,yes,0.56,0.12,1437,50,6.0354e-5,310.112,,typesafe/jev-1.13-20260917,gen-dec-1789843885-lUdJLvETYoiqwfG68uw6,,1d16b25dcca8,2026-09-19T18:51:30+0000
91,S400-092,SCOPUS_ID:77950416585,10.1093/aje/kwp467,Dietary calcium and magnesium intake and mortality: A prospective study of men,American Journal Of Epidemiology,"['Calcium', 'Dietary supplements', 'Eating', 'Magnesium', 'Men', 'Mortality']",FALSE,,FALSE,,,,,,,TRUE,0.06,FALSE,no,0,1,1772,50,7.4424e-5,325.893,,typesafe/jev-1.13-20260917,gen-dec-1789843885-9wDxb4uh2aqLptpRAtgt,,1d16b25dcca8,2026-09-19T18:51:30+0000
92,S400-093,SCOPUS_ID:0344562873,10.1093/ije/28.4.640,Increasing inequality in ischaemic heart disease morbidity among employed men in Denmark 1981-1993: The need for a new preventive policy,International Journal Of Epidemiology,"['Bus driver', 'Cohort study', 'Hospitalization', 'Inequality', 'Ischaemic heart disease']",TRUE,,TRUE,,,,,,,TRUE,0.97,TRUE,yes,1,1,1696,50,7.1232e-5,272.08,,typesafe/jev-1.13-20260917,gen-dec-1789843885-Ffjr7FCaasJEtLPLwUEa,,1d16b25dcca8,2026-09-19T18:51:30+0000
93,S400-094,SCOPUS_ID:0032785256,10.2105/AJPH.89.8.1244,Adolescent reproductive events and subsequent breast cancer risk,American Journal Of Public Health,[],FALSE,,FALSE,,,,,,,TRUE,0.04,FALSE,no,0,1,1522,50,6.3924e-5,423.414,,typesafe/jev-1.13-20260917,gen-dec-1789843885-YAkLQJ75y4ZHhjVdycv2,,1d16b25dcca8,2026-09-19T18:51:30+0000
94,S400-095,SCOPUS_ID:85193744517,10.1007/s10654-024-01131-7,Serum neurofilament light chain as a prognostic marker of all-cause mortality in a national sample of US adults,European Journal Of Epidemiology,"['Aging', 'Biomarker', 'Mortality', 'Neurodegenerative disease', 'Neurofilament light chain', 'Population', 'Prognostic markers']",FALSE,,FALSE,,,,,,,TRUE,0.03,FALSE,no,0,1,1788,50,7.5096e-5,309.73499999999996,,typesafe/jev-1.13-20260917,gen-dec-1789843885-sCyWetEmErt6McrY7j4W,,1d16b25dcca8,2026-09-19T18:51:30+0000
95,S400-096,SCOPUS_ID:0028917862,10.2105/ajph.85.1.61,What if Americans drank less? The potential effect on the prevalence of alcohol abuse and dependence,American Journal Of Public Health,[],TRUE,,FALSE,they only mention direction of future resaerch,!!!,,,FALSE,,TRUE,0.45,FALSE,no,0.32,0.36,1573,50,6.6066e-5,294.98400000000004,,typesafe/jev-1.13-20260917,gen-dec-1789843885-OfLhrxIzjBggIOThqoQD,,1d16b25dcca8,2026-09-19T18:51:30+0000
96,S400-097,SCOPUS_ID:85047116797,10.1007/s10654-018-0410-z,Subjective social status and mortality: the English Longitudinal Study of Ageing,European Journal Of Epidemiology,"['Ageing', 'Inequalities', 'Mortality', 'Social status', 'Socioeconomic position']",FALSE,,FALSE,,,,,,,TRUE,0.03,FALSE,no,0,1,1709,50,7.1778e-5,256.15,,typesafe/jev-1.13-20260917,gen-dec-1789843885-KBnYx7XSEiazcXKmyFv0,,1d16b25dcca8,2026-09-19T18:51:30+0000
97,S400-098,SCOPUS_ID:85098472022,10.1093/eurpub/ckaa094,Parental mortality following the loss of a child to a drug-related death,European Journal Of Public Health,[],FALSE,,FALSE,,,,,,,TRUE,0.04,FALSE,no,0,1,1705,50,7.161e-5,232.513,,typesafe/jev-1.13-20260917,gen-dec-1789843885-EMpbYxg7XR1icYJN6fqq,,1d16b25dcca8,2026-09-19T18:51:30+0000
98,S400-099,SCOPUS_ID:85083852821,10.1136/jech-2019-213014,Association of big-5 personality traits with cognitive impairment and dementia: A longitudinal study,Journal Of Epidemiology And Community Health,[],FALSE,,FALSE,,,,,,,TRUE,0.03,FALSE,no,0,1,1850,50,7.77e-5,344.02700000000004,,typesafe/jev-1.13-20260917,gen-dec-1789843885-to811rvdErWBBQDF7H52,,1d16b25dcca8,2026-09-19T18:51:30+0000
99,S400-100,SCOPUS_ID:0031886269,10.2105/AJPH.88.1.68,Two alternative job stress models and the risk of coronary heart disease,American Journal Of Public Health,[],FALSE,,FALSE,,,,,,,TRUE,0.03,FALSE,no,0,1,1637,50,6.8754e-5,245.483,,typesafe/jev-1.13-20260917,gen-dec-1789843886-sqZYvimQMo1C8wxYHTN9,,1d16b25dcca8,2026-09-19T18:51:30+0000
100,S400-101,SCOPUS_ID:84935498474,10.1016/j.ypmed.2015.06.007,Perceived effectiveness of HPV test as a primary screening modality among US providers,Preventive Medicine,"['Cervical cancer', 'Health care providers', 'Human papillomavirus DNA test', 'Screening']",FALSE,,FALSE,,,,,,,TRUE,0.15,FALSE,no,0.05,0.9,1713,50,7.1946e-5,320.112,,typesafe/jev-1.13-20260917,gen-dec-1789843886-16gYoElllLnaEeeaViTg,,1d16b25dcca8,2026-09-19T18:51:30+0000
101,S400-102,SCOPUS_ID:0029980199,10.1007/BF00144423,"Prevalence of hepatitis b and c viruses infection in chronic alcoholics with or without liver disease in ioannina, greece: Low incidence of HCV infection",European Journal Of Epidemiology,"['Alcoholism', 'Hepatitis B virus', 'Hepatitis C virus', 'Heroin addiction']",FALSE,,FALSE,,,,,,,TRUE,0.04,FALSE,no,0,1,1686,50,7.0812e-5,291.283,,typesafe/jev-1.13-20260917,gen-dec-1789843886-McYN35P1o3BYPaq8KH89,,1d16b25dcca8,2026-09-19T18:51:30+0000
102,S400-103,SCOPUS_ID:85096967937,10.1136/jech-2020-214259,Overview of retrospective data harmonisation in the MINDMAP project: Process and results,Journal Of Epidemiology And Community Health,"['Cohort studies', 'epidemiology', 'longitudinal studies', 'methodology']",FALSE,,FALSE,,,,,,,TRUE,0.03,FALSE,no,0,1,1689,50,7.0938e-5,273.692,,typesafe/jev-1.13-20260917,gen-dec-1789843886-vMguHiE4S1xHzv8cvcEt,,1d16b25dcca8,2026-09-19T18:51:30+0000
103,S400-104,SCOPUS_ID:0041663950,10.1016/S0091-7435(03)00122-1,Social support reduces the impact of partner violence on health: Application of structural equation models,Preventive Medicine,"['Health', 'Modeling', 'Social support', 'Spouse abuse', 'Violence']",TRUE,,TRUE,,,,,,,TRUE,0.89,TRUE,yes,0.99,0.97,1766,50,7.4172e-5,417.072,,typesafe/jev-1.13-20260917,gen-dec-1789843886-F39jbeF0JVNe9nSwlbis,,1d16b25dcca8,2026-09-19T18:51:30+0000
104,S400-105,SCOPUS_ID:85167823364,10.1016/j.amepre.2023.05.004,Development of a Protocol for Objectively Measuring Digital Device Use in Youth,American Journal Of Preventive Medicine,[],FALSE,,FALSE,,,,,,,TRUE,0.04,FALSE,no,0,1,1767,50,7.4214e-5,276.351,,typesafe/jev-1.13-20260917,gen-dec-1789843886-Sxowt4C7ob4PeVSF8SSy,,1d16b25dcca8,2026-09-19T18:51:30+0000
105,S400-106,SCOPUS_ID:0026613837,10.1093/ije/21.1.82,"Perinatal mortality in Jeddah, Saudia Arabia",International Journal Of Epidemiology,[],TRUE,,TRUE,,,,,,,TRUE,0.95,TRUE,yes,1,1,1762,50,7.4004e-5,320.172,,typesafe/jev-1.13-20260917,gen-dec-1789843886-ZPBcw4pNYepWZk6LMnjf,,1d16b25dcca8,2026-09-19T18:51:30+0000
106,S400-107,SCOPUS_ID:84886431585,10.1093/ije/dyt168,"Skin cancer as a marker of sun exposure associates with myocardial infarction, hip fracture and death from any cause",International Journal Of Epidemiology,"['Hip fracture', 'Mortality', 'Myocardial infarction', 'Nationwide study', 'Skin cancer', 'Sun exposure']",FALSE,,FALSE,,,,,,,TRUE,0.04,FALSE,no,0,1,1875,50,7.875e-5,262.715,,typesafe/jev-1.13-20260917,gen-dec-1789843886-kP8NCj2w835Zi7NOM0TY,,1d16b25dcca8,2026-09-19T18:51:30+0000
107,S400-108,SCOPUS_ID:84893865482,10.1016/j.amepre.2013.11.008,From the bench to public health: Population-level implementation intentions in colorectal cancer screening,American Journal Of Preventive Medicine,[],TRUE,,TRUE,,,,,,,TRUE,0.66,TRUE,yes,0.76,0.52,1766,50,7.4172e-5,246.358,,typesafe/jev-1.13-20260917,gen-dec-1789843886-vqhUv1WmzU3mZIoOiZMz,,1d16b25dcca8,2026-09-19T18:51:30+0000
108,S400-109,SCOPUS_ID:84885847742,10.1016/j.ypmed.2013.06.023,Joint associations of poor diet quality and prolonged television viewing time with abnormal glucose metabolism in Australian men and women,Preventive Medicine,"['Food habits', 'Glucose metabolism disorders', 'Sedentary lifestyle', 'Television']",TRUE,marginal,FALSE,They only suggest future research?,!!!,,,TRUE,,TRUE,0.67,TRUE,yes,0.87,0.73,1625,50,6.825e-5,254.70100000000002,,typesafe/jev-1.13-20260917,gen-dec-1789843886-8jJWy08ll5YkkMDEzr9U,,1d16b25dcca8,2026-09-19T18:51:30+0000
109,S400-110,SCOPUS_ID:0030470141,10.1093/ije/25.6.1227,Asthma presentations to emergency departments in western Sydney during the January 1994 bushfires,International Journal Of Epidemiology,"['Asthma', 'Emergency department', 'Epidemiology', 'Fires', 'Particulate air pollution', 'Smoke']",FALSE,,FALSE,,,,,,,TRUE,0.03,FALSE,no,0,1,1741,50,7.3122e-5,296.385,,typesafe/jev-1.13-20260917,gen-dec-1789843886-8O4lR1pMKvyRl787iAAS,,1d16b25dcca8,2026-09-19T18:51:30+0000
110,S400-111,SCOPUS_ID:84880155431,10.2105/AJPH.2013.301429,State politics and the creation of health insurance exchanges,American Journal Of Public Health,[],TRUE,non-emperical,TRUE,,,,,,,TRUE,0.92,TRUE,yes,0.99,0.99,1456,50,6.1152e-5,291.637,,typesafe/jev-1.13-20260917,gen-dec-1789843886-fu3LkNHgEUq6avxVfDxQ,,1d16b25dcca8,2026-09-19T18:51:30+0000
111,S400-112,SCOPUS_ID:0033911501,10.1016/S0749-3797(00)00183-5,The cost to providers of participating in an immunization registry,American Journal Of Preventive Medicine,[],FALSE,borderline,FALSE,,,,,,,TRUE,0.65,TRUE,yes,0.75,0.51,1640,50,6.888e-5,307.44899999999996,,typesafe/jev-1.13-20260917,gen-dec-1789843886-Yg3JNPhRaFKpnfuSvbzf,,1d16b25dcca8,2026-09-19T18:51:30+0000
112,S400-113,SCOPUS_ID:84958244588,10.1016/j.ypmed.2016.01.022,Triglyceride-glucose index (TyG index) in comparison with fasting plasma glucose improved diabetes prediction in patients with normal fasting glucose: The Vascular-Metabolic CUN cohort,Preventive Medicine,"['Glucose', 'Insulin resistance', 'Prevention', 'Risk factor', 'Triglycerides', 'Type 2 diabetes']",FALSE,,FALSE,,,,,,,TRUE,0.06,FALSE,no,0,0.99,1809,50,7.5978e-5,332.25300000000004,,typesafe/jev-1.13-20260917,gen-dec-1789843886-pLjpdchx6ULqtoJhQ2gP,,1d16b25dcca8,2026-09-19T18:51:30+0000
113,S400-114,SCOPUS_ID:0030829999,10.2105/AJPH.87.9.1515,Mortality in Chicago attributed to the July 1995 heat wave,American Journal Of Public Health,[],FALSE,,FALSE,,,,,,,TRUE,0.05,FALSE,no,0,1,1516,50,6.3672e-5,269.734,,typesafe/jev-1.13-20260917,gen-dec-1789843886-upqUGV63oYFAMyHEzLHl,,1d16b25dcca8,2026-09-19T18:51:30+0000
114,S400-115,SCOPUS_ID:0026563526,10.1093/oxfordjournals.aje.a116270,Cigarette smoking and the risk of anogenital cancer,American Journal Of Epidemiology,"['Anus neoplasms', 'Cervix neoplasms', 'Papillomaviruses', 'Penile neoplasms', 'Smoking', 'Vaginal neoplasms', 'Vulval neoplasms']",FALSE,,FALSE,,,,,,,TRUE,0.03,FALSE,no,0,1,1655,50,6.951e-5,305.957,,typesafe/jev-1.13-20260917,gen-dec-1789843886-c1N8B8WmdkLvfIK0ozV1,,1d16b25dcca8,2026-09-19T18:51:30+0000
115,S400-116,SCOPUS_ID:85086524875,10.1093/eurpub/ckz155,Training community health nurses to measure parent-child interaction: A mixed-methods study,European Journal Of Public Health,[],TRUE,,TRUE,,,,,,,TRUE,0.47,FALSE,yes,0.6,0.2,1760,50,7.392e-5,292.36600000000004,,typesafe/jev-1.13-20260917,gen-dec-1789843886-L6OVIY6yGAYducwCeOEB,,1d16b25dcca8,2026-09-19T18:51:30+0000
116,S400-117,SCOPUS_ID:84942772548,10.1097/EDE.0000000000000301,Obesity and Risk of Infection: Results from the Danish Blood Donor Study,Epidemiology,[],FALSE,,FALSE,,,,,,,TRUE,0.03,FALSE,no,0,1,1810,50,7.602e-5,249.96699999999998,,typesafe/jev-1.13-20260917,gen-dec-1789843886-fGeCIZqU7fNrnMjKKwVG,,1d16b25dcca8,2026-09-19T18:51:30+0000
117,S400-118,SCOPUS_ID:34447123255,10.1093/aje/kwk119,Reproducibility and validity of the Shanghai Men's Health Study physical activity questionnaire,American Journal Of Epidemiology,"['Exercise', 'Questionnaires', 'Reproducibility of results', 'Validation studies']",FALSE,,FALSE,,,,,,,TRUE,0.02,FALSE,no,0,1,1758,50,7.3836e-5,282.60699999999997,,typesafe/jev-1.13-20260917,gen-dec-1789843886-PPWCoAzbWS43kNSxMcyM,,1d16b25dcca8,2026-09-19T18:51:30+0000
118,S400-119,SCOPUS_ID:50849090269,10.1016/j.amepre.2008.06.039,We Are What We Do. Research Outputs of Public Health,American Journal Of Preventive Medicine,[],FALSE,,FALSE,,,,,,,TRUE,0.08,FALSE,no,0,0.99,1931,50,8.1102e-5,272.463,,typesafe/jev-1.13-20260917,gen-dec-1789843886-MWr4fGjjUOXw2InMmZPb,,1d16b25dcca8,2026-09-19T18:51:30+0000
119,S400-120,SCOPUS_ID:78650915630,10.1136/jech.2009.097592,The influence of social capital on health in eight former Soviet countries: Why does it differ?,Journal Of Epidemiology And Community Health,[],TRUE,,TRUE,,,,,,,TRUE,0.91,TRUE,yes,0.99,0.99,1626,50,6.8292e-5,240.33599999999998,,typesafe/jev-1.13-20260917,gen-dec-1789843886-3QPYNxED4rrUWJ41GKm5,,1d16b25dcca8,2026-09-19T18:51:30+0000
120,S400-121,SCOPUS_ID:85066855164,10.1093/eurpub/cky240,Gender differences in common mental disorders: A comparison of social risk factors across four European welfare regimes,European Journal Of Public Health,[],FALSE,,FALSE,,,,,,,TRUE,0.04,FALSE,no,0,1,1657,50,6.9594e-5,250.94499999999996,,typesafe/jev-1.13-20260917,gen-dec-1789843886-6SMiI6IMnM709XAg2dAF,,1d16b25dcca8,2026-09-19T18:51:30+0000
121,S400-122,SCOPUS_ID:12344250773,10.1093/ije/dyh215,Household water source and the risk of childhood brain tumours: Results of the SEARCH International Brain Tumor Study,International Journal Of Epidemiology,"['Childhood brain tumours', 'Drinking water', 'Environmental exposures', 'Nitrates', 'Nitrites']",TRUE,marginal,FALSE,closer observation only?,!!!,,,FALSE,,TRUE,0.42,FALSE,no,0.38,0.23,1739,50,7.3038e-5,322.741,,typesafe/jev-1.13-20260917,gen-dec-1789843886-N0HmWsVPpMljgRxnVAh6,,1d16b25dcca8,2026-09-19T18:51:30+0000
122,S400-123,SCOPUS_ID:85068683010,10.2105/AJPH.2019.305150,Potential impact of 2020 US decennial census data collection on disaster preparedness and population mental health,American Journal Of Public Health,[],TRUE,non-emperical,TRUE,,,,,,,TRUE,0.46,FALSE,no,0.43,0.14,1540,50,6.468e-5,261.065,,typesafe/jev-1.13-20260917,gen-dec-1789843886-UWMUzVaZrAnWwXsO4ojM,,1d16b25dcca8,2026-09-19T18:51:30+0000
123,S400-124,SCOPUS_ID:85107081723,10.1093/ije/dyaa220,Categories and health impacts of intimate partner violence in the World Health Organization multi-country study on women’s health and domestic violence,International Journal Of Epidemiology,"['combined abuse/ violence', 'emotional abuse/ violence', 'health', 'Intimate partner violence (IPV)', 'measurement', 'physical abuse/ violence', 'psychological abuse/ violence', 'sexual abuse/ violence']",TRUE,,TRUE,,,,,,,TRUE,0.75,TRUE,yes,0.87,0.73,1768,50,7.4256e-5,252.662,,typesafe/jev-1.13-20260917,gen-dec-1789843886-OXYe9w0DlnHRjcZFmthH,,1d16b25dcca8,2026-09-19T18:51:30+0000
124,S400-125,SCOPUS_ID:84884940749,10.1093/aje/kwt093,Increased asthma risk and asthma-related health care complications associated with childhood obesity,American Journal Of Epidemiology,"['asthma', 'body mass index', 'cohort studies', 'obesity', 'overweight', 'severe asthma']",FALSE,,FALSE,,,,,,,TRUE,0.04,FALSE,no,0,1,1753,50,7.3626e-5,282.74399999999997,,typesafe/jev-1.13-20260917,gen-dec-1789843886-4LEzXowFJc4BTObrvO0E,,1d16b25dcca8,2026-09-19T18:51:30+0000
125,S400-126,SCOPUS_ID:7244228050,10.1007/s10654-004-5760-z,Serum carotenoids and vitamins in relation to markers of endothelial,European Journal Of Epidemiology,"['Carotenoids', 'Endothelial function', 'Humans', 'Inflammation', 'Vitamins']",FALSE,,FALSE,,,,,,,TRUE,0.03,FALSE,no,0,1,1852,50,7.7784e-5,303.772,,typesafe/jev-1.13-20260917,gen-dec-1789843886-KUWf1SKQprYoJuM3S80U,,1d16b25dcca8,2026-09-19T18:51:30+0000
126,S400-127,SCOPUS_ID:27144491868,10.1093/ije/dyi069,Covariance components models for longitudinal family data,International Journal Of Epidemiology,"['Bayesian', 'Family studies', 'Genetic epidemiology', 'Gibbs sampling', 'Longitudinal', 'MCMC']",FALSE,,FALSE,,,,,,,TRUE,0.03,FALSE,no,0,1,1691,50,7.1022e-5,297.383,,typesafe/jev-1.13-20260917,gen-dec-1789843886-X2mBMTL1PC1BChSzQwbv,,1d16b25dcca8,2026-09-19T18:51:30+0000
127,S400-128,SCOPUS_ID:85092529671,10.2105/AJPH.2020.305827,HPV vaccine searches on pinterest: Before and after pinterest's actions to moderate content,American Journal Of Public Health,[],FALSE,,FALSE,,,,,,,TRUE,0.09,FALSE,no,0.01,0.99,1586,50,6.6612e-5,275.307,,typesafe/jev-1.13-20260917,gen-dec-1789843886-VD8wbaUMc5jYr76p406z,,1d16b25dcca8,2026-09-19T18:51:30+0000
128,S400-129,SCOPUS_ID:0027338509,10.1093/ije/22.5.917,A community-based randomized trial of home-made oral rehydration therapies,International Journal Of Epidemiology,[],FALSE,borderline,FALSE,,,,,,,TRUE,0.12,FALSE,no,0.02,0.95,1691,50,7.1022e-5,271.48,,typesafe/jev-1.13-20260917,gen-dec-1789843886-jZime4q6HvUpIcTxUNlv,,1d16b25dcca8,2026-09-19T18:51:30+0000
129,S400-130,SCOPUS_ID:84900298398,10.1093/aje/kwu029,"Age, period, and cohort effects in psychological distress in the United States and Canada",American Journal Of Epidemiology,"['age-period-cohort effects', 'anxiety', 'Canada', 'Canadian Community Health Surveys', 'depression', 'National Health Interview Surveys', 'psychological distress', 'United States']",FALSE,,FALSE,,,,,,,TRUE,0.09,FALSE,no,0.02,0.96,1796,50,7.5432e-5,244.428,,typesafe/jev-1.13-20260917,gen-dec-1789843887-cytMd1KIQObD9BQcy6WP,,1d16b25dcca8,2026-09-19T18:51:30+0000
130,S400-131,SCOPUS_ID:0034804759,10.1093/eurpub/11.3.257,Aids and contraception: Unanticipated effects of AIDS prevention campaigns,European Journal Of Public Health,"['AIDS', 'Contraception', 'Prevention campaigns']",FALSE,,FALSE,,,,,,,TRUE,0.18,FALSE,no,0.09,0.81,1510,50,6.342e-5,281.285,,typesafe/jev-1.13-20260917,gen-dec-1789843887-bufWHQOmVbjsWtXFS0qe,,1d16b25dcca8,2026-09-19T18:51:30+0000
131,S400-132,SCOPUS_ID:42049099245,10.1093/aje/kwm394,Associations of the local food environment with diet quality - A comparison of assessments based on surveys and geographic information systems,American Journal Of Epidemiology,"['Diet', 'Food', 'Residence characteristics', 'Social class']",TRUE,,TRUE,,,,,,,TRUE,0.74,TRUE,yes,0.93,0.86,1738,50,7.2996e-5,334.112,,typesafe/jev-1.13-20260917,gen-dec-1789843887-J3uMlOSGwA6zC7MQNFLN,,1d16b25dcca8,2026-09-19T18:51:30+0000
132,S400-133,SCOPUS_ID:84905645636,10.1093/ije/dyu091,Weight status in young adulthood and survival after cardiovascular diseases and cancer,International Journal Of Epidemiology,"['Cancer', 'Cardiovascular diseases', 'Fatality', 'Mortality', 'Overweight']",TRUE,,FALSE,"I was not sure for this one, they mainly say important public health issue?",!!!,,,TRUE,"I agree, let's put TRUE",TRUE,0.85,TRUE,yes,0.96,0.92,1894,50,7.9548e-5,319.375,,typesafe/jev-1.13-20260917,gen-dec-1789843887-hws8FjrbTo3M4yhZOFSd,,1d16b25dcca8,2026-09-19T18:51:30+0000
133,S400-134,SCOPUS_ID:23844439274,10.1136/jech.2004.031674,Oil combustion and childhood cancers,Journal Of Epidemiology And Community Health,[],FALSE,,FALSE,,,,,,,TRUE,0.06,FALSE,no,0,1,1761,50,7.3962e-5,263.56800000000004,,typesafe/jev-1.13-20260917,gen-dec-1789843887-pqcnclmupLBMxLYooV5C,,1d16b25dcca8,2026-09-19T18:51:30+0000
134,S400-135,SCOPUS_ID:0028596030,10.1093/ije/23.6.1262,Pattern of drug use in a general population—prevalence and predicting factors: The tromsø study,International Journal Of Epidemiology,[],FALSE,,FALSE,,,,,,,TRUE,0.03,FALSE,no,0,1,1845,50,7.749e-5,291.15999999999997,,typesafe/jev-1.13-20260917,gen-dec-1789843887-YZRvLydYQedBmU7rRUZ2,,1d16b25dcca8,2026-09-19T18:51:30+0000
135,S400-136,SCOPUS_ID:0000517489,10.1093/eurpub/5.3.215,Dilemmas in sickness certification among Swedish physicians,European Journal Of Public Health,"['Critical incident technique', 'Physicians', 'Sickness certification', 'Sickness insurance system']",TRUE,,TRUE,,,,,,,TRUE,0.93,TRUE,yes,1,0.99,1642,50,6.8964e-5,265.43,,typesafe/jev-1.13-20260917,gen-dec-1789843887-zYcy5AK9wtNlitIuqASk,,1d16b25dcca8,2026-09-19T18:51:30+0000
136,S400-137,SCOPUS_ID:84941347345,10.2105/AJPH.2015.302751,Public support for family smoking prevention and tobacco control act point-of-sale provisions: Results of a national study,American Journal Of Public Health,[],TRUE,,TRUE,,,,,,,TRUE,0.97,TRUE,yes,1,1,1599,50,6.7158e-5,274.169,,typesafe/jev-1.13-20260917,gen-dec-1789843887-V6yaM25S8V90IJaMDIRi,,1d16b25dcca8,2026-09-19T18:51:30+0000
137,S400-138,SCOPUS_ID:78650896445,10.2105/AJPH.2009.184895,Health care capacity and allocations among South Africa's provinces: Infrastructure-inequality traps after the end of apartheid,American Journal Of Public Health,[],FALSE,,FALSE,,,,,,,TRUE,0.22,FALSE,no,0.09,0.83,1668,50,7.0056e-5,312.471,,typesafe/jev-1.13-20260917,gen-dec-1789843887-tS2edXc6gZ5lRMABKeBg,,1d16b25dcca8,2026-09-19T18:51:30+0000
138,S400-139,SCOPUS_ID:84939491186,10.1093/eurpub/cku158,Information preferences of the general population when faced with life-limiting illness,European Journal Of Public Health,[],TRUE,,TRUE,,,,,,,TRUE,0.78,TRUE,yes,0.93,0.86,1673,50,7.0266e-5,561.608,,typesafe/jev-1.13-20260917,gen-dec-1789843887-vMsLPu5ohpdylxWyUjLs,,1d16b25dcca8,2026-09-19T18:51:30+0000
139,S400-140,SCOPUS_ID:84957435170,10.1097/EDE.0000000000000417,Amyotrophic lateral sclerosis and the military: A population-based study in the danish registries,Epidemiology,[],FALSE,,FALSE,,,,,,,TRUE,0.03,FALSE,no,0,1,1722,50,7.2324e-5,256.44800000000004,,typesafe/jev-1.13-20260917,gen-dec-1789843887-b5RUk7zgk2BMHyAd1Sl2,,1d16b25dcca8,2026-09-19T18:51:30+0000
140,S400-141,SCOPUS_ID:68849109738,10.2105/AJPH.2007.127886,Changes in cigarette use and nicotine dependence in the United States: Evidence from the 2001-2002 wave of the national epidemiologic survey of alcoholism and related conditions,American Journal Of Public Health,[],TRUE,,TRUE,,,,,,,TRUE,0.8,TRUE,yes,0.93,0.86,1542,50,6.4764e-5,262.014,,typesafe/jev-1.13-20260917,gen-dec-1789843887-ORZM5p0k08uQVGNAFQ59,,1d16b25dcca8,2026-09-19T18:51:30+0000
141,S400-142,SCOPUS_ID:0346725916,10.1136/jech.58.1.71,Neighbourhood deprivation and incidence of coronary heart disease: A multilevel study of 2.6 million women and men in Sweden,Journal Of Epidemiology And Community Health,[],TRUE,,TRUE,,,,,,,TRUE,0.89,TRUE,yes,0.98,0.96,1647,50,6.9174e-5,240.345,,typesafe/jev-1.13-20260917,gen-dec-1789843887-MQUDkmZTzYiAFjNK0Vtr,,1d16b25dcca8,2026-09-19T18:51:30+0000
142,S400-143,SCOPUS_ID:37349111038,10.1097/EDE.0b013e31815be01c,Nested randomized trials in large cohorts and biobanks: Studying the health effects of lifestyle factors,Epidemiology,[],FALSE,,FALSE,,,,,,,TRUE,0.1,FALSE,no,0.02,0.96,1691,50,7.1022e-5,282.11,,typesafe/jev-1.13-20260917,gen-dec-1789843887-2hUlpHNr7pKjUc1pz7CR,,1d16b25dcca8,2026-09-19T18:51:30+0000
143,S400-144,SCOPUS_ID:0037371014,10.2105/AJPH.93.3.447,Disparities in trends of hospitalization for potentially preventable chronic conditions among African Americans during the 1990s: Implications and benchmarks,American Journal Of Public Health,[],FALSE,,FALSE,,,,,,,TRUE,0.11,FALSE,no,0.02,0.95,1527,50,6.4134e-5,235.549,,typesafe/jev-1.13-20260917,gen-dec-1789843887-l7TswzwriOOPNlzwHgGi,,1d16b25dcca8,2026-09-19T18:51:30+0000
144,S400-145,SCOPUS_ID:77149160365,10.1016/j.ypmed.2009.12.008,Telephone intervention promoting weight-related health behaviors,Preventive Medicine,"['Fruit and vegetable consumption', 'Physical activity', 'Telephone intervention', 'Weight management', 'Worksite behavioral medicine']",TRUE,,TRUE,,,,,,,TRUE,0.08,FALSE,no,0.01,0.99,1632,50,6.8544e-5,292.151,,typesafe/jev-1.13-20260917,gen-dec-1789843887-vxNpwrgHWauMR7m7o49B,,1d16b25dcca8,2026-09-19T18:51:30+0000
145,S400-146,SCOPUS_ID:0031695431,10.1016/S0749-3797(98)00056-7,The wisconsin firearm-related injury surveillance system,American Journal Of Preventive Medicine,[],FALSE,,FALSE,,,,,,,TRUE,0.16,FALSE,no,0.06,0.87,1672,50,7.0224e-5,283.43,,typesafe/jev-1.13-20260917,gen-dec-1789843887-XQobG8GTMdHQ5fXW9TGb,,1d16b25dcca8,2026-09-19T18:51:30+0000
146,S400-147,SCOPUS_ID:0031951803,10.1016/S0749-3797(97)00018-4,Work organization and atherosclerosis: Findings from the ARIC study,American Journal Of Preventive Medicine,"['Atherosclerosis', 'Cardiovascular disease', 'Occupational health', 'Socioeconomic factors', 'Stress', 'Stressful events']",FALSE,,FALSE,,,,,,,TRUE,0.04,FALSE,no,0,1,1641,50,6.8922e-5,291.143,,typesafe/jev-1.13-20260917,gen-dec-1789843887-hkHwGlG5xp6DoIKf5klQ,,1d16b25dcca8,2026-09-19T18:51:30+0000
147,S400-148,SCOPUS_ID:85008455048,10.1016/j.amepre.2016.10.039,Sexual Orientation and Sleep in the U.S.: A National Profile,American Journal Of Preventive Medicine,[],TRUE,,TRUE,,,,,,,TRUE,0.94,TRUE,yes,1,0.99,1669,50,7.0098e-5,336.39599999999996,,typesafe/jev-1.13-20260917,gen-dec-1789843887-6cIgpRdCR7lr4hGT4iXE,,1d16b25dcca8,2026-09-19T18:51:30+0000
148,S400-149,SCOPUS_ID:0028268490,10.1093/oxfordjournals.aje.a117048,"Air pollution and hospital admissions for the elderly in Birmingham, Alabama",American Journal Of Epidemiology,"['Air pollutants', 'Hospital admissions', 'Inhalable particles', 'Lung diseases', 'Ozone']",FALSE,,FALSE,,,,,,,TRUE,0.03,FALSE,no,0,1,1791,50,7.5222e-5,349.24,,typesafe/jev-1.13-20260917,gen-dec-1789843887-ilQ92qkiYCHTI4RdXvyq,,1d16b25dcca8,2026-09-19T18:51:30+0000
149,S400-150,SCOPUS_ID:78650474664,10.1093/aje/kwq334,Relation of children's dietary reporting accuracy to cognitive ability,American Journal Of Epidemiology,"['bias (epidemiology)', 'child', 'diet surveys', 'intelligence', 'mental recall']",FALSE,,FALSE,,,,,,,TRUE,0.05,FALSE,no,0,0.99,1614,50,6.7788e-5,392.31,,typesafe/jev-1.13-20260917,gen-dec-1789843887-c2Jwpk95H6UXm145x4ov,,1d16b25dcca8,2026-09-19T18:51:30+0000
150,S400-151,SCOPUS_ID:0030999126,10.1006/pmed.1996.9996,Nutrition guidance by primary-care physicians: LISREL analysis improves understanding,Preventive Medicine,"['determinants', 'LISREL', 'mechanism of action', 'nutrition guidance', 'primary-care physician']",FALSE,,FALSE,,,,,,,TRUE,0.89,TRUE,yes,0.99,0.97,1637,50,6.8754e-5,288.614,,typesafe/jev-1.13-20260917,gen-dec-1789843887-EbLiPjR8asS3ESOeg4so,,1d16b25dcca8,2026-09-19T18:51:30+0000
151,S400-152,SCOPUS_ID:84994182287,10.1016/j.amepre.2016.08.027,"Deaths Due to Use of Lethal Force by Law Enforcement: Findings From the National Violent Death Reporting System, 17 U.S. States, 2009–2012",American Journal Of Preventive Medicine,[],TRUE,,TRUE,,,,,,,TRUE,0.86,TRUE,yes,0.96,0.91,1739,50,7.3038e-5,376.923,,typesafe/jev-1.13-20260917,gen-dec-1789843887-VbK9BSaMy5eKGVgZODxc,,1d16b25dcca8,2026-09-19T18:51:30+0000
152,S400-153,SCOPUS_ID:0029994448,10.1097/00001648-199607000-00004,Acetaminophen and renal and bladder cancer,Epidemiology,"['acetaminophen', 'bladder cancer', 'case-control study', 'renal cancer']",FALSE,,FALSE,,,,,,,TRUE,0.03,FALSE,no,0,1,1599,50,6.7158e-5,272.95399999999995,,typesafe/jev-1.13-20260917,gen-dec-1789843887-4LZu9VEFQhe9RNfur9JQ,,1d16b25dcca8,2026-09-19T18:51:30+0000
153,S400-154,SCOPUS_ID:85147186589,10.1097/EDE.0000000000001578,Performance of Multiple Imputation Using Modern Machine Learning Methods in Electronic Health Records Data,Epidemiology,"['Chained equations', 'Denoising autoencoders', 'Electronic health records', 'Missing data', 'Multiple imputation', 'Plasmode simulation', 'Random forests']",FALSE,,FALSE,,,,,,,TRUE,0.05,FALSE,no,0,1,1710,50,7.182e-5,357.819,,typesafe/jev-1.13-20260917,gen-dec-1789843887-hwfyA4kbTkq8QFWULMc2,,1d16b25dcca8,2026-09-19T18:51:30+0000
154,S400-155,SCOPUS_ID:8544279601,10.1023/A:1007374810981,"The prevalence of HCV infection in a cohort of pregnant women, the related risk factors and the possibility of vertical transmission",European Journal Of Epidemiology,"['Follow-up studies', 'Hepatitis C virus-RNA', 'Pregnant women', 'Vertical transmission']",FALSE,,FALSE,,,,,,,TRUE,0.03,FALSE,no,0,1,1690,50,7.098e-5,283.937,,typesafe/jev-1.13-20260917,gen-dec-1789843887-Ab51tch5q2hX4Tee0LQy,,1d16b25dcca8,2026-09-19T18:51:30+0000
155,S400-156,SCOPUS_ID:85064194436,10.1093/ije/dyy283,Welfare regimes modify the association of disadvantaged adult-life socioeconomic circumstances with self-rated health in old age,International Journal Of Epidemiology,"['Europe', 'healthy aging', 'longitudinal studies', 'multilevel analysis', 'Social conditions', 'social welfare']",FALSE,,FALSE,,,,,,,TRUE,0.04,FALSE,no,0,1,1718,50,7.2156e-5,282.962,,typesafe/jev-1.13-20260917,gen-dec-1789843887-SUYKPihJuKNQZLUlLuMZ,,1d16b25dcca8,2026-09-19T18:51:30+0000
156,S400-157,SCOPUS_ID:0034104313,10.1016/S0749-3797(00)00124-0,Smoking cessation with and without assistance: A population-based analysis,American Journal Of Preventive Medicine,[],FALSE,,FALSE,,,,,,,TRUE,0.09,FALSE,no,0.01,0.99,1670,50,7.014e-5,276.217,,typesafe/jev-1.13-20260917,gen-dec-1789843887-j8a4vI9kDF2vDwuKBiUR,,1d16b25dcca8,2026-09-19T18:51:30+0000
157,S400-158,SCOPUS_ID:0025122790,10.1093/oxfordjournals.aje.a115687,Defining osteoarthritis of the hip for epidemiologic studies,American Journal Of Epidemiology,"['Diagnosis', 'Hip', 'Osteoarthritis']",FALSE,,FALSE,,,,,,,TRUE,0.06,FALSE,no,0.01,0.99,1644,50,6.9048e-5,258.52000000000004,,typesafe/jev-1.13-20260917,gen-dec-1789843888-765COftvlw1k2JTmOuqO,,1d16b25dcca8,2026-09-19T18:51:30+0000
158,S400-159,SCOPUS_ID:0037253184,10.1023/A:1022556718939,Relative and absolute gender gap in all-cause mortality in Europe and the contribution of smoking,European Journal Of Epidemiology,"['Ecological', 'Epidemiology', 'Europe', 'Gender differences', 'International', 'Life expectancy', 'Male-female', 'Mortality', 'Smoking']",FALSE,,FALSE,,,,,,,TRUE,0.04,FALSE,no,0,1,1773,50,7.4466e-5,319.748,,typesafe/jev-1.13-20260917,gen-dec-1789843888-f3cpcrU8FSIE5N8ufwft,,1d16b25dcca8,2026-09-19T18:51:30+0000
159,S400-160,SCOPUS_ID:85183571500,10.1016/j.ypmed.2024.107858,The importance of a healthy lifestyle despite chronic pain: Prospective cohort with 11-year register follow-up,Preventive Medicine,"['BMI', 'Disability pension', 'Physical activity', 'Risk behavior', 'Smoking']",TRUE,,TRUE,,,,,,,TRUE,0.92,TRUE,yes,0.99,0.99,1685,50,7.077e-5,288.632,,typesafe/jev-1.13-20260917,gen-dec-1789843888-3txLCtSMZlaqIO1pRXVE,,1d16b25dcca8,2026-09-19T18:51:30+0000
160,S400-161,SCOPUS_ID:0036205743,10.1093/eurpub/12.1.16,"Some biological cardiovascular risk factors and diet in samples of the male population of Tallinn, Estonia in 1984/1985 and 1992/1993",European Journal Of Public Health,"['Changes', 'Diet', 'Epidemiological studies', 'Male population', 'Risk factors']",FALSE,,FALSE,,,,,,,TRUE,0.04,FALSE,no,0,1,1727,50,7.2534e-5,333.42,,typesafe/jev-1.13-20260917,gen-dec-1789843888-3n5Z7o06s77QW0Ee3Bar,,1d16b25dcca8,2026-09-19T18:51:30+0000
161,S400-162,SCOPUS_ID:79958816946,10.1093/aje/kwr050,"The gap of visual impairment between economic groups in shahroud, Iran: A blinder-oaxaca decomposition",American Journal Of Epidemiology,"['health status disparities', 'Iran', 'socioeconomic factors', 'visual acuity']",FALSE,,FALSE,,,,,,,TRUE,0.08,FALSE,no,0.01,0.98,1618,50,6.7956e-5,259.10699999999997,,typesafe/jev-1.13-20260917,gen-dec-1789843888-9mJJpLqeXVFmq2y4bLmV,,1d16b25dcca8,2026-09-19T18:51:30+0000
162,S400-163,SCOPUS_ID:34447328699,10.1007/s10654-007-9129-y,Epidemiology of cleft palate alone and cleft palate with accompanying defects,European Journal Of Epidemiology,"['Birth defects', 'Cleft palate', 'Multiple abnormalities', 'Sex distribution']",FALSE,,FALSE,,,,,,,TRUE,0.03,FALSE,no,0,1,1645,50,6.909e-5,274.918,,typesafe/jev-1.13-20260917,gen-dec-1789843888-gaG4W2uojf0lQtJrZK8F,,1d16b25dcca8,2026-09-19T18:51:30+0000
163,S400-164,SCOPUS_ID:0026644349,10.1093/oxfordjournals.aje.a116420,Second primary cancers following anal and cervical carcinoma: Evidence of shared etiologic factors,American Journal Of Epidemiology,"['Anus neoplasms', 'Cervix neoplasms', 'Papillomaviruses', 'Registries', 'Smoking']",FALSE,,FALSE,,,,,,,TRUE,0.03,FALSE,no,0,1,1721,50,7.2282e-5,272.25500000000005,,typesafe/jev-1.13-20260917,gen-dec-1789843888-lY5p0JKMFpaP8fjypatV,,1d16b25dcca8,2026-09-19T18:51:30+0000
164,S400-165,SCOPUS_ID:85072057658,10.1093/ije/dyz071,"The relationship between sleep duration, cognition and dementia: A Mendelian randomization study",International Journal Of Epidemiology,"['cognition', 'dementia', 'Mendelian randomization', 'Sleep duration']",FALSE,,FALSE,,,,,,,TRUE,0.03,FALSE,no,0,1,1840,50,7.728e-5,367.24,,typesafe/jev-1.13-20260917,gen-dec-1789843888-WIlejn60rzwI5whYsm9w,,1d16b25dcca8,2026-09-19T18:51:30+0000
165,S400-166,SCOPUS_ID:53049110432,10.1016/j.ypmed.2008.07.004,"The Groningen Active Living Model, an example of successful recruitment of sedentary and underactive older adults",Preventive Medicine,"['Older adults', 'Primary prevention', 'Recruitment', 'Sedentary']",TRUE,,TRUE,"I was borderline on this one, I initally thought it was mainly research outreach",,,,,,TRUE,0.15,FALSE,no,0.05,0.89,1578,50,6.6276e-5,255.415,,typesafe/jev-1.13-20260917,gen-dec-1789843888-XEEwIfMAzsh9qGTmoSbW,,1d16b25dcca8,2026-09-19T18:51:30+0000
166,S400-167,SCOPUS_ID:85104048158,10.1093/aje/kwaa221,"Does the Union Make Us Strong? Labor-Union Membership, Self-Rated Health, and Mental Illness: A Parametric G-Formula Approach",American Journal Of Epidemiology,"['g-computation', 'healthy-worker bias', 'labor movement', 'labor unions', 'occupational health', 'parametric g-formula', 'social determinants of health']",FALSE,,FALSE,,,,,,,TRUE,0.03,FALSE,no,0,1,1753,50,7.3626e-5,320.875,,typesafe/jev-1.13-20260917,gen-dec-1789843888-uvSp1fafr8znc71ZLPUf,,1d16b25dcca8,2026-09-19T18:51:30+0000
167,S400-168,SCOPUS_ID:85054501202,10.1136/jech-2018-210961,Impact of the NHS Health Check on inequalities in cardiovascular disease risk: A difference-in-differences matching analysis,Journal Of Epidemiology And Community Health,"['cardiovascular disease', 'health inequalities', 'health services', 'prevention', 'screening']",TRUE,,TRUE,,,,,,,TRUE,0.84,TRUE,yes,0.96,0.92,1812,50,7.6104e-5,278.914,,typesafe/jev-1.13-20260917,gen-dec-1789843888-VHqQqRGkGOD34LatS47S,,1d16b25dcca8,2026-09-19T18:51:30+0000
168,S400-169,SCOPUS_ID:32144437941,10.1016/j.ypmed.2005.08.007,Metabolic syndrome in Japanese men and women with special reference to the anthropometric criteria for the assessment of obesity: Proposal to use the waist-to-height ratio,Preventive Medicine,"['BMI', 'Japanese', 'Metabolic syndrome', 'Waist circumference', 'Waist-to-height ratio']",FALSE,,FALSE,,,,,,,TRUE,0.21,FALSE,no,0.13,0.73,1683,50,7.0686e-5,278.734,,typesafe/jev-1.13-20260917,gen-dec-1789843888-JYucqQ9OZbpVjf8QDKPl,,1d16b25dcca8,2026-09-19T18:51:30+0000
169,S400-170,SCOPUS_ID:0025922652,10.1136/jech.45.2.125,"All cause mortality and its determinants in middle aged men in Finland, The Netherlands, and Italy in a 25 year follow up",Journal Of Epidemiology And Community Health,[],FALSE,,FALSE,,,,,,,TRUE,0.03,FALSE,no,0,1,1781,50,7.4802e-5,350.19800000000004,,typesafe/jev-1.13-20260917,gen-dec-1789843888-xnH92Ne3hBtWgYe8Uvho,,1d16b25dcca8,2026-09-19T18:51:30+0000
170,S400-171,SCOPUS_ID:84939634501,10.1093/ije/dyv061,Resting heart rate on the decline: The Tromsø Study 1986-2007,International Journal Of Epidemiology,"['Epidemiology', 'Heart rate', 'Linear mixed models', 'Longitudinal', 'Risk factors', 'Trends']",FALSE,,FALSE,,,,,,,TRUE,0.27,FALSE,no,0.21,0.58,1715,50,7.203e-5,250.23299999999998,,typesafe/jev-1.13-20260917,gen-dec-1789843888-TDVDVRj46Xpxz7VBS7P5,,1d16b25dcca8,2026-09-19T18:51:30+0000
171,S400-172,SCOPUS_ID:85110988216,10.1093/aje/kwab031,Prediction of Cardiovascular Disease Risk Accounting for Future Initiation of Statin Treatment,American Journal Of Epidemiology,"['cardiovascular disease', 'electronic health records', 'future statin initiation', 'longitudinal data', 'risk prediction', 'treatment drop-in']",FALSE,,FALSE,,,,,,,TRUE,0.07,FALSE,no,0,1,1672,50,7.0224e-5,347.065,,typesafe/jev-1.13-20260917,gen-dec-1789843888-8bTLSB51uPPvg4YPYvrp,,1d16b25dcca8,2026-09-19T18:51:30+0000
172,S400-173,SCOPUS_ID:0026614455,10.1136/jech.46.3.293,Quantitative indicators for a healthy city - The Rotterdam local health information system,Journal Of Epidemiology And Community Health,[],TRUE,,TRUE,,,,,,,TRUE,0.71,TRUE,yes,0.79,0.59,1607,50,6.7494e-5,338.129,,typesafe/jev-1.13-20260917,gen-dec-1789843888-D22KTzrN8wYoApEZnDbI,,1d16b25dcca8,2026-09-19T18:51:30+0000
173,S400-174,SCOPUS_ID:0028991655,10.1136/jech.49.4.431,The ten questions screen for childhood disabilities: Its uses and limitations in Pakistan,Journal Of Epidemiology And Community Health,[],TRUE,,FALSE,I think this is only about research screening,!!!,,,FALSE,,TRUE,0.21,FALSE,no,0.11,0.78,1623,50,6.8166e-5,475.832,,typesafe/jev-1.13-20260917,gen-dec-1789843888-gAK7LstRE67nZggX0pxW,,1d16b25dcca8,2026-09-19T18:51:30+0000
174,S400-175,SCOPUS_ID:45449091729,10.1016/j.ypmed.2008.02.027,Physical activity and perceived environmental attributes in a sample of Portuguese adults: Results from the Azorean Physical Activity and Health Study,Preventive Medicine,"['Environmental attributes', 'IPAQ', 'Physical activity']",TRUE,,TRUE,,,,,,,TRUE,0.91,TRUE,yes,0.99,0.99,1658,50,6.9636e-5,361.088,,typesafe/jev-1.13-20260917,gen-dec-1789843888-FJ4hUDJwPJiF7JggFFL7,,1d16b25dcca8,2026-09-19T18:51:30+0000
175,S400-176,SCOPUS_ID:34447340936,10.1093/ije/dyl252,The relationship between parity and overweight varies with household wealth and national development,International Journal Of Epidemiology,"['Developing countries', 'Obesity', 'Overweight', 'Parity', 'Reproduction']",TRUE,,TRUE,,,,,,,TRUE,0.97,TRUE,yes,1,1,1681,50,7.0602e-5,306.93399999999997,,typesafe/jev-1.13-20260917,gen-dec-1789843888-0WLclrV2KL2OvHMGfTs6,,1d16b25dcca8,2026-09-19T18:51:30+0000
176,S400-177,SCOPUS_ID:0030912127,10.1016/s0749-3797(18)30192-2,Use of automated reminders for tuberculin skin test return,American Journal Of Preventive Medicine,"['Automation', 'Reminder systems', 'Telephone', 'Tuberculin test', 'Tuberculosis']",FALSE,borderline,FALSE,,,,,,,TRUE,0.46,FALSE,no,0.49,0.01,1514,50,6.3588e-5,284.28,,typesafe/jev-1.13-20260917,gen-dec-1789843888-WyvX4sma7OmxOb5WW5ax,,1d16b25dcca8,2026-09-19T18:51:30+0000
177,S400-178,SCOPUS_ID:0026705537,10.1016/0091-7435(92)90057-O,Anticarcinogenic effects of (-)-epigallocatechin gallate,Preventive Medicine,[],FALSE,,FALSE,,,,,,,TRUE,0.11,FALSE,no,0.03,0.93,1690,50,7.098e-5,314.233,,typesafe/jev-1.13-20260917,gen-dec-1789843888-ftRojAgeWNyb6PU8xanq,,1d16b25dcca8,2026-09-19T18:51:30+0000
178,S400-179,SCOPUS_ID:0028212545,10.1136/jech.48.1.26,Demographic and dietary profiles of high and low fat consumers in Australia,Journal Of Epidemiology And Community Health,[],TRUE,borderline,TRUE,I agree that it is borderline. Might be again only about research?,,,,,,TRUE,0.28,FALSE,no,0.29,0.41,1708,50,7.1736e-5,292.822,,typesafe/jev-1.13-20260917,gen-dec-1789843888-e5ulGdIh23KObxHR1vgf,,1d16b25dcca8,2026-09-19T18:51:30+0000
179,S400-180,SCOPUS_ID:0025340190,10.1136/jech.44.2.142,"Upper respiratory tract infection in children, domestic temperatures, and humidity",Journal Of Epidemiology And Community Health,[],FALSE,,FALSE,,,,,,,TRUE,0.05,FALSE,no,0,1,1709,50,7.1778e-5,378.05499999999995,,typesafe/jev-1.13-20260917,gen-dec-1789843888-6TqczlhXi6Jrgkw8mQA0,,1d16b25dcca8,2026-09-19T18:51:30+0000
180,S400-181,SCOPUS_ID:0346724561,10.1093/eurpub/13.4.306,"Increasing prevalence of overweight, obesity and physical inactivity: Two population-based studies 1986 and 1994",European Journal Of Public Health,"['Education', 'Obesity', 'Overweight', 'Physical inactivity']",FALSE,,FALSE,,,,,,,TRUE,0.03,FALSE,no,0,1,1886,50,7.9212e-5,236.952,,typesafe/jev-1.13-20260917,gen-dec-1789843888-LxZx46f2vZ3ERovDLzuS,,1d16b25dcca8,2026-09-19T18:51:30+0000
181,S400-182,SCOPUS_ID:0025370273,10.1016/0091-7435(90)90019-G,Cholesterol reduction through low-intensity interventions: Results from the Minnesota heart health program,Preventive Medicine,[],FALSE,,FALSE,,,,,,,TRUE,0.17,FALSE,no,0.06,0.88,1549,50,6.5058e-5,342.66400000000004,,typesafe/jev-1.13-20260917,gen-dec-1789843888-aMelSWtMYZu1MOGtinHO,,1d16b25dcca8,2026-09-19T18:51:30+0000
182,S400-183,SCOPUS_ID:84891671522,10.2105/AJPH.2013.301475,"Cigarettes become a dangerous product: Tobacco in the rearview mirror, 1952-1965",American Journal Of Public Health,[],TRUE,,TRUE,,,,,,,TRUE,0.77,TRUE,yes,0.91,0.82,1497,50,6.2874e-5,283.796,,typesafe/jev-1.13-20260917,gen-dec-1789843888-VYYGMWLIuP6FB233ck5P,,1d16b25dcca8,2026-09-19T18:51:30+0000
183,S400-184,SCOPUS_ID:84863990876,10.1136/jech.2010.128371,"Depression, anxiety and physical function: Exploring the strength of causality",Journal Of Epidemiology And Community Health,[],TRUE,,TRUE,,,,,,,TRUE,0.83,TRUE,yes,0.97,0.95,1808,50,7.5936e-5,247.68599999999998,,typesafe/jev-1.13-20260917,gen-dec-1789843888-4hPEOosukDCwu7YQKQK6,,1d16b25dcca8,2026-09-19T18:51:30+0000
184,S400-185,SCOPUS_ID:32144433507,10.1093/ije/dyi226,Weight change and risk of endometrial cancer,International Journal Of Epidemiology,"['Body mass index', 'Body weight', 'Endometrial cancer', 'Weight gain', 'Weight loss']",FALSE,,FALSE,,,,,,,TRUE,0.03,FALSE,no,0,1,1790,50,7.518e-5,276.632,,typesafe/jev-1.13-20260917,gen-dec-1789843888-Ndj87YrKu2ovnlSIaZxb,,1d16b25dcca8,2026-09-19T18:51:30+0000
185,S400-186,SCOPUS_ID:85032969021,10.1016/j.amepre.2017.08.024,Health Insurance Status and Clinical Cancer Screenings Among U.S. Adults,American Journal Of Preventive Medicine,[],TRUE,,TRUE,,,,,,,TRUE,0.9,TRUE,yes,0.99,0.98,1791,50,7.5222e-5,399.508,,typesafe/jev-1.13-20260917,gen-dec-1789843888-3lDXgswKP27JrrptjRmP,,1d16b25dcca8,2026-09-19T18:51:30+0000
186,S400-187,SCOPUS_ID:85139759307,10.2105/AJPH.2022.307022,"Gender, Race/Ethnicity, and Unionization in Direct Care Occupations",American Journal Of Public Health,[],TRUE,,TRUE,,,,,,,TRUE,0.93,TRUE,yes,1,0.99,1589,50,6.6738e-5,310.262,,typesafe/jev-1.13-20260917,gen-dec-1789843888-1kEEgIQp2jw6nZgpyq3F,,1d16b25dcca8,2026-09-19T18:51:30+0000
187,S400-188,SCOPUS_ID:84971657504,10.1093/ije/dyv355,Application of linear mixed models to study genetic stability of height and body mass index across countries and time,International Journal Of Epidemiology,"['BMI', 'GCTA', 'Genetic stability', 'GREML', 'Height', 'LD score regression', 'Polygenic prediction', 'Unrelated samples', 'Weight']",FALSE,,FALSE,,,,,,,TRUE,0.03,FALSE,no,0,1,1740,50,7.308e-5,268.02,,typesafe/jev-1.13-20260917,gen-dec-1789843889-RJSeI0CE3tZP3RV1s71b,,1d16b25dcca8,2026-09-19T18:51:30+0000
188,S400-189,SCOPUS_ID:85186425554,10.1016/S2468-2667(23)00326-2,"Effect of calorie labelling in the out-of-home food sector on adult obesity prevalence, cardiovascular mortality, and social inequalities in England: a modelling study",The Lancet Public Health,[],TRUE,,TRUE,,,,,,,TRUE,0.97,TRUE,yes,1,1,1928,50,8.0976e-5,431.253,,typesafe/jev-1.13-20260917,gen-dec-1789843889-oDZTScBZrWGT8LxRTnfe,,1d16b25dcca8,2026-09-19T18:51:30+0000
189,S400-190,SCOPUS_ID:67349200243,10.1016/j.ypmed.2009.04.002,Does TV viewing during family meals make a difference in adolescent substance use?,Preventive Medicine,"['Adolescents', 'Family meals', 'Substance use']",FALSE,,FALSE,,,,,,,TRUE,0.04,FALSE,no,0,1,1610,50,6.762e-5,279.176,,typesafe/jev-1.13-20260917,gen-dec-1789843889-P5QHwUAtp5UiXvQnmY1w,,1d16b25dcca8,2026-09-19T18:51:30+0000
190,S400-191,SCOPUS_ID:0036891768,10.2105/AJPH.92.12.1994,"Knowledge of, attitudes toward, and experience of complementary and alternative medicine in Western medicine- and Oriental medicine-trained physicians in Korea",American Journal Of Public Health,[],TRUE,"borderline, implicit",FALSE,I read this as a recommendaiton for future research,!!!,,,FALSE,,TRUE,0.85,TRUE,yes,0.96,0.91,1520,50,6.384e-5,300.537,,typesafe/jev-1.13-20260917,gen-dec-1789843889-S9VMpK9wgmXTEM5gAg4W,,1d16b25dcca8,2026-09-19T18:51:30+0000
191,S400-192,SCOPUS_ID:79960548745,10.1093/aje/kwr088,Sex differences in subclinical atherosclerosis by race/ethnicity in the multi-ethnic study of atherosclerosis,American Journal Of Epidemiology,"['calcification, physiologic', 'continental population groups', 'coronary vessels', 'sex', 'social class']",FALSE,,FALSE,,,,,,,TRUE,0.03,FALSE,no,0,1,1659,50,6.9678e-5,237.953,,typesafe/jev-1.13-20260917,gen-dec-1789843889-1xp1IPPSTJRt2CboGgZj,,1d16b25dcca8,2026-09-19T18:51:30+0000
192,S400-193,SCOPUS_ID:0028927818,10.2105/AJPH.85.3.387,Preventive services for the elderly: Would coverage affect utilization and costs under Medicare?,American Journal Of Public Health,[],TRUE,borderline,TRUE,,,,,,,TRUE,0.81,TRUE,yes,0.91,0.82,1576,50,6.6192e-5,311.701,,typesafe/jev-1.13-20260917,gen-dec-1789843889-XoacRTAiVky1jUEqsHPe,,1d16b25dcca8,2026-09-19T18:51:30+0000
193,S400-194,SCOPUS_ID:0035879585,10.1093/aje/154.2.106,Parental occupational exposures to chemicals and incidence of neuroblastoma in offspring,American Journal Of Epidemiology,"['Child', 'Dust', 'Hydrocarbons', 'Metals', 'Neuroblastoma', 'Occupational exposure']",FALSE,,FALSE,,,,,,,TRUE,0.03,FALSE,no,0,1,1712,50,7.1904e-5,288.37800000000004,,typesafe/jev-1.13-20260917,gen-dec-1789843889-WNcYiYmUJ5SUKbd8lkAJ,,1d16b25dcca8,2026-09-19T18:51:30+0000
194,S400-195,SCOPUS_ID:0027416466,10.1016/s0749-3797(18)30769-4,The effect of routine use of computer-generated preventive reminders in a clinical practice,American Journal Of Preventive Medicine,[],TRUE,,TRUE,,,,,,,TRUE,0.23,FALSE,no,0.1,0.8,1603,50,6.7326e-5,273.86,,typesafe/jev-1.13-20260917,gen-dec-1789843889-oTCSl3VC4RxvmsVjy9Jv,,1d16b25dcca8,2026-09-19T18:51:30+0000
195,S400-196,SCOPUS_ID:0025287962,10.2105/AJPH.80.6.704,Spanish version of the Nottingham Health Profile: Translation and preliminary validity,American Journal Of Public Health,[],FALSE,,FALSE,,,,,,,TRUE,0.03,FALSE,no,0,1,1549,50,6.5058e-5,341.949,,typesafe/jev-1.13-20260917,gen-dec-1789843889-jKZGqUrTF0sC10PY3zYd,,1d16b25dcca8,2026-09-19T18:51:30+0000
196,S400-197,SCOPUS_ID:0036298731,10.1016/S0749-3797(02)00447-6,Estimating the cost of unmet HIV-prevention needs in the United States,American Journal Of Preventive Medicine,[],FALSE,,FALSE,,,,,,,TRUE,0.68,TRUE,yes,0.7,0.4,1734,50,7.2828e-5,345.78999999999996,,typesafe/jev-1.13-20260917,gen-dec-1789843889-WcbsEU1VeVBfW7F0mWTg,,1d16b25dcca8,2026-09-19T18:51:30+0000
197,S400-198,SCOPUS_ID:0025338283,10.2105/AJPH.80.6.734,Pertussis immunization in eight-month-old children in North Carolina,American Journal Of Public Health,[],FALSE,,FALSE,,,,,,,TRUE,0.09,FALSE,no,0.01,0.98,1508,50,6.3336e-5,284.348,,typesafe/jev-1.13-20260917,gen-dec-1789843889-6h3cCb4m0nZsGOhRTrPo,,1d16b25dcca8,2026-09-19T18:51:30+0000
198,S400-199,SCOPUS_ID:35748940346,10.2105/AJPH.2007.113282,Political will: A bridge between public health knowledge and action,American Journal Of Public Health,[],TRUE,non-emperical,TRUE,,,,,,,TRUE,0.24,FALSE,no,0.09,0.81,1424,50,5.9808e-5,304.101,,typesafe/jev-1.13-20260917,gen-dec-1789843889-KX7DkpLCSu5DwAi9rlDl,,1d16b25dcca8,2026-09-19T18:51:30+0000
199,S400-200,SCOPUS_ID:0032979016,10.2105/AJPH.89.3.395,"Trends in body weight among American Indians: Findings from a telephone survey, 1985 through 1996",American Journal Of Public Health,[],FALSE,,FALSE,,,,,,,TRUE,0.11,FALSE,no,0.03,0.94,1492,50,6.2664e-5,324.454,,typesafe/jev-1.13-20260917,gen-dec-1789843889-2UpZ51gWZpYtzoj5VvK6,,1d16b25dcca8,2026-09-19T18:51:30+0000
200,S400-201,SCOPUS_ID:0042836551,10.1093/aje/kwg170,Influence of participation in high-impact sports during adolescence and adulthood on bone mineral density in middle-aged men: A 27-year follow-up study,American Journal Of Epidemiology,"['Adolescence', 'Bone density', 'Densitometry, x-ray', 'Exercise', 'Follow-up studies', 'Men', 'Sports']",TRUE,"borderline, implictly suggests need for continued participation (a policy of a kind)",FALSE,I considered this to be a research recommendaiton,!!!,,,FALSE,,TRUE,0.06,FALSE,no,0.01,0.99,1693,50,7.1106e-5,330.882,,typesafe/jev-1.13-20260917,gen-dec-1789843890-u27HZSA9xTceVIBBHrLv,,1d16b25dcca8,2026-09-19T18:51:39+0000
201,S400-202,SCOPUS_ID:0032535639,10.1093/oxfordjournals.aje.a009609,"International variability in ages at menarche, first livebirth, and menopause",American Journal Of Epidemiology,"['Menstruation', 'Reproductive history', 'Surveys']",FALSE,,FALSE,,,,,,,TRUE,0.02,FALSE,no,0,1,1775,50,7.455e-5,1420.759,,typesafe/jev-1.13-20260917,gen-dec-1789843891-hQbunfGJUKIJPgHTwmFN,,1d16b25dcca8,2026-09-19T18:51:39+0000
202,S400-203,SCOPUS_ID:33646471734,10.1093/ije/dyl043,Estimating the causes of 4 million neonatal deaths in the year 2000,International Journal Of Epidemiology,"['Cause of death', 'Infant', 'Mortality', 'Newborn']",TRUE,,FALSE,this read like a stats or demogrpahic methods paper to me,!!!,,,FALSE,,TRUE,0.4,FALSE,no,0.38,0.25,1754,50,7.3668e-5,1123.337,,typesafe/jev-1.13-20260917,gen-dec-1789843891-Wq9cVcmKoMyWNKksQCdn,,1d16b25dcca8,2026-09-19T18:51:39+0000
203,S400-204,SCOPUS_ID:85205276146,10.1093/eurpub/ckae088,Environmental impact of dietary patterns in 10 European countries; a cross-sectional analysis of nationally representative dietary surveys,European Journal Of Public Health,[],TRUE,,TRUE,,,,,,,TRUE,0.89,TRUE,yes,0.98,0.96,1904,50,7.9968e-5,446.667,,typesafe/jev-1.13-20260917,gen-dec-1789843890-0ocum2gCuUnT0XgkFeIM,,1d16b25dcca8,2026-09-19T18:51:39+0000
204,S400-205,SCOPUS_ID:85183513148,10.1016/j.ypmed.2024.107878,"Prevalence of occupational injury and its associated factors among emergency department physicians in China: A large sample, cross-sectional study",Preventive Medicine,"['Emergency department', 'Occupational injury', 'Physicians', 'Workplace exposures']",TRUE,,TRUE,,,,,,,TRUE,0.97,TRUE,yes,1,1,1660,50,6.972e-5,1180.3410000000001,,typesafe/jev-1.13-20260917,gen-dec-1789843891-UgoYyQQSLZ7ghYlzDNXo,,1d16b25dcca8,2026-09-19T18:51:39+0000
205,S400-206,SCOPUS_ID:85126656916,10.1016/j.ypmed.2022.107019,"Human papilloma virus vaccination and cervical cancer screening coverage in managed care plans — United States, 2018",Preventive Medicine,"['Cervical cancer screening', 'Human papilloma virus vaccination', 'Managed care plans', 'Quality measures']",FALSE,,FALSE,,,,,,,TRUE,0.37,FALSE,no,0.27,0.46,1730,50,7.266e-5,1173.287,,typesafe/jev-1.13-20260917,gen-dec-1789843891-WhYkwOIsrDe8KdPhEIOl,,1d16b25dcca8,2026-09-19T18:51:39+0000
206,S400-207,SCOPUS_ID:3042584228,10.1016/j.ypmed.2004.01.031,Adolescent dairy consumption and physical activity associated with bone mass,Preventive Medicine,"['Adolescent', 'Bone', 'Dairy', 'Ethnicity', 'Physical activity']",FALSE,,FALSE,,,,,,,TRUE,0.03,FALSE,no,0,1,1661,50,6.9762e-5,1194.5,,typesafe/jev-1.13-20260917,gen-dec-1789843891-tlzuqqRYMlesXgKGvrWy,,1d16b25dcca8,2026-09-19T18:51:39+0000
207,S400-208,SCOPUS_ID:84916897472,10.1136/jech-2014-204020,Preterm delivery among first-time Mexico-born mothers: A binational population-based comparison of deliveries in California and Mexico,Journal Of Epidemiology And Community Health,[],FALSE,,FALSE,,,,,,,TRUE,0.04,FALSE,no,0,1,1787,50,7.5054e-5,1180.361,,typesafe/jev-1.13-20260917,gen-dec-1789843891-D1oc2G3enxcR1lMyMwoY,,1d16b25dcca8,2026-09-19T18:51:39+0000
208,S400-209,SCOPUS_ID:85149681297,10.1016/j.amepre.2023.01.036,Widening Gaps and Disparities in the Treatment of Adolescent Alcohol and Drug Use Disorders,American Journal Of Preventive Medicine,[],TRUE,,TRUE,,,,,,,TRUE,0.87,TRUE,yes,0.98,0.96,1665,50,6.993e-5,1406.836,,typesafe/jev-1.13-20260917,gen-dec-1789843891-oPC7vdgNuFnLcDUKOB1N,,1d16b25dcca8,2026-09-19T18:51:39+0000
209,S400-210,SCOPUS_ID:33845253124,10.2105/AJPH.2004.053744,"Infant mortality trends and differences between American Indian/Alaska Native infants and white infants in the United States, 1989-1991 and 1998-2000",American Journal Of Public Health,[],TRUE,,TRUE,"I was on the fence, but they do talk about a spcific target for intervention",,,,,,TRUE,0.91,TRUE,yes,0.99,0.98,1692,50,7.1064e-5,1140.845,,typesafe/jev-1.13-20260917,gen-dec-1789843891-ZokkaQxj3eJ9Bc5fwJJM,,1d16b25dcca8,2026-09-19T18:51:39+0000
210,S400-211,SCOPUS_ID:84929603362,10.1093/aje/kwu350,"Violent victimization, mental health, and service utilization outcomes in a cohort of homeless and unstably housed women living with or at risk of becoming infected with HIV",American Journal Of Epidemiology,"['depressive disorder', 'HIV', 'partner violence', 'quality of life', 'rape']",TRUE,"borderline, implicit",FALSE,I did not read a policy recommendation here,!!!,,,FALSE,,TRUE,0.84,TRUE,yes,0.97,0.93,1705,50,7.161e-5,1058.585,,typesafe/jev-1.13-20260917,gen-dec-1789843891-HKTC1GCViNL9o82uE7lu,,1d16b25dcca8,2026-09-19T18:51:39+0000
211,S400-212,SCOPUS_ID:85042694988,10.1016/j.ypmed.2018.02.019,Attitudes towards tobacco product regulations and their relationship with the tobacco control policies,Preventive Medicine,"['Attitudes', 'Tobacco Control', 'Tobacco Control Legislations', 'Tobacco Control Scale']",FALSE,,FALSE,,,,,,,TRUE,0.06,FALSE,no,0,1,1696,50,7.1232e-5,357.765,,typesafe/jev-1.13-20260917,gen-dec-1789843891-VaqbvIgH26o31obV9xK7,,1d16b25dcca8,2026-09-19T18:51:39+0000
212,S400-213,SCOPUS_ID:85194884968,10.1007/s10654-024-01133-5,"Source-specific nitrate intake and all-cause mortality in the Danish Diet, Cancer, and Health Study",European Journal Of Epidemiology,"['Meat', 'Mortality', 'Nitrate', 'Nitrite', 'Vegetables', 'Water']",FALSE,,FALSE,,,,,,,TRUE,0.03,FALSE,no,0,1,1826,50,7.6692e-5,275.175,,typesafe/jev-1.13-20260917,gen-dec-1789843891-Ciqfh2paLqjFgSqsvTPM,,1d16b25dcca8,2026-09-19T18:51:39+0000
213,S400-214,SCOPUS_ID:85061655307,10.1016/j.ypmed.2019.02.004,Tiempo de Vacunarte (time to get vaccinated): Outcomes of an intervention to improve HPV vaccination rates in a predominantly Hispanic community,Preventive Medicine,"['Hispanic population', 'HPV education', 'HPV prevention', 'HPV vaccination completion', 'Promontora']",FALSE,,FALSE,,,,,,,TRUE,0.08,FALSE,no,0.01,0.98,1759,50,7.3878e-5,354.57899999999995,,typesafe/jev-1.13-20260917,gen-dec-1789843891-N6lJDoz55i382zB0ebEt,,1d16b25dcca8,2026-09-19T18:51:39+0000
214,S400-215,SCOPUS_ID:85057523318,10.1097/EDE.0000000000000906,Estimating sizes of key populations at the national level: Considerations for study design and analysis,Epidemiology,"['Epidemiologic methods', 'HIV', 'Sex workers', 'Sexual and gender minorities']",FALSE,,FALSE,,,,,,,TRUE,0.06,FALSE,no,0,0.99,1693,50,7.1106e-5,374.633,,typesafe/jev-1.13-20260917,gen-dec-1789843891-S3bDgZTumECV1pshy0xO,,1d16b25dcca8,2026-09-19T18:51:39+0000
215,S400-216,SCOPUS_ID:0026323164,10.2105/AJPH.81.11.1474,Interpersonal violence-related injuries in an African-American community in Philadelphia,American Journal Of Public Health,[],FALSE,,FALSE,,,,,,,TRUE,0.03,FALSE,no,0,1,1549,50,6.5058e-5,314.76300000000003,,typesafe/jev-1.13-20260917,gen-dec-1789843891-LvuFKLjq0OHIWCwDipUx,,1d16b25dcca8,2026-09-19T18:51:39+0000
216,S400-217,SCOPUS_ID:0025035565,10.1093/ije/19.Supplement_1.S24,Interactions of xenobiotics in the respiratory tract following non-inhalation routes of exposure,International Journal Of Epidemiology,[],FALSE,,FALSE,,,,,,,TRUE,0.08,FALSE,no,0.01,0.97,1535,50,6.447e-5,294.933,,typesafe/jev-1.13-20260917,gen-dec-1789843892-nDWJRtNrSo1y0J2veYHo,,1d16b25dcca8,2026-09-19T18:51:39+0000
217,S400-218,SCOPUS_ID:0031104752,10.1006/pmed.1996.0129,Preventive health behaviors among spousal caregivers,Preventive Medicine,"['aged', 'caregivers', 'health behaviors', 'preventive health services', 'sense of control']",FALSE,,FALSE,,,,,,,TRUE,0.03,FALSE,no,0,1,1653,50,6.9426e-5,302.56699999999995,,typesafe/jev-1.13-20260917,gen-dec-1789843892-o54K4gLfutCittfYFKK7,,1d16b25dcca8,2026-09-19T18:51:39+0000
218,S400-219,SCOPUS_ID:0027769859,10.1136/jech.47.6.497,Validation of a severity index in female urinary incontinence and its implementation in an epidemiological survey,Journal Of Epidemiology And Community Health,[],FALSE,,FALSE,,,,,,,TRUE,0.06,FALSE,no,0,1,1767,50,7.4214e-5,317.13,,typesafe/jev-1.13-20260917,gen-dec-1789843892-JmKmmUVpN7K51Q3dOTL6,,1d16b25dcca8,2026-09-19T18:51:39+0000
219,S400-220,SCOPUS_ID:0030972433,10.1097/00001648-199705000-00016,Cancer mortality among workers with benzene exposure,Epidemiology,"['benzene', 'cohort study', 'exposure estimation', 'leukemia', 'multiple myeloma']",FALSE,,FALSE,,,,,,,TRUE,0.03,FALSE,no,0,1,1690,50,7.098e-5,254.21500000000003,,typesafe/jev-1.13-20260917,gen-dec-1789843892-1pvBC9lUbFMbFgFcyYJm,,1d16b25dcca8,2026-09-19T18:51:39+0000
220,S400-221,SCOPUS_ID:0029098399,10.1097/00001648-199509000-00008,Changes in dietary fat intake preceding the diagnosis of cancer,Epidemiology,"['Bias', 'Dietary changes', 'Neoplasms']",FALSE,,FALSE,,,,,,,TRUE,0.1,FALSE,no,0.02,0.96,1634,50,6.8628e-5,297.128,,typesafe/jev-1.13-20260917,gen-dec-1789843892-UtWVFOdHfkoT5QkDNgbE,,1d16b25dcca8,2026-09-19T18:51:39+0000
221,S400-222,SCOPUS_ID:0034210822,10.1093/oxfordjournals.aje.a010147,"Is systemic lupus erythematosus, amyotrophic lateral sclerosis, or fibromyalgia associated with Persian Gulf War service? An examination of Department of Defense hospitalization data",American Journal Of Epidemiology,"['Amyotrophic lateral sclerosis', 'Fibromyalgia', 'Hospitalization', 'Lupus erythematosus', 'Military medicine', 'Persian Gulf syndrome', 'Systemic', 'Veterans']",FALSE,,FALSE,,,,,,,TRUE,0.04,FALSE,no,0,1,1714,50,7.1988e-5,338.106,,typesafe/jev-1.13-20260917,gen-dec-1789843892-ChIwBvn2LBCsO7DayZ68,,1d16b25dcca8,2026-09-19T18:51:39+0000
222,S400-223,SCOPUS_ID:70350221936,10.1136/jech.2008.081208,Costs of Mediterranean and western dietary patterns in a Spanish cohort and their relationship with prospective weight change,Journal Of Epidemiology And Community Health,[],TRUE,,TRUE,,,,,,,TRUE,0.64,TRUE,yes,0.81,0.62,1722,50,7.2324e-5,432.781,,typesafe/jev-1.13-20260917,gen-dec-1789843892-17YJUqX0LvqS6cHunIlt,,1d16b25dcca8,2026-09-19T18:51:39+0000
223,S400-224,SCOPUS_ID:84922386467,10.1093/aje/kwu276,A cautionary note about estimating effects of secondary exposures in cohort studies,American Journal Of Epidemiology,"['Bias (epidemiology)', 'Cohort studies', 'Directed acyclic graph', 'Epidemiologic methods', 'Oversampling']",FALSE,,FALSE,,,,,,,TRUE,0.18,FALSE,no,0.17,0.65,1632,50,6.8544e-5,296.85699999999997,,typesafe/jev-1.13-20260917,gen-dec-1789843892-mRykYTeLNfdW2vFThgKm,,1d16b25dcca8,2026-09-19T18:51:39+0000
224,S400-225,SCOPUS_ID:0026785623,10.1136/jech.46.5.532,Prediction of general practice workload from census based social deprivation scores,Journal Of Epidemiology And Community Health,[],TRUE,,TRUE,,,,,,,TRUE,0.98,TRUE,yes,1,1,1639,50,6.8838e-5,376.367,,typesafe/jev-1.13-20260917,gen-dec-1789843892-AbB5348kHnahnG3ytZhK,,1d16b25dcca8,2026-09-19T18:51:39+0000
225,S400-226,SCOPUS_ID:85202584433,10.1016/j.ypmed.2024.108096,Association of immigrant status with self-rated health in Spain: 2014–2020,Preventive Medicine,"['Immigrant status', 'Self-rated health', 'Sex/gender', 'Social inequalities', 'Social support']",TRUE,,FALSE,I think they call for more research?,!!!,,,FALSE,,TRUE,0.26,FALSE,no,0.18,0.64,1712,50,7.1904e-5,487.202,,typesafe/jev-1.13-20260917,gen-dec-1789843892-ikjF1hOt8SmEKxIXnCv4,,1d16b25dcca8,2026-09-19T18:51:39+0000
226,S400-227,SCOPUS_ID:0028200351,10.1093/ije/23.3.592,Should years lost always be equated with life expectancy?,International Journal Of Epidemiology,[],FALSE,,FALSE,,,,,,,TRUE,0.04,FALSE,no,0,1,1628,50,6.8376e-5,307.342,,typesafe/jev-1.13-20260917,gen-dec-1789843892-aGCM36hkClDvLIEXpAOk,,1d16b25dcca8,2026-09-19T18:51:39+0000
227,S400-228,SCOPUS_ID:0025365959,10.1016/0091-7435(90)90024-E,Diet and coronary heart disease risk factors in a population with varied intake,Preventive Medicine,[],FALSE,,FALSE,,,,,,,TRUE,0.03,FALSE,no,0,1,1537,50,6.4554e-5,380.34299999999996,,typesafe/jev-1.13-20260917,gen-dec-1789843892-QR9lSIQ7N671p6FygO7C,,1d16b25dcca8,2026-09-19T18:51:39+0000
228,S400-229,SCOPUS_ID:85042707770,10.1093/ije/dyx095,"Maternal consumption of artificially sweetened beverages during pregnancy, and offspring growth through 7 years of age: A prospective cohort study",International Journal Of Epidemiology,"['Artificially sweetened beverages', 'Obesity', 'Pregnancy', 'Sugar-sweetened beverages']",FALSE,,FALSE,,,,,,,TRUE,0.05,FALSE,no,0,1,1815,50,7.623e-5,277.677,,typesafe/jev-1.13-20260917,gen-dec-1789843892-VpZxB6SpFN4rcg4RqSBV,,1d16b25dcca8,2026-09-19T18:51:39+0000
229,S400-230,SCOPUS_ID:27744597027,10.1007/s10654-005-3634-7,Heterogeneity of prognostic profiles in non-small cell lung cancer: Too many variables but a few relevant,European Journal Of Epidemiology,"['Follow up studies', 'Lung cancer', 'Non-small cell lung cancer', 'Prognostic research', 'Risk factor', 'Survival']",FALSE,,FALSE,,,,,,,TRUE,0.03,FALSE,no,0,1,1667,50,7.0014e-5,376.197,,typesafe/jev-1.13-20260917,gen-dec-1789843892-Ua3eNbE7zlQSKZvJvGoB,,1d16b25dcca8,2026-09-19T18:51:39+0000
230,S400-231,SCOPUS_ID:85049076037,10.1097/EDE.0000000000000715,Association Between Long-term Exposure to Traffic-related Air Pollution and Inflammatory and Thrombotic Markers in Middle-aged Adults,Epidemiology,[],FALSE,,FALSE,,,,,,,TRUE,0.04,FALSE,no,0,1,1864,50,7.8288e-5,247.149,,typesafe/jev-1.13-20260917,gen-dec-1789843892-6PdeomoigN73lXRcYvgx,,1d16b25dcca8,2026-09-19T18:51:39+0000
231,S400-232,SCOPUS_ID:0035169424,10.2105/AJPH.91.1.150,Trends in adolescent suicide: Misclassification bias?,American Journal Of Public Health,[],TRUE,borderline,FALSE,their point is about data only?,!!!,,,FALSE,,TRUE,0.35,FALSE,no,0.37,0.27,1531,50,6.4302e-5,286.33,,typesafe/jev-1.13-20260917,gen-dec-1789843892-qcL6Nk52zIXiM7mMPYFr,,1d16b25dcca8,2026-09-19T18:51:39+0000
232,S400-233,SCOPUS_ID:85084103403,10.1093/EURPUB/CKZ122,Education level and hospitalization for ambulatory care sensitive conditions: An education approach is required,European Journal Of Public Health,[],TRUE,,TRUE,,,,,,,TRUE,0.9,TRUE,yes,0.99,0.98,1762,50,7.4004e-5,307.936,,typesafe/jev-1.13-20260917,gen-dec-1789843892-MIbsrpSCFvwhLm2J8Iiy,,1d16b25dcca8,2026-09-19T18:51:39+0000
233,S400-234,SCOPUS_ID:7944224013,10.1016/j.ypmed.2004.04.041,"Race, ethnicity, and sociocultural characteristics predict noncompliance with lipid-lowering medications",Preventive Medicine,"['Dyslipidemia', 'Ethnicity', 'Race']",FALSE,,FALSE,,,,,,,TRUE,0.03,FALSE,no,0,1,1752,50,7.3584e-5,370.594,,typesafe/jev-1.13-20260917,gen-dec-1789843892-uCAa66OfOkkVav0YZ42I,,1d16b25dcca8,2026-09-19T18:51:39+0000
234,S400-235,SCOPUS_ID:0035711043,10.1006/pmed.2000.0788,Associations between self-reported and objective physical environmental factors and use of a community rail-trail,Preventive Medicine,"['Determinants', 'Environment', 'Geographic information system', 'Physical activity', 'Trails']",TRUE,,TRUE,,,,,,,TRUE,0.85,TRUE,yes,0.98,0.95,1659,50,6.9678e-5,326.383,,typesafe/jev-1.13-20260917,gen-dec-1789843892-k51vngtSYlIOUCfR3K8q,,1d16b25dcca8,2026-09-19T18:51:39+0000
235,S400-236,SCOPUS_ID:0025825302,10.2105/AJPH.81.4.497,Mass flea outbreak at a child care facility: Case report,American Journal Of Public Health,[],FALSE,error- not all abstract outputted,FALSE,,,,,,,TRUE,0.07,FALSE,no,0.01,0.98,1452,50,6.0984e-5,674.329,,typesafe/jev-1.13-20260917,gen-dec-1789843892-s676CfrxFCZmzg7ulq1M,,1d16b25dcca8,2026-09-19T18:51:39+0000
236,S400-237,SCOPUS_ID:85020905991,10.1093/eurpub/ckw263,The effectiveness of current French health warnings displayed on alcohol advertisements and alcoholic beverages,European Journal Of Public Health,[],TRUE,,TRUE,,,,,,,TRUE,0.89,TRUE,yes,0.97,0.95,1679,50,7.0518e-5,342.219,,typesafe/jev-1.13-20260917,gen-dec-1789843892-gMBCtyUV4mRjOze4iCHo,,1d16b25dcca8,2026-09-19T18:51:39+0000
237,S400-238,SCOPUS_ID:0025844791,10.1093/oxfordjournals.aje.a115822,"Decline in incidence of epidemic glucose intolerance in nauruans: Implications for the ""thrifty genotype""",American Journal Of Epidemiology,"['Diabetes mellitus', 'Genotype', 'Glucose tolerance test', 'Incidence', 'Non-insulin-dependent', 'Prevalence', 'Selection (genetics)']",FALSE,,FALSE,,,,,,,TRUE,0.03,FALSE,no,0,1,1883,50,7.9086e-5,292.359,,typesafe/jev-1.13-20260917,gen-dec-1789843892-33fd03DqyooeEp7o3O3L,,1d16b25dcca8,2026-09-19T18:51:39+0000
238,S400-239,SCOPUS_ID:0036294015,10.2105/AJPH.92.7.1168,Assessment of a new approach to family planning services in rural Pakistan,American Journal Of Public Health,[],TRUE,,TRUE,,,,,,,TRUE,0.97,TRUE,yes,1,1,1580,50,6.636e-5,333.794,,typesafe/jev-1.13-20260917,gen-dec-1789843892-qFRjWl0rAw4Yrsg7Hy5x,,1d16b25dcca8,2026-09-19T18:51:39+0000
239,S400-240,SCOPUS_ID:17944367766,10.1006/pmed.2001.0875,Promoting sun safety among zoo visitors,Preventive Medicine,"['Recreational parks', 'Skin cancer prevention', 'Sun safety intervention', 'Zoological parks']",FALSE,,FALSE,,,,,,,TRUE,0.07,FALSE,no,0,0.99,1625,50,6.825e-5,268.75300000000004,,typesafe/jev-1.13-20260917,gen-dec-1789843892-qzOWsgP6YbsHffiIxJTx,,1d16b25dcca8,2026-09-19T18:51:39+0000
240,S400-241,SCOPUS_ID:0027248929,10.1093/ije/22.3.543,Acceptability of the tuberculosis service: Scale development,International Journal Of Epidemiology,[],FALSE,,FALSE,,,,,,,TRUE,0.04,FALSE,no,0,1,1635,50,6.867e-5,359.712,,typesafe/jev-1.13-20260917,gen-dec-1789843892-i3smFdMeTJXAlnyDIqKx,,1d16b25dcca8,2026-09-19T18:51:39+0000
241,S400-242,SCOPUS_ID:67049145290,10.1016/j.amepre.2009.04.017,Overweight in Children and Adolescents Associated with TV Viewing and Parental Weight. Project HeartBeat!,American Journal Of Preventive Medicine,[],FALSE,,FALSE,,,,,,,TRUE,0.04,FALSE,no,0,1,1791,50,7.5222e-5,332.818,,typesafe/jev-1.13-20260917,gen-dec-1789843892-dwfHY4II4TcEiOOT3fMF,,1d16b25dcca8,2026-09-19T18:51:39+0000
242,S400-243,SCOPUS_ID:0028665878,10.1093/ije/23.6.1145,Occupational exposure to polycyclic aromatic hydrocarbons and the risk of bladder cancer: A french case-control study,International Journal Of Epidemiology,[],FALSE,,FALSE,,,,,,,TRUE,0.03,FALSE,no,0,1,1830,50,7.686e-5,381.421,,typesafe/jev-1.13-20260917,gen-dec-1789843893-ml88wJ1VeM8DRnnO4rVa,,1d16b25dcca8,2026-09-19T18:51:39+0000
243,S400-244,SCOPUS_ID:0029004262,10.1093/ije/24.supplement_1.s113,The Multifund and outcome research,International Journal Of Epidemiology,[],FALSE,,FALSE,,,,,,,TRUE,0.75,TRUE,yes,0.81,0.62,1846,50,7.7532e-5,269.86,,typesafe/jev-1.13-20260917,gen-dec-1789843893-Y5M16Ep30ogiOGT6NYRO,,1d16b25dcca8,2026-09-19T18:51:39+0000
244,S400-245,SCOPUS_ID:85132281504,10.1016/j.amepre.2021.12.028,Predicting Homelessness Among U.S. Army Soldiers No Longer on Active Duty,American Journal Of Preventive Medicine,[],FALSE,"borderline, implicit",FALSE,,,,,,,TRUE,0.73,TRUE,yes,0.86,0.73,1718,50,7.2156e-5,309.975,,typesafe/jev-1.13-20260917,gen-dec-1789843893-nlNwWzs63keV4J5wZdxj,,1d16b25dcca8,2026-09-19T18:51:39+0000
245,S400-246,SCOPUS_ID:84875596512,10.1093/aje/kws437,Environmental exposure to metals and children's growth to age 5 years: A prospective cohort study,American Journal Of Epidemiology,"['arsenic', 'body height', 'body weight', 'cadmium', 'child, preschool', 'growth', 'lead', 'prenatal exposure delayed effects']",FALSE,,FALSE,,,,,,,TRUE,0.03,FALSE,no,0,1,1758,50,7.3836e-5,378.447,,typesafe/jev-1.13-20260917,gen-dec-1789843893-NWbMoDj9O9C1EOh2bcoU,,1d16b25dcca8,2026-09-19T18:51:39+0000
246,S400-247,SCOPUS_ID:0030971346,10.1097/00001648-199707000-00007,A method for timely assessment of influenza-associated mortality in the United States,Epidemiology,"['Influenza', 'Models', 'Mortality', 'Pneumonia', 'Surveillance']",TRUE,,TRUE,,,,,,,TRUE,0.93,TRUE,yes,1,0.99,1607,50,6.7494e-5,260.878,,typesafe/jev-1.13-20260917,gen-dec-1789843893-ou9xqLXRYwQ7pbOm2bnO,,1d16b25dcca8,2026-09-19T18:51:40+0000
247,S400-248,SCOPUS_ID:84913549116,10.1093/ije/dyu160,The relationship of parents' cigarette smoking to outcome of pregnancy-implications as to the problem of inferring causation from observed associations,International Journal Of Epidemiology,"['Birth weight', 'Congenital anomalies', 'Contraception', 'Low', 'Menarche', 'Menstruation', 'Mortality, neonatal', 'Pregnancy', 'Prenatal influences', 'Smoking']",FALSE,,FALSE,,,,,,,TRUE,0.04,FALSE,no,0,1,1715,50,7.203e-5,593.465,,typesafe/jev-1.13-20260917,gen-dec-1789843893-PurDZC2WvDnkqVHr7uzh,,1d16b25dcca8,2026-09-19T18:51:40+0000
248,S400-249,SCOPUS_ID:0026647044,10.2105/AJPH.82.7.1023,Carcinogens in tobacco smoke: Benzo[a]pyrene from Canadian cigarettes and cigarette tobacco,American Journal Of Public Health,[],FALSE,,FALSE,,,,,,,TRUE,0.25,FALSE,no,0.22,0.56,1501,50,6.3042e-5,585.886,,typesafe/jev-1.13-20260917,gen-dec-1789843893-lEVmpkKNdeMy0a02xpQG,,1d16b25dcca8,2026-09-19T18:51:40+0000
249,S400-250,SCOPUS_ID:0031408841,10.1016/s0749-3797(18)30092-8,State Health Department and University evaluation of North Carolina's Maternal Outreach Worker Program,American Journal Of Preventive Medicine,[],TRUE,,TRUE,,,,,,,TRUE,0.11,FALSE,no,0.01,0.97,1689,50,7.0938e-5,594.364,,typesafe/jev-1.13-20260917,gen-dec-1789843893-DrWA6KQSSJWV2PbGJJ0B,,1d16b25dcca8,2026-09-19T18:51:40+0000
250,S400-251,SCOPUS_ID:85114135037,10.1016/j.amepre.2021.03.023,Racial/Ethnic and Socioeconomic Disparities in Adult Vaccination Coverage,American Journal Of Preventive Medicine,[],TRUE,,TRUE,,,,,,,TRUE,0.94,TRUE,yes,1,0.99,1743,50,7.3206e-5,382.67,,typesafe/jev-1.13-20260917,gen-dec-1789843893-8XKeizO0AMai8oeF5ro5,,1d16b25dcca8,2026-09-19T18:51:40+0000
251,S400-252,SCOPUS_ID:84937517224,10.1016/j.amepre.2015.02.002,Assessment of the School Nutrition Environment: A Study in Australian Primary School Canteens,American Journal Of Preventive Medicine,[],TRUE,,TRUE,,,,,,,TRUE,0.87,TRUE,yes,0.97,0.93,1677,50,7.0434e-5,336.021,,typesafe/jev-1.13-20260917,gen-dec-1789843893-1DGulvboya20eFmvID48,,1d16b25dcca8,2026-09-19T18:51:40+0000
252,S400-253,SCOPUS_ID:85045424692,10.1093/aje/kwx295,Examining the Association between Apparent Temperature and Mental Health-Related Emergency Room Visits in California,American Journal Of Epidemiology,"['ambient temperature', 'apparent temperature', 'California', 'emergency room visits', 'homicide', 'mental health', 'Poisson regression', 'suicide']",FALSE,,FALSE,,,,,,,TRUE,0.06,FALSE,no,0,1,1719,50,7.2198e-5,301.216,,typesafe/jev-1.13-20260917,gen-dec-1789843893-97RQvG7CVgY89Hs72d5y,,1d16b25dcca8,2026-09-19T18:51:40+0000
253,S400-254,SCOPUS_ID:0036891729,10.2105/AJPH.92.12.1946,Development of a prototype system for statewide asthma surveillance,American Journal Of Public Health,[],FALSE,,FALSE,,,,,,,TRUE,0.1,FALSE,no,0.01,0.98,1513,50,6.3546e-5,310.72499999999997,,typesafe/jev-1.13-20260917,gen-dec-1789843893-4oXYEyiXeBlh219vmm7t,,1d16b25dcca8,2026-09-19T18:51:40+0000
254,S400-255,SCOPUS_ID:84982893015,10.1093/aje/kwv324,The Association between Perceived Stress and Mortality among People with Multimorbidity: A Prospective Population-Based Cohort Study,American Journal Of Epidemiology,"['chronic disease', 'comorbidity', 'longitudinal studies', 'mental health', 'mortality', 'prognosis', 'stress, psychological']",FALSE,,FALSE,,,,,,,TRUE,0.03,FALSE,no,0,1,1738,50,7.2996e-5,388.233,,typesafe/jev-1.13-20260917,gen-dec-1789843893-u197YuyW7whuekv8uLes,,1d16b25dcca8,2026-09-19T18:51:40+0000
255,S400-256,SCOPUS_ID:84905578698,10.1097/EDE.0000000000000144,Traffic-related air pollution in relation to cognitive function in older adults,Epidemiology,[],FALSE,,FALSE,,,,,,,TRUE,0.03,FALSE,no,0,1,1764,50,7.4088e-5,426.457,,typesafe/jev-1.13-20260917,gen-dec-1789843893-DTkGdcKKw0dKKapNuhXn,,1d16b25dcca8,2026-09-19T18:51:40+0000
256,S400-257,SCOPUS_ID:85107091304,10.1016/j.ypmed.2021.106562,Designing warnings for sugary drinks: A randomized experiment with Latino parents and non-Latino parents,Preventive Medicine,"['Health policy', 'Hispanic', 'Latino/a health', 'Obesity', 'Sugar-sweetened beverages', 'Warning labels']",TRUE,,TRUE,,,,,,,TRUE,0.21,FALSE,no,0.12,0.76,1741,50,7.3122e-5,323.161,,typesafe/jev-1.13-20260917,gen-dec-1789843893-DFmrdHwPDhKXNpu2lzau,,1d16b25dcca8,2026-09-19T18:51:40+0000
257,S400-258,SCOPUS_ID:84858295216,10.1136/jech.2009.087304,The effect of health promotion on diagnosis and management of diabetes,Journal Of Epidemiology And Community Health,[],TRUE,,TRUE,,,,,,,TRUE,0.89,TRUE,yes,0.98,0.96,1665,50,6.993e-5,253.02999999999997,,typesafe/jev-1.13-20260917,gen-dec-1789843893-1KWKN1d7ZbRiPq4bNbgF,,1d16b25dcca8,2026-09-19T18:51:40+0000
258,S400-259,SCOPUS_ID:85063731915,10.1016/S2468-2667(19)30036-2,Patterns in the relationship between life expectancy and gross domestic product in Russia in 2005–15: a cross-sectional analysis,The Lancet Public Health,[],TRUE,,TRUE,,,,,,,TRUE,0.88,TRUE,yes,0.99,0.98,1898,50,7.9716e-5,291.786,,typesafe/jev-1.13-20260917,gen-dec-1789843893-LYk5FkfSF8soLYKaZ2IL,,1d16b25dcca8,2026-09-19T18:51:40+0000
259,S400-260,SCOPUS_ID:85089294116,10.1007/s10654-020-00669-6,A case study in model failure? COVID-19 daily deaths and ICU bed utilisation predictions in New York state,European Journal Of Epidemiology,"['COVID-19', 'Hospital resource utilisation', 'Model evaluation', 'Uncertainty quantification']",FALSE,,FALSE,,,,,,,TRUE,0.91,TRUE,yes,0.99,0.98,1665,50,6.993e-5,272.871,,typesafe/jev-1.13-20260917,gen-dec-1789843893-YLsIwGh43NPnuUNu1n34,,1d16b25dcca8,2026-09-19T18:51:40+0000
260,S400-261,SCOPUS_ID:84929047682,10.1093/eurpub/cku221,Comparing the performance of the Charlson/Deyo and Elixhauser comorbidity measures across five European countries and three conditions,European Journal Of Public Health,[],FALSE,,FALSE,,,,,,,TRUE,0.15,FALSE,no,0.12,0.76,1734,50,7.2828e-5,377.835,,typesafe/jev-1.13-20260917,gen-dec-1789843893-MHF39HpqmNXYy2MGAwpD,,1d16b25dcca8,2026-09-19T18:51:40+0000
261,S400-262,SCOPUS_ID:77953601869,10.2105/AJPH.2009.180489,The next public health revolution: Public health information fusion and social networks,American Journal Of Public Health,[],FALSE,error - missing part of abstracts,FALSE,,,,,,,TRUE,0.58,TRUE,yes,0.66,0.33,1506,50,6.3252e-5,343.628,,typesafe/jev-1.13-20260917,gen-dec-1789843893-FX2HVEsBtPvs5uES4q42,,1d16b25dcca8,2026-09-19T18:51:40+0000
262,S400-263,SCOPUS_ID:33847386744,10.1093/aje/kwk033,Dietary flavonoid intake and breast cancer risk among women on Long Island,American Journal Of Epidemiology,"['Breast neoplasms', 'Diet', 'Flavonoids']",TRUE,,FALSE,I am not sure there is any policy implication here?,!!!,,,FALSE,,TRUE,0.14,FALSE,no,0.05,0.9,1755,50,7.371e-5,328.347,,typesafe/jev-1.13-20260917,gen-dec-1789843893-g2iztWjIurOiGfm4O5vY,,1d16b25dcca8,2026-09-19T18:51:40+0000
263,S400-264,SCOPUS_ID:68149179040,10.1093/aje/kwp167,"Use of Supplements of Multivitamins, Vitamin C, and Vitamin e in Relation to Mortality",American Journal Of Epidemiology,"['Ascrobic acid', 'Cohort studies', 'Coronary disease', 'Dietary supplements', 'Mortality', 'Neoplasms', 'Vitamin E', 'Vitamins']",FALSE,,FALSE,,,,,,,TRUE,0.03,FALSE,no,0,1,1695,50,7.119e-5,327.447,,typesafe/jev-1.13-20260917,gen-dec-1789843893-2gG3WztgAVnOdESLYITX,,1d16b25dcca8,2026-09-19T18:51:40+0000
264,S400-265,SCOPUS_ID:14644388091,10.1016/j.ypmed.2004.09.021,"Focused interviews with Sudanese Americans: Perceptions about diet, nutrition, and cancer",Preventive Medicine,"['Cancer', 'Dietary beliefs', 'Focus group', 'Food habits', 'Food practices', 'Food preparation methods']",FALSE,,FALSE,,,,,,,TRUE,0.04,FALSE,no,0,1,1640,50,6.888e-5,280.84,,typesafe/jev-1.13-20260917,gen-dec-1789843893-1ikMaFbTkowws90lrAiP,,1d16b25dcca8,2026-09-19T18:51:40+0000
265,S400-266,SCOPUS_ID:0026087647,10.1016/0091-7435(91)90005-O,Epidemiologic data on exogenous hormones and hepatocellular carcinoma and selected other cancers,Preventive Medicine,[],FALSE,,FALSE,,,,,,,TRUE,0.03,FALSE,no,0,1,1484,50,6.2328e-5,295.588,,typesafe/jev-1.13-20260917,gen-dec-1789843894-JzdAmDuakmL0bQLN6a5v,,1d16b25dcca8,2026-09-19T18:51:40+0000
266,S400-267,SCOPUS_ID:0030801010,10.1016/s0749-3797(18)30181-8,Will patient satisfaction set the preventive services implementation agenda?,American Journal Of Preventive Medicine,[],TRUE,,TRUE,,,,,,,TRUE,0.91,TRUE,yes,0.99,0.99,1671,50,7.0182e-5,325.11899999999997,,typesafe/jev-1.13-20260917,gen-dec-1789843894-P8CKfa3uvNo7wK3WGtJA,,1d16b25dcca8,2026-09-19T18:51:40+0000
267,S400-268,SCOPUS_ID:85183941151,10.1093/eurpub/ckad194,Undermining support for COVID-19 public health policies: an analysis of the impact of subversive conspiracy narratives on Czech General Practitioners,European Journal Of Public Health,[],TRUE,,TRUE,,,,,,,TRUE,0.95,TRUE,yes,1,1,1694,50,7.1148e-5,337.25,,typesafe/jev-1.13-20260917,gen-dec-1789843894-BQLZYRI4ngaYXFyRwcPX,,1d16b25dcca8,2026-09-19T18:51:40+0000
268,S400-269,SCOPUS_ID:0036570155,10.1093/aje/155.9.875,Ascertainment bias in family-based case-control studies,American Journal Of Epidemiology,"['Bias', 'Case-control studies', 'Family relations']",FALSE,,FALSE,,,,,,,TRUE,0.1,FALSE,no,0.04,0.93,1505,50,6.321e-5,265.46,,typesafe/jev-1.13-20260917,gen-dec-1789843894-bKTchbiukWejz3MJubuY,,1d16b25dcca8,2026-09-19T18:51:40+0000
269,S400-270,SCOPUS_ID:0031688919,10.1093/eurpub/8.3.250,Variability in the number of tests used in children with acute gastroenteritis in two hospitals,European Journal Of Public Health,"['Child', 'Comparative studies', 'Diagnostic tests', 'Spain', 'United States']",FALSE,,FALSE,,,,,,,TRUE,0.39,FALSE,no,0.35,0.3,1487,50,6.2454e-5,331.34999999999997,,typesafe/jev-1.13-20260917,gen-dec-1789843894-elEOxmc8HCmqIGRFTkYB,,1d16b25dcca8,2026-09-19T18:51:40+0000
270,S400-271,SCOPUS_ID:85161992453,10.1007/s10654-023-01024-1,Target trial emulation of aspirin after diagnosis of colorectal polyps,European Journal Of Epidemiology,"['Cancer prevention', 'Causal inference', 'Precision medicine', 'Target trial emulation']",FALSE,,FALSE,,,,,,,TRUE,0.04,FALSE,no,0,1,1830,50,7.686e-5,339.60400000000004,,typesafe/jev-1.13-20260917,gen-dec-1789843894-UJO4EfcHM0nxrh5XfTdQ,,1d16b25dcca8,2026-09-19T18:51:40+0000
271,S400-272,SCOPUS_ID:85146443753,10.1016/j.ypmed.2023.107422,"Sex differences in Cannabis use disorder and associated psychosocial problems among US adults, 2012–2013",Preventive Medicine,"['Cannabis use disorder', 'Health problems', 'NESARC-III', 'Psychosocial problems', 'Sex differences']",TRUE,,FALSE,these read as individual level results?,!!!,,,TRUE,,TRUE,0.78,TRUE,yes,0.9,0.8,1702,50,7.1484e-5,461.466,,typesafe/jev-1.13-20260917,gen-dec-1789843894-r73sJ8hgOwgNnSwGrmFp,,1d16b25dcca8,2026-09-19T18:51:40+0000
272,S400-273,SCOPUS_ID:33644618996,10.2105/AJPH.2004.061358,"Diarrheal illness detected through syndromic surveillance after a massive power outage: New York City, August 2003",American Journal Of Public Health,[],FALSE,,FALSE,,,,,,,TRUE,0.08,FALSE,no,0,0.99,1663,50,6.9846e-5,296.343,,typesafe/jev-1.13-20260917,gen-dec-1789843894-iWEyyIZ2t5GFy0EK2QSZ,,1d16b25dcca8,2026-09-19T18:51:40+0000
273,S400-274,SCOPUS_ID:77956242083,10.2105/AJPH.2009.180943,Family poverty over the early life course and recurrent adolescent and young adult anxiety and depression: A longitudinal study,American Journal Of Public Health,[],FALSE,,FALSE,,,,,,,TRUE,0.04,FALSE,no,0,1,1572,50,6.6024e-5,291.979,,typesafe/jev-1.13-20260917,gen-dec-1789843894-ECWhKeSFI1BLYKHKOTpX,,1d16b25dcca8,2026-09-19T18:51:40+0000
274,S400-275,SCOPUS_ID:34548295880,10.1016/j.ypmed.2007.04.015,Cumulative risk factors for adolescent alcohol misuse and its perceived consequences among 16 to 20 year old adolescents in Switzerland,Preventive Medicine,"['Adolescents', 'Alcohol', 'Consequences', 'Determinants', 'Misuse', 'Survey']",FALSE,,FALSE,,,,,,,TRUE,0.04,FALSE,no,0,1,1625,50,6.825e-5,387.87,,typesafe/jev-1.13-20260917,gen-dec-1789843894-yQ5c0aF8TmqI0ELL9K6F,,1d16b25dcca8,2026-09-19T18:51:40+0000
275,S400-276,SCOPUS_ID:0025807582,10.1016/s0749-3797(18)30958-9,The effects of co-worker-delivered prompts on breast self-examination frequency,American Journal Of Preventive Medicine,[],FALSE,,FALSE,,,,,,,TRUE,0.03,FALSE,no,0,1,1533,50,6.4386e-5,452.988,,typesafe/jev-1.13-20260917,gen-dec-1789843894-dHyWdUrq5DIYqPoeA9ye,,1d16b25dcca8,2026-09-19T18:51:40+0000
276,S400-277,SCOPUS_ID:0029559061,10.1136/jech.49.6.588,"Children with low birth weight and low gestational age in Oslo, Norway: Immigration is not the cause of increasing proportions",Journal Of Epidemiology And Community Health,[],FALSE,,FALSE,,,,,,,TRUE,0.32,FALSE,no,0.28,0.44,1655,50,6.951e-5,296.37,,typesafe/jev-1.13-20260917,gen-dec-1789843894-i3btiSpEOeejIQeVNTNf,,1d16b25dcca8,2026-09-19T18:51:40+0000
277,S400-278,SCOPUS_ID:0034063481,10.1006/pmed.2000.0652,Sociocultural variables in youth access to tobacco: Replication 5 years later,Preventive Medicine,"['Ethnicity', 'Racism', 'Sociocultural variables', 'Youth access to tobacco']",TRUE,,TRUE,,,,,,,TRUE,0.96,TRUE,yes,1,1,1649,50,6.9258e-5,303.153,,typesafe/jev-1.13-20260917,gen-dec-1789843894-y9AVblMAEX53ljGIj2yo,,1d16b25dcca8,2026-09-19T18:51:40+0000
278,S400-279,SCOPUS_ID:0000367285,10.1093/eurpub/6.3.181,Which informal carers are most satisfied with services for dying cancer patients?,European Journal Of Public Health,"[""Consumers' characteristics"", 'Informal carers', 'Palliative care', 'Satisfaction']",TRUE,,TRUE,,,,,,,TRUE,0.83,TRUE,yes,0.93,0.86,1703,50,7.1526e-5,319.032,,typesafe/jev-1.13-20260917,gen-dec-1789843894-B1QJ22Jrykcq6dUBc6Ys,,1d16b25dcca8,2026-09-19T18:51:40+0000
279,S400-280,SCOPUS_ID:84856837081,10.1093/eurpub/ckr198,Do smokers in Europe think all cigarettes are equally harmful-,European Journal Of Public Health,[],TRUE,,TRUE,,,,,,,TRUE,0.98,TRUE,yes,1,1,1735,50,7.287e-5,366.30400000000003,,typesafe/jev-1.13-20260917,gen-dec-1789843894-BGZyj3wg8ov8QjJSTVCi,,1d16b25dcca8,2026-09-19T18:51:40+0000
280,S400-281,SCOPUS_ID:0025198741,10.1093/ije/19.1.19,Silica exposure and lung cancer in ceramic workers: A case-control study,International Journal Of Epidemiology,[],FALSE,,FALSE,,,,,,,TRUE,0.03,FALSE,no,0,1,1755,50,7.371e-5,375.67499999999995,,typesafe/jev-1.13-20260917,gen-dec-1789843894-96xDTUR7iCJephodX96e,,1d16b25dcca8,2026-09-19T18:51:40+0000
281,S400-282,SCOPUS_ID:0026780215,10.1093/oxfordjournals.aje.a116225,"The changing pattern of human immunodeficiency virus type 1 infection in intravenous drug users: Results of a six-year seroprevalence study in palermo, Italy",American Journal Of Epidemiology,"['Acquired immunodeficiency syndrome', 'Hepatitis B virus', 'HIV seroprevalence', 'HIV-1', 'Substance abuse, intravenous']",FALSE,,FALSE,,,,,,,TRUE,0.03,FALSE,no,0,1,1760,50,7.392e-5,284.242,,typesafe/jev-1.13-20260917,gen-dec-1789843894-HZHr8paSJq81AsZE08x5,,1d16b25dcca8,2026-09-19T18:51:40+0000
282,S400-283,SCOPUS_ID:67650685015,10.1016/j.ypmed.2009.04.016,Use of GIS to identify optimal settings for cancer prevention and control in African American communities,Preventive Medicine,"['African Americans', 'Breast neoplasms', 'Community health planning', 'Geographic Information Systems', 'Health education', 'Health status disparities', 'Minority health', 'Prevention and control']",TRUE,borderline,TRUE,,,,,,,TRUE,0.21,FALSE,no,0.08,0.83,1635,50,6.867e-5,280.07,,typesafe/jev-1.13-20260917,gen-dec-1789843894-jgZwUpIjL5btFE4cLwQ8,,1d16b25dcca8,2026-09-19T18:51:40+0000
283,S400-284,SCOPUS_ID:85096151873,10.1093/ije/dyaa013,Empirical comparisons of multiple Mendelian randomization approaches in the presence of assortative mating,International Journal Of Epidemiology,"['Educational attainment', 'Height', 'Mendelian randomization', 'Non-random mating', 'Pleiotropy']",FALSE,,FALSE,,,,,,,TRUE,0.07,FALSE,no,0.01,0.98,1683,50,7.0686e-5,274.538,,typesafe/jev-1.13-20260917,gen-dec-1789843894-nvoPOA8uOz7fuzDPs5jJ,,1d16b25dcca8,2026-09-19T18:51:40+0000
284,S400-285,SCOPUS_ID:85060173592,10.1007/s10654-019-00482-w,Secular trends of mortality and dementia-free life expectancy over a 10-year period in France,European Journal Of Epidemiology,"['Dementia', 'Life expectancy', 'Mortality', 'Secular trends']",TRUE,,FALSE,these read as individual level results?,!!!,,,TRUE,,TRUE,0.81,TRUE,yes,0.95,0.91,1757,50,7.3794e-5,330.586,,typesafe/jev-1.13-20260917,gen-dec-1789843894-ODF6cMtrtJ4Mtcnxj7zd,,1d16b25dcca8,2026-09-19T18:51:40+0000
285,S400-286,SCOPUS_ID:73649086562,10.1016/j.amepre.2009.09.038,Longitudinal Intervention Effects on Parenting of the Aventuras para Niños Study,American Journal Of Preventive Medicine,[],FALSE,borderline,FALSE,,,,,,,TRUE,0.1,FALSE,no,0.02,0.97,1722,50,7.2324e-5,272.989,,typesafe/jev-1.13-20260917,gen-dec-1789843894-zkG9wRqAyIAi8sJm35no,,1d16b25dcca8,2026-09-19T18:51:40+0000
286,S400-287,SCOPUS_ID:67349163553,10.1007/s10654-009-9320-4,"Gender aspects on heart failure incidence and mortality in a middle-aged, urban, community-based population sample: The Malmö preventive project",European Journal Of Epidemiology,"['Gender', 'Heart failure', 'Morbidity', 'Mortality']",FALSE,,FALSE,,,,,,,TRUE,0.02,FALSE,no,0,1,1925,50,8.085e-5,318.218,,typesafe/jev-1.13-20260917,gen-dec-1789843894-5vww9qv41nqqMhANGuoe,,1d16b25dcca8,2026-09-19T18:51:40+0000
287,S400-288,SCOPUS_ID:85149989133,10.1007/s10654-023-00972-y,Association between preeclampsia in daughters and risk of cardiovascular disease in parents,European Journal Of Epidemiology,"['Cardiovascular disease', 'Epidemiology', 'Ischemic heart disease', 'Ischemic stroke', 'Myocardial infarction', 'Preeclampsia']",FALSE,,FALSE,,,,,,,TRUE,0.03,FALSE,no,0,1,1849,50,7.7658e-5,332.264,,typesafe/jev-1.13-20260917,gen-dec-1789843894-NQP3DkmaIsMudtUQiofx,,1d16b25dcca8,2026-09-19T18:51:40+0000
288,S400-289,SCOPUS_ID:0033364435,10.2105/AJPH.89.7.1018,The impact of smoke-free workplaces on declining cigarette consumption in Australia and the United States,American Journal Of Public Health,[],FALSE,,FALSE,,,,,,,TRUE,0.14,FALSE,no,0.04,0.91,1633,50,6.8586e-5,339.101,,typesafe/jev-1.13-20260917,gen-dec-1789843894-PLQbvKWI0xcUbgmvVlUQ,,1d16b25dcca8,2026-09-19T18:51:40+0000
289,S400-290,SCOPUS_ID:80051544299,10.1097/EDE.0b013e31821c6c58,Particulate air pollution exposure and c-reactive protein during early pregnancy,Epidemiology,[],FALSE,,FALSE,,,,,,,TRUE,0.05,FALSE,no,0,1,1797,50,7.5474e-5,332.955,,typesafe/jev-1.13-20260917,gen-dec-1789843894-9wIAfDF2kDUGZ0kEIe5T,,1d16b25dcca8,2026-09-19T18:51:40+0000
290,S400-291,SCOPUS_ID:37349095958,10.1097/EDE.0b013e31815c1da7,Characterizing temperature and mortality in nine California counties,Epidemiology,[],FALSE,,FALSE,,,,,,,TRUE,0.04,FALSE,no,0,1,1714,50,7.1988e-5,388.74199999999996,,typesafe/jev-1.13-20260917,gen-dec-1789843894-ErNTAdZY7NlxDy2aa1QO,,1d16b25dcca8,2026-09-19T18:51:40+0000
291,S400-292,SCOPUS_ID:0037090215,10.1093/aje/155.8.739,Effect of a school-based sun-protection intervention on the development of melanocytic nevi in children,American Journal Of Epidemiology,"['Child', 'Nevus', 'Primary prevention', 'Skin neoplasms', 'Sunlight']",FALSE,,FALSE,,,,,,,TRUE,0.03,FALSE,no,0,1,1697,50,7.1274e-5,336.05,,typesafe/jev-1.13-20260917,gen-dec-1789843894-fRcZalXsuYr4K2q7GRfQ,,1d16b25dcca8,2026-09-19T18:51:40+0000
292,S400-293,SCOPUS_ID:0032886159,10.1006/pmed.1999.0532,Knowledge of cardiovascular disease prevention: An analysis from two New England communities,Preventive Medicine,"['Cardiovascular disease', 'Education', 'Knowledge', 'Trends']",TRUE,,TRUE,,,,,,,TRUE,0.97,TRUE,yes,1,1,1692,50,7.1064e-5,262.749,,typesafe/jev-1.13-20260917,gen-dec-1789843895-DWlpfCM4FqzSS4DbLqaI,,1d16b25dcca8,2026-09-19T18:51:40+0000
293,S400-294,SCOPUS_ID:0025021481,10.2105/AJPH.80.1.78,Eight-year follow-up results of an adolescent smoking prevention program: The North Karelia Youth Project,American Journal Of Public Health,[],FALSE,error - missing part of abstract,FALSE,,,,,,,TRUE,0.04,FALSE,no,0,1,1441,50,6.0522e-5,246.14600000000002,,typesafe/jev-1.13-20260917,gen-dec-1789843895-f8C6uHN8dkHXfCiPw78j,,1d16b25dcca8,2026-09-19T18:51:40+0000
294,S400-295,SCOPUS_ID:85090892962,10.1093/eurpub/ckaa081,Changes in electronic cigarette use and label awareness among smokers before and after the European Tobacco Products Directive implementation in six European countries: findings from the EUREST-PLUS ITC Europe Surveys,European Journal Of Public Health,[],TRUE,,TRUE,,,,,,,TRUE,0.71,TRUE,yes,0.8,0.61,1742,50,7.3164e-5,261.63100000000003,,typesafe/jev-1.13-20260917,gen-dec-1789843895-Hr8yZECgYjKIC68s7zqz,,1d16b25dcca8,2026-09-19T18:51:40+0000
295,S400-296,SCOPUS_ID:0030002485,10.1007/BF00145498,Lipid status in a population of Spanish schoolchildren,European Journal Of Epidemiology,"['Lipid intake', 'Mediterranean town', 'Plasma lipids', 'Schoolchildren']",FALSE,,FALSE,,,,,,,TRUE,0.02,FALSE,no,0,1,1659,50,6.9678e-5,486.514,,typesafe/jev-1.13-20260917,gen-dec-1789843895-yZQQr3PsuVikM9lQLm8k,,1d16b25dcca8,2026-09-19T18:51:40+0000
296,S400-297,SCOPUS_ID:22244461136,10.1016/j.amepre.2005.04.002,Observed environmental features and the physical activity of adolescent males,American Journal Of Preventive Medicine,[],FALSE,,FALSE,,,,,,,TRUE,0.04,FALSE,no,0,1,1664,50,6.9888e-5,414.457,,typesafe/jev-1.13-20260917,gen-dec-1789843895-ChmBqiH55mkcy1sHT0OB,,1d16b25dcca8,2026-09-19T18:51:40+0000
297,S400-298,SCOPUS_ID:77649337149,10.1016/j.ypmed.2010.01.014,Comparison of physician weight loss goals for obese male and female patients,Preventive Medicine,"['Goals', 'Obesity', 'Physicians', 'Primary health care', 'Weight loss']",FALSE,,FALSE,,,,,,,TRUE,0.04,FALSE,no,0,1,1682,50,7.0644e-5,393.44800000000004,,typesafe/jev-1.13-20260917,gen-dec-1789843895-9Vt2HXx2G5xpI58iGyVs,,1d16b25dcca8,2026-09-19T18:51:40+0000
298,S400-299,SCOPUS_ID:0033168936,10.1093/oxfordjournals.aje.a009918,Prevalence and determinants of prone sleeping position in infants: Results from two cross-sectional studies on risk factors for SIDS in Germany,American Journal Of Epidemiology,"['Cross-sectional studies', 'Infant care', 'Infant, sleeping position', 'Intervention studies', 'Prevalence', 'Risk', 'Sudden infant death']",TRUE,,TRUE,,,,,,,TRUE,0.95,TRUE,yes,1,1,1650,50,6.93e-5,275.9,,typesafe/jev-1.13-20260917,gen-dec-1789843895-sDTqdldgvHcbl6tbbqQo,,1d16b25dcca8,2026-09-19T18:51:40+0000
299,S400-300,SCOPUS_ID:83755219950,10.1016/j.amepre.2011.08.018,The relationship between intra-group age similarity and exercise adherence,American Journal Of Preventive Medicine,[],TRUE,,TRUE,,,,,,,TRUE,0.38,FALSE,no,0.36,0.28,1541,50,6.4722e-5,305.084,,typesafe/jev-1.13-20260917,gen-dec-1789843895-Ls4C6BIQhgjdDoBb0fMh,,1d16b25dcca8,2026-09-19T18:51:40+0000
300,S400-301,SCOPUS_ID:23044510831,10.2105/AJPH.2003.036517,"HIV incidence among injection drug users in New York City, 1990 to 2002: Use of serologic test algorithm to assess expansion of HIV prevention services",American Journal Of Public Health,[],TRUE,borderline,FALSE,these mainly are about methodological implications,!!!,,,FALSE,,TRUE,0.13,FALSE,no,0.03,0.94,1702,50,7.1484e-5,281.63100000000003,,typesafe/jev-1.13-20260917,gen-dec-1789843895-PeQ6RXaduft5XmUolB3c,,1d16b25dcca8,2026-09-19T18:51:40+0000
301,S400-302,SCOPUS_ID:80052017306,10.2105/AJPH.2011.300210,Public health nursing case management for women receiving temporary assistance for needy families: A randomized controlled trial using community-based participatory research,American Journal Of Public Health,[],TRUE,,TRUE,,,,,,,TRUE,0.55,TRUE,yes,0.56,0.12,1623,50,6.8166e-5,344.844,,typesafe/jev-1.13-20260917,gen-dec-1789843895-5WaKGG1TjwMPkLQU0c6Q,,1d16b25dcca8,2026-09-19T18:51:40+0000
302,S400-303,SCOPUS_ID:85055089923,10.1016/j.amepre.2018.07.021,Use of Preventive Health Services Among Cancer Survivors in the U.S.,American Journal Of Preventive Medicine,[],FALSE,,FALSE,,,,,,,TRUE,0.03,FALSE,no,0,1,1764,50,7.4088e-5,322.87300000000005,,typesafe/jev-1.13-20260917,gen-dec-1789843895-MmIpeCp56FCNalGHWOgZ,,1d16b25dcca8,2026-09-19T18:51:40+0000
303,S400-304,SCOPUS_ID:79961215023,10.1093/aje/kwr108,"Indoor air pollution from coal combustion and the risk of neural tube defects in a rural population in shanxi province, China",American Journal Of Epidemiology,"['Air pollution, indoor', 'China', 'coal', 'neural tube defects', 'polycyclic hydrocarbons, aromatic']",FALSE,,FALSE,,,,,,,TRUE,0.03,FALSE,no,0,1,1684,50,7.0728e-5,294.774,,typesafe/jev-1.13-20260917,gen-dec-1789843895-4C2T7ZeerX3ISyk0Ttsx,,1d16b25dcca8,2026-09-19T18:51:40+0000
304,S400-305,SCOPUS_ID:84862684770,10.1016/j.amepre.2012.03.022,"Motorized transportation, social status, and adiposity: The China Health and Nutrition Survey",American Journal Of Preventive Medicine,[],FALSE,,FALSE,,,,,,,TRUE,0.03,FALSE,no,0,1,1798,50,7.5516e-5,291.931,,typesafe/jev-1.13-20260917,gen-dec-1789843895-NgPHRGmiVsJYg7m3c6AA,,1d16b25dcca8,2026-09-19T18:51:40+0000
305,S400-306,SCOPUS_ID:85150343488,10.1016/j.amepre.2023.01.031,mHealth to Support Outdoor Gym Resistance Training: The ecofit Effectiveness RCT,American Journal Of Preventive Medicine,[],FALSE,,FALSE,,,,,,,TRUE,0.06,FALSE,no,0,0.99,1881,50,7.9002e-5,264.1,,typesafe/jev-1.13-20260917,gen-dec-1789843895-oBeVdHRbD4gebkxyUpyh,,1d16b25dcca8,2026-09-19T18:51:40+0000
306,S400-307,SCOPUS_ID:85085125798,10.1016/j.amepre.2020.01.030,State Policies and Healthcare Use Among Transgender People in the U.S.,American Journal Of Preventive Medicine,[],FALSE,,FALSE,,,,,,,TRUE,0.97,TRUE,yes,1,1,1674,50,7.0308e-5,337.813,,typesafe/jev-1.13-20260917,gen-dec-1789843895-1wZ6EYA0EfVqbUm5avAN,,1d16b25dcca8,2026-09-19T18:51:40+0000
307,S400-308,SCOPUS_ID:85045915004,10.1007/s10654-018-0393-9,Low concentrations of 25-hydroxyvitamin d and long-term prognosis of copd: A prospective cohort study,European Journal Of Epidemiology,"['Chronic bronchitis', 'Emphysema', 'Epidemiology', 'Forced expiratory volume', 'Nutrition', 'Spirometry']",FALSE,,FALSE,,,,,,,TRUE,0.03,FALSE,no,0,1,2065,50,8.673e-5,273.9,,typesafe/jev-1.13-20260917,gen-dec-1789843895-3YLwsKg9hocdJ3EMqsxQ,,1d16b25dcca8,2026-09-19T18:51:40+0000
308,S400-309,SCOPUS_ID:85154049252,10.1093/eurpub/ckac115,Price minimizing behaviours by smokers in Europe (2006-20): evidence from the International Tobacco Control Project,European Journal Of Public Health,[],FALSE,,FALSE,,,,,,,TRUE,0.93,TRUE,yes,0.99,0.97,1807,50,7.5894e-5,284.95,,typesafe/jev-1.13-20260917,gen-dec-1789843895-pksHajhCfngyN5X2eq8m,,1d16b25dcca8,2026-09-19T18:51:40+0000
309,S400-310,SCOPUS_ID:0031662493,10.1093/eurpub/8.3.227,Insufficient prenatal care in Finland and Baden-Wurttemberg characteristics of women and infant outcome,European Journal Of Public Health,"['Birth registry', 'Foreigners', 'Infant outcome', 'Late attendance', 'Prenatal care']",FALSE,,FALSE,,,,,,,TRUE,0.04,FALSE,no,0,1,1653,50,6.9426e-5,1115.413,,typesafe/jev-1.13-20260917,gen-dec-1789843896-2aOKhtafjj0OzzNLiPgf,,1d16b25dcca8,2026-09-19T18:51:40+0000
310,S400-311,SCOPUS_ID:56749096785,10.1093/eurpub/ckn092,Welfare state regimes and income-related health inequalities: A comparison of 23 European countries,European Journal Of Public Health,"['Europe', 'Health inequalities', 'Income', 'Welfare state regimes']",FALSE,,FALSE,,,,,,,TRUE,0.04,FALSE,no,0,1,1704,50,7.1568e-5,1110.474,,typesafe/jev-1.13-20260917,gen-dec-1789843896-d77vlfjI2QdOrnvUKUpj,,1d16b25dcca8,2026-09-19T18:51:40+0000
311,S400-312,SCOPUS_ID:0029962940,10.1136/jech.50.Suppl_1.S36,Short term effect of air pollution on mortality in Polish urban populations - What is different?,Journal Of Epidemiology And Community Health,[],TRUE,,FALSE,calls for further research,!!!,,,FALSE,,TRUE,0.06,FALSE,no,0,0.99,1694,50,7.1148e-5,267.39099999999996,,typesafe/jev-1.13-20260917,gen-dec-1789843895-cIRrSUJTRpkg9e5RmuX0,,1d16b25dcca8,2026-09-19T18:51:40+0000
312,S400-313,SCOPUS_ID:4644352996,10.1093/ije/dyh111,Birthweight and work participation in adulthood,International Journal Of Epidemiology,"['Adult', 'Birthweight', 'Child', 'Cohort studies', 'Employment', 'Follow-up studies', 'Social environment']",FALSE,,FALSE,,,,,,,TRUE,0.03,FALSE,no,0,1,1698,50,7.1316e-5,1143.882,,typesafe/jev-1.13-20260917,gen-dec-1789843896-pCyMv1QFA55Be4bykI2X,,1d16b25dcca8,2026-09-19T18:51:40+0000
313,S400-314,SCOPUS_ID:0028300021,10.1136/jech.48.2.156,Aetiology of peptic ulcer: A prospective population study in Norway,Journal Of Epidemiology And Community Health,[],FALSE,,FALSE,,,,,,,TRUE,0.03,FALSE,no,0,1,1763,50,7.4046e-5,388.819,,typesafe/jev-1.13-20260917,gen-dec-1789843895-BtWkp03RnqPmamFF5kWI,,1d16b25dcca8,2026-09-19T18:51:40+0000
314,S400-315,SCOPUS_ID:70349931950,10.2105/AJPH.2008.145128,Density of tobacco retailers near schools: Effects on tobacco use among students,American Journal Of Public Health,[],TRUE,,TRUE,borderline,,,,,,TRUE,0.87,TRUE,yes,0.98,0.96,1665,50,6.993e-5,378.459,,typesafe/jev-1.13-20260917,gen-dec-1789843895-XuGcShzQM2uj8pf4DOnq,,1d16b25dcca8,2026-09-19T18:51:40+0000
315,S400-316,SCOPUS_ID:0025827858,10.1093/oxfordjournals.aje.a115946,A preliminary study of excess risk of cardiovascular disease in the mothers of patients with rheumatoid arthritis,American Journal Of Epidemiology,"['Arthritis', 'Cardiovscular disease', 'Mothers', 'Rheumatoid', 'Rheumatoid factor']",FALSE,,FALSE,,,,,,,TRUE,0.03,FALSE,no,0,1,1562,50,6.5604e-5,980.132,,typesafe/jev-1.13-20260917,gen-dec-1789843896-vh3LhmiOnt3Kv2Kdd5CK,,1d16b25dcca8,2026-09-19T18:51:40+0000
316,S400-317,SCOPUS_ID:85051259240,10.1016/j.ypmed.2018.08.005,Accuracy of mammography and clinical breast examination in the implementation of breast cancer screening programs in Colombia,Preventive Medicine,"['Breast neoplasms', 'Clinical breast exam', 'Colombia', 'Mammography', 'Massive screening', 'Sensitivity', 'Specificity']",TRUE,,FALSE,mainly methodological implications?,!!!,,,FALSE,,TRUE,0.76,TRUE,yes,0.91,0.82,1753,50,7.3626e-5,1036.392,,typesafe/jev-1.13-20260917,gen-dec-1789843896-hClofMGNuiAcZgiKoRBX,,1d16b25dcca8,2026-09-19T18:51:40+0000
317,S400-318,SCOPUS_ID:0034656922,10.1093/oxfordjournals.aje.a010144,"Fish consumption and coronary heart disease mortality in Finland, Italy, and the Netherlands",American Journal Of Epidemiology,"['Coronary disease', 'Diet', 'Fatty acids, unsaturated', 'Fishes', 'Mortality']",FALSE,,FALSE,,,,,,,TRUE,0.04,FALSE,no,0,1,1687,50,7.0854e-5,881.555,,typesafe/jev-1.13-20260917,gen-dec-1789843896-SqBItk9EzD91TkE3dhQk,,1d16b25dcca8,2026-09-19T18:51:40+0000
318,S400-319,SCOPUS_ID:85041420010,10.1016/j.ypmed.2018.01.001,Perceptions of the relative harmfulness of marijuana and alcohol among adults in Oregon,Preventive Medicine,"['Alcohol', 'Marijuana', 'Perceived harm']",TRUE,,TRUE,,,,,,,TRUE,0.93,TRUE,yes,1,0.99,1701,50,7.1442e-5,922.969,,typesafe/jev-1.13-20260917,gen-dec-1789843896-J9KsiWUsF1Prj1hGEuPb,,1d16b25dcca8,2026-09-19T18:51:40+0000
319,S400-320,SCOPUS_ID:7144261058,10.1093/eurpub/8.2.166,Importance of detailed adjustment for smoking when comparing hospitalization and mortality in men and women in a Danish population study,European Journal Of Public Health,"['Chronic obstructive pulmonary disease', 'COPD', 'Gender', 'Smoking']",FALSE,,FALSE,,,,,,,TRUE,0.16,FALSE,no,0.08,0.83,1564,50,6.5688e-5,251.162,,typesafe/jev-1.13-20260917,gen-dec-1789843896-CxxAT3JhPCpITMU0Sqwo,,1d16b25dcca8,2026-09-19T18:51:40+0000
320,S400-321,SCOPUS_ID:38549135606,10.1093/eurpub/ckm059,Introduction of diagnosis-related groups in Germany: Evaluation of impact on in-patient care in a dermatological setting,European Journal Of Public Health,"['DRG', 'Hospital care', 'Impact', 'In-patient dermatology', 'Length of stay']",FALSE,,FALSE,,,,,,,TRUE,0.08,FALSE,no,0,0.99,1724,50,7.2408e-5,597.832,,typesafe/jev-1.13-20260917,gen-dec-1789843896-PxlKZmDr6zdOwV9ryrER,,1d16b25dcca8,2026-09-19T18:51:40+0000
321,S400-322,SCOPUS_ID:33845413300,10.1093/eurpub/ckl023,Made in the USA: The import of American Consumer Assessment of Health Plan Surveys (CAHPS®) into the Dutch social insurance system,European Journal Of Public Health,"['Health services research', 'Patient satisfaction', 'Questionnaire development', 'Social insurance']",TRUE,,FALSE,methdological research only,!!!,,,TRUE,,TRUE,0.06,FALSE,no,0,1,1689,50,7.0938e-5,344.625,,typesafe/jev-1.13-20260917,gen-dec-1789843896-lMnnobRQ9kTU3hrvxa4c,,1d16b25dcca8,2026-09-19T18:51:40+0000
322,S400-323,SCOPUS_ID:0027338512,10.1093/ije/22.5.936,Paralytic poliomyelitis in oman: association between regional differences in attack rate and variations in antibody responses to oral poliovirus vaccine,International Journal Of Epidemiology,[],TRUE,borderline,TRUE,,,,,,,TRUE,0.81,TRUE,yes,0.91,0.83,1819,50,7.6398e-5,364.92999999999995,,typesafe/jev-1.13-20260917,gen-dec-1789843896-JArz0VL6zYN6CmWkod5o,,1d16b25dcca8,2026-09-19T18:51:40+0000
323,S400-324,SCOPUS_ID:3042525905,10.1016/j.ypmed.2004.02.004,Distress after an abnormal Pap smear result: Scale development and psychometric validation,Preventive Medicine,"['Cervical cancer', 'Cervical intraepithelial neoplasia', 'Cervical smears', 'Cervix dysplasia', 'Distress', 'Papanicolaou smear', 'Psychometrics', 'Questionnaires']",FALSE,,FALSE,,,,,,,TRUE,0.03,FALSE,no,0,1,1653,50,6.9426e-5,312.819,,typesafe/jev-1.13-20260917,gen-dec-1789843896-CKRSnzY9RkGXkgAQphPM,,1d16b25dcca8,2026-09-19T18:51:40+0000
324,S400-325,SCOPUS_ID:85103459974,10.1136/jech-2020-216200,Exploring multilevel social determinants of depressive symptoms for Tanzanian adolescents: Evidence from a cross-sectional study,Journal Of Epidemiology And Community Health,"['adolescents CG', 'depression', 'gender', 'social epidemiology', 'socio-economic']",TRUE,,TRUE,,,,,,,TRUE,0.8,TRUE,yes,0.92,0.85,1781,50,7.4802e-5,275.226,,typesafe/jev-1.13-20260917,gen-dec-1789843896-pyL8FhpT6tV5yJg4pwl5,,1d16b25dcca8,2026-09-19T18:51:40+0000
325,S400-326,SCOPUS_ID:0034468756,10.1023/A:1007601919164,"Risk factors for congenital heart diseases in Alexandria, Egypt",European Journal Of Epidemiology,"['Congenital heart diseases (CHD)', 'Developing countries', 'Genetic susceptibility', 'Risk factors']",TRUE,,TRUE,,,,,,,TRUE,0.93,TRUE,yes,1,0.99,1532,50,6.4344e-5,325.04,,typesafe/jev-1.13-20260917,gen-dec-1789843896-ijHrVn3c8BEDqzWe24CP,,1d16b25dcca8,2026-09-19T18:51:40+0000
326,S400-327,SCOPUS_ID:80955163708,10.1016/j.ypmed.2011.07.018,Until the lab takes it away from epidemiology,Preventive Medicine,"['Cholera', 'Epidemiology', ""Kaposi's sarcoma"", 'Laboratory sciences', 'Pellagra']",FALSE,,FALSE,,,,,,,TRUE,0.05,FALSE,no,0,1,1521,50,6.3882e-5,433.30600000000004,,typesafe/jev-1.13-20260917,gen-dec-1789843896-0UD4tzDx2b69saaFzE9l,,1d16b25dcca8,2026-09-19T18:51:40+0000
327,S400-328,SCOPUS_ID:85140004470,10.1016/j.amepre.2022.05.014,Trends in U.S. Depression Prevalence From 2015 to 2020: The Widening Treatment Gap,American Journal Of Preventive Medicine,[],TRUE,,TRUE,,,,,,,TRUE,0.98,TRUE,yes,1,1,1763,50,7.4046e-5,321.778,,typesafe/jev-1.13-20260917,gen-dec-1789843896-ZcUnEl2JFK0wgSU4qSVR,,1d16b25dcca8,2026-09-19T18:51:40+0000
328,S400-329,SCOPUS_ID:19544362729,10.1016/j.ypmed.2004.11.029,Biochemical and behavioral indices related to BMI in schoolchildren in urban Turkey,Preventive Medicine,"['Cardiovascular disease risk factors', 'Cross-sectional study', 'Diet and exercise', 'Physical fitness', 'Underreporting']",TRUE,,TRUE,,,,,,,TRUE,0.89,TRUE,yes,0.99,0.99,1708,50,7.1736e-5,308.888,,typesafe/jev-1.13-20260917,gen-dec-1789843896-V5d2LyT6CMuFUWPSk0h2,,1d16b25dcca8,2026-09-19T18:51:40+0000
329,S400-330,SCOPUS_ID:85066467725,10.2105/AJPH.2018.304881,Pain management and opioid regulation: Continuing public health challenges,American Journal Of Public Health,[],TRUE,non-emperical,TRUE,,,,,,,TRUE,0.62,TRUE,yes,0.65,0.29,1607,50,6.7494e-5,354.148,,typesafe/jev-1.13-20260917,gen-dec-1789843896-GpLctcT3HAinbi8v66p1,,1d16b25dcca8,2026-09-19T18:51:40+0000
330,S400-331,SCOPUS_ID:0035884546,10.1093/aje/154.6.574,Reported participation in case-control studies: Changes over time,American Journal Of Epidemiology,"['Case-control studies', 'Data collection', 'Epidemiologic methods']",FALSE,,FALSE,,,,,,,TRUE,0.03,FALSE,no,0,1,1667,50,7.0014e-5,302.86,,typesafe/jev-1.13-20260917,gen-dec-1789843896-husa5ogPdyZ1nEAWovyA,,1d16b25dcca8,2026-09-19T18:51:40+0000
331,S400-332,SCOPUS_ID:85076332313,10.1093/eurpub/ckz050,Re-examining access points to the different levels of health care: A cross-sectional series in Austria,European Journal Of Public Health,[],TRUE,,TRUE,,,,,,,TRUE,0.47,FALSE,yes,0.53,0.06,1694,50,7.1148e-5,357.337,,typesafe/jev-1.13-20260917,gen-dec-1789843897-cyYtD6GAtDiA54B9Nfoq,,1d16b25dcca8,2026-09-19T18:51:40+0000
332,S400-333,SCOPUS_ID:0025804967,10.2105/AJPH.81.5.587,Urolithiasis in Tennessee: An occupational window into a regional problem,American Journal Of Public Health,[],FALSE,,FALSE,,,,,,,TRUE,0.04,FALSE,no,0,1,1604,50,6.7368e-5,339.54,,typesafe/jev-1.13-20260917,gen-dec-1789843897-K1n40YgLVjhPcThFHtVH,,1d16b25dcca8,2026-09-19T18:51:40+0000
333,S400-334,SCOPUS_ID:85089293076,10.1016/S2468-2667(20)30139-0,"Parental intent to initiate and complete the human papillomavirus vaccine series in the USA: a nationwide, cross-sectional survey",The Lancet Public Health,[],TRUE,,TRUE,,,,,,,TRUE,0.8,TRUE,yes,0.91,0.82,2259,50,9.4878e-5,354.449,,typesafe/jev-1.13-20260917,gen-dec-1789843897-Fp8onNA9aKZQLlrvUrs0,,1d16b25dcca8,2026-09-19T18:51:40+0000
334,S400-335,SCOPUS_ID:40449129968,10.2105/AJPH.2006.104042,"Current smoking and type 2 diabetes among patients in selected Indian health service clinics, 1998-2003",American Journal Of Public Health,[],TRUE,,TRUE,,,,,,,TRUE,0.95,TRUE,yes,1,1,1627,50,6.8334e-5,292.805,,typesafe/jev-1.13-20260917,gen-dec-1789843897-QkabfZkCBG93jFgNkcG2,,1d16b25dcca8,2026-09-19T18:51:40+0000
335,S400-336,SCOPUS_ID:84983045033,10.1097/EDE.0000000000000551,Spatial variability in the persistence of pneumococcal conjugate vaccine-targeted pneumococcal serotypes among adults,Epidemiology,[],FALSE,,FALSE,,,,,,,TRUE,0.14,FALSE,no,0.03,0.93,1671,50,7.0182e-5,279.098,,typesafe/jev-1.13-20260917,gen-dec-1789843897-vypoRHijtrFbwjFw6Iou,,1d16b25dcca8,2026-09-19T18:51:40+0000
336,S400-337,SCOPUS_ID:0025245751,10.1136/jech.44.4.307,Models for forecasting hospital bed requirements in the acute sector,Journal Of Epidemiology And Community Health,[],FALSE,,FALSE,,,,,,,TRUE,0.1,FALSE,no,0.01,0.98,1509,50,6.3378e-5,253.96999999999997,,typesafe/jev-1.13-20260917,gen-dec-1789843897-u57HdcLoqF50xL0t1st2,,1d16b25dcca8,2026-09-19T18:51:40+0000
337,S400-338,SCOPUS_ID:85092013982,10.1016/j.amepre.2020.06.032,"Infant Health for Arab and Non-Arab Mothers Identifying as White, Black, or Other in Massachusetts",American Journal Of Preventive Medicine,[],TRUE,,TRUE,,,,,,,TRUE,0.45,FALSE,yes,0.52,0.04,1813,50,7.6146e-5,290.18399999999997,,typesafe/jev-1.13-20260917,gen-dec-1789843897-MLHi74YWcel4eRoFqiJC,,1d16b25dcca8,2026-09-19T18:51:40+0000
338,S400-339,SCOPUS_ID:0025880760,10.1016/0091-7435(91)90048-9,Predictors of smoking among Mexican-Americans: Findings from the Hispanic HANES,Preventive Medicine,[],TRUE,,TRUE,,,,,,,TRUE,0.89,TRUE,yes,0.99,0.97,1649,50,6.9258e-5,286.291,,typesafe/jev-1.13-20260917,gen-dec-1789843897-CST2Og2uNxJ1CIyDBtRS,,1d16b25dcca8,2026-09-19T18:51:40+0000
339,S400-340,SCOPUS_ID:75149122788,10.1093/aje/kwp403,Fitting general relative risk models for survival time and matched case-control analysis,American Journal Of Epidemiology,"['Algorithms', 'Cohort studies', 'Conditional likelihood', 'Dose-response function', 'Linear trend', 'Logistic models', 'Models, statistical', 'Software']",FALSE,,FALSE,,,,,,,TRUE,0.02,FALSE,no,0,1,1501,50,6.3042e-5,231.276,,typesafe/jev-1.13-20260917,gen-dec-1789843897-pZstboWFPc4n8TgskIcS,,1d16b25dcca8,2026-09-19T18:51:40+0000
340,S400-341,SCOPUS_ID:84978151027,10.1016/j.ypmed.2016.06.015,"Grandparental education, parental education and adolescent blood pressure",Preventive Medicine,"['Blood pressure', 'Child', 'Cohort studies', 'Grandparental education', 'Parental education', 'Socioeconomic position']",TRUE,,TRUE,,,,,,,TRUE,0.73,TRUE,yes,0.89,0.77,1673,50,7.0266e-5,412.482,,typesafe/jev-1.13-20260917,gen-dec-1789843897-wHRHgy8IhqB1YSO5ykaV,,1d16b25dcca8,2026-09-19T18:51:40+0000
341,S400-342,SCOPUS_ID:32544449982,10.1093/aje/kwj049,"The relation between visceral fat measurement and torso level - Is one level better than another? The Atherosclerosis Risk in Communities Study, 1990-1992",American Journal Of Epidemiology,"['Adipose tissue', 'Body composition', 'Epidemiologic methods', 'Magnetic resonance imaging']",FALSE,,FALSE,,,,,,,TRUE,0.11,FALSE,no,0.03,0.94,1671,50,7.0182e-5,268.749,,typesafe/jev-1.13-20260917,gen-dec-1789843897-Pz2VEX8sE7vNpxC7A0Yg,,1d16b25dcca8,2026-09-19T18:51:40+0000
342,S400-343,SCOPUS_ID:67649226445,10.1093/aje/kwp071,Serum and dietary magnesium and risk of ischemic stroke,American Journal Of Epidemiology,"['Brain infarction', 'Diet', 'Magnesium', 'Risk factors']",FALSE,,FALSE,,,,,,,TRUE,0.03,FALSE,no,0,1,1719,50,7.2198e-5,285.215,,typesafe/jev-1.13-20260917,gen-dec-1789843897-1hQwtKyUWEOVxkXnor5C,,1d16b25dcca8,2026-09-19T18:51:40+0000
343,S400-344,SCOPUS_ID:0027276501,10.1097/00001648-199305000-00004,"Radon, cigarette smoke, and lung cancer: A re-analysis of the Colorado Plateau uranium miners’ data",Epidemiology,"['Initiation', 'Interaction', 'Multistage models', 'Promotion', 'Synergy']",FALSE,,FALSE,,,,,,,TRUE,0.03,FALSE,no,0,1,1584,50,6.6528e-5,410.531,,typesafe/jev-1.13-20260917,gen-dec-1789843897-GMCgN6Qg69VFPS1hcfNU,,1d16b25dcca8,2026-09-19T18:51:40+0000
344,S400-345,SCOPUS_ID:85170110110,10.2105/AJPH.2023.307347,"Communities at Risk for Mpox and Stigmatizing Policies: A Randomized Survey, Republic of Korea, 2022",American Journal Of Public Health,[],TRUE,,TRUE,,,,,,,TRUE,0.36,FALSE,no,0.33,0.35,1601,50,6.7242e-5,287.707,,typesafe/jev-1.13-20260917,gen-dec-1789843897-rriIbrjhNiEzR50UgA2h,,1d16b25dcca8,2026-09-19T18:51:40+0000
345,S400-346,SCOPUS_ID:0029909972,10.2105/AJPH.86.10.1460,Racial differences in urban children's environmental exposures to lead,American Journal Of Public Health,[],FALSE,borderline,FALSE,,,,,,,TRUE,0.06,FALSE,no,0,0.99,1517,50,6.3714e-5,347.008,,typesafe/jev-1.13-20260917,gen-dec-1789843897-FPaRXKf4z5HaRC37ywjU,,1d16b25dcca8,2026-09-19T18:51:40+0000
346,S400-347,SCOPUS_ID:84861137055,10.1016/j.amepre.2012.02.019,Healthcare costs around the time of smoking cessation,American Journal Of Preventive Medicine,[],FALSE,,FALSE,,,,,,,TRUE,0.25,FALSE,no,0.16,0.67,1789,50,7.5138e-5,278.587,,typesafe/jev-1.13-20260917,gen-dec-1789843897-aA0a2vKbv9AjOMtnM6AX,,1d16b25dcca8,2026-09-19T18:51:40+0000
347,S400-348,SCOPUS_ID:0028575896,10.1136/jech.48.6.555,"Damp housing and adult health: Results from a lifestyle study in Worcester, England",Journal Of Epidemiology And Community Health,[],FALSE,,FALSE,,,,,,,TRUE,0.04,FALSE,no,0,1,1638,50,6.8796e-5,259.47900000000004,,typesafe/jev-1.13-20260917,gen-dec-1789843897-HxGGonhZvV2Lc830zC7s,,1d16b25dcca8,2026-09-19T18:51:40+0000
348,S400-349,SCOPUS_ID:80051544347,10.1097/EDE.0b013e31821d1096,Diabetes prevalence in populations of South Asian Indian and African origins: A comparison of england and the Netherlands,Epidemiology,[],FALSE,,FALSE,,,,,,,TRUE,0.06,FALSE,no,0,0.99,1641,50,6.8922e-5,262.072,,typesafe/jev-1.13-20260917,gen-dec-1789843897-hO2XhSzKqdL5MxLuN2hB,,1d16b25dcca8,2026-09-19T18:51:40+0000
349,S400-350,SCOPUS_ID:85076047464,10.1016/j.ypmed.2019.105930,Behavioral correlates of self-reported health status in US active duty military,Preventive Medicine,"['Armed Forces', 'Cardiometabolic risk', 'Exercise', 'Sleep', 'Survey']",TRUE,,TRUE,,,,,,,TRUE,0.97,TRUE,yes,1,1,1710,50,7.182e-5,380.15700000000004,,typesafe/jev-1.13-20260917,gen-dec-1789843897-LpmQDLMPShSpBSZrPwCw,,1d16b25dcca8,2026-09-19T18:51:40+0000
350,S400-351,SCOPUS_ID:84861934308,10.2105/AJPH.2011.300459,Strong tobacco control program requirements and secure funding are not enough: Lessons from Florida,American Journal Of Public Health,[],TRUE,non-emperical,TRUE,,,,,,,TRUE,0.68,TRUE,yes,0.72,0.43,1521,50,6.3882e-5,271.702,,typesafe/jev-1.13-20260917,gen-dec-1789843897-jsmne9nSasYpJ4LaYTuK,,1d16b25dcca8,2026-09-19T18:51:40+0000
351,S400-352,SCOPUS_ID:0031735547,10.1006/pmed.1998.0247,Cancer information service-initiated outcalls to promote screening mammography among low-income and minority women: Design and feasibility testing,Preventive Medicine,"['Cancer Information Service', 'Geodemographic targeting', 'INFORUM', 'Outreach to underserved populations', 'Screening mammography promotion', 'Targeted health interventions', 'Telephone outcalls']",TRUE,,TRUE,,,,,,,TRUE,0.33,FALSE,no,0.29,0.43,1613,50,6.7746e-5,305.194,,typesafe/jev-1.13-20260917,gen-dec-1789843897-tfV1rEReNCwCSKyK5yzK,,1d16b25dcca8,2026-09-19T18:51:40+0000
352,S400-353,SCOPUS_ID:3042719922,10.1093/aje/kwh172,Risk factors for enteric perforation in patients with typhoid fever,American Journal Of Epidemiology,"['Intestinal perforation', 'Multivariate analysis', 'Risk factors', 'Typhoid fever']",FALSE,,FALSE,,,,,,,TRUE,0.03,FALSE,no,0,1,1754,50,7.3668e-5,342.32,,typesafe/jev-1.13-20260917,gen-dec-1789843897-LQp12WBrdVbHY0K0JT2A,,1d16b25dcca8,2026-09-19T18:51:40+0000
353,S400-354,SCOPUS_ID:0028331478,10.1136/jech.48.2.161,"Case-control study on the association between a cluster of childhood haematopoietic malignancies and local environmental factors in Aalsmeer, The Netherlands",Journal Of Epidemiology And Community Health,[],FALSE,,FALSE,,,,,,,TRUE,0.04,FALSE,no,0,1,1748,50,7.3416e-5,246.51999999999998,,typesafe/jev-1.13-20260917,gen-dec-1789843897-8OD3fPe76HBj9pyFAEDu,,1d16b25dcca8,2026-09-19T18:51:40+0000
354,S400-355,SCOPUS_ID:33748295846,10.1016/j.ypmed.2006.04.008,Women's use of hormone therapy before and after the Women's Health Initiative: A psychosocial model of stability and change,Preventive Medicine,"['Health belief model', 'Long-term post-menopausal hormone replacement therapy (HT, HRT)', 'Longitudinal study', ""Women's Health Initiative (WHI)""]",FALSE,,FALSE,,,,,,,TRUE,0.03,FALSE,no,0,1,1669,50,7.0098e-5,250.23899999999998,,typesafe/jev-1.13-20260917,gen-dec-1789843897-kykdbvOBAgHxcJ2Pq50s,,1d16b25dcca8,2026-09-19T18:51:40+0000
355,S400-356,SCOPUS_ID:77951214440,10.2105/AJPH.2009.176834,Decreases in smoking prevalence in asian communities served by the Racial and Ethnic Approaches to Community Health (REACH) project,American Journal Of Public Health,[],TRUE,borderline,FALSE,only description of findings?,!!!,,,FALSE,,TRUE,0.13,FALSE,no,0.02,0.96,1649,50,6.9258e-5,255.90699999999998,,typesafe/jev-1.13-20260917,gen-dec-1789843897-FHcFAanIAHqtWmni4MJO,,1d16b25dcca8,2026-09-19T18:51:40+0000
356,S400-357,SCOPUS_ID:79954578645,10.1016/j.ypmed.2011.01.030,Accelerometer-determined moderate intensity lifestyle activity and cardiometabolic health,Preventive Medicine,"['Cardiovascular disease', 'Diabetes', 'Hypertension', 'Metabolic syndrome', 'NHANES', 'Pedometer']",FALSE,borderline,FALSE,,,,,,,TRUE,0.36,FALSE,no,0.25,0.5,1777,50,7.4634e-5,460.59099999999995,,typesafe/jev-1.13-20260917,gen-dec-1789843897-KFz8yMM6icqT3MD2Cgeu,,1d16b25dcca8,2026-09-19T18:51:40+0000
357,S400-358,SCOPUS_ID:0033804795,10.2105/AJPH.90.10.1575,Driver air bag effectiveness by severity of the crash,American Journal Of Public Health,[],TRUE,,TRUE,,,,,,,TRUE,0.92,TRUE,yes,0.99,0.99,1612,50,6.7704e-5,324.73600000000005,,typesafe/jev-1.13-20260917,gen-dec-1789843897-cnBaTdmLBgpqemnIx44G,,1d16b25dcca8,2026-09-19T18:51:40+0000
358,S400-359,SCOPUS_ID:85107316212,10.1093/aje/kwaa293,Estimating the Effect of Social Distancing Interventions on COVID-19 in the United States,American Journal Of Epidemiology,"['Bayesian hierarchical model', 'intervention effect size', 'reproduction number', 'severe acute respiratory syndrome coronavirus 2', 'social isolation']",TRUE,,TRUE,,,,,,,TRUE,0.84,TRUE,yes,0.93,0.86,1633,50,6.8586e-5,261.384,,typesafe/jev-1.13-20260917,gen-dec-1789843898-VfKKnKNI5cbVzcQLhqvU,,1d16b25dcca8,2026-09-19T18:51:40+0000
359,S400-360,SCOPUS_ID:0037083172,10.1093/aje/155.4.346,Ethnic differences in the association between body mass index and hypertension,American Journal Of Epidemiology,"['Adult', 'Body mass index', 'Ethnic groups', 'Hypertension', 'Obesity']",FALSE,borderline,FALSE,,,,,,,TRUE,0.34,FALSE,no,0.21,0.58,1626,50,6.8292e-5,368.247,,typesafe/jev-1.13-20260917,gen-dec-1789843898-1ssDKPquPE15YDoEcHt6,,1d16b25dcca8,2026-09-19T18:51:40+0000
360,S400-361,SCOPUS_ID:85035214808,10.1016/j.ypmed.2017.10.021,Projected impacts of federal tax policy proposals on mortality burden in the United States: A microsimulation analysis,Preventive Medicine,"['Income inequality', 'Microsimulation', 'Social determinants', 'Taxation']",TRUE,,TRUE,,,,,,,TRUE,0.98,TRUE,yes,1,1,1805,50,7.581e-5,274.15099999999995,,typesafe/jev-1.13-20260917,gen-dec-1789843898-wNOHdQW9gC5reLSQbVNr,,1d16b25dcca8,2026-09-19T18:51:40+0000
361,S400-362,SCOPUS_ID:0027963297,10.1093/oxfordjournals.aje.a117264,Epidemiology of intermittent claudication in middle-aged men,American Journal Of Epidemiology,"['Incidence', 'Peripheral vascular diseases', 'Prevalence', 'Risk factors']",TRUE,,TRUE,borderline,,,,,,TRUE,0.41,FALSE,no,0.48,0.05,2001,50,8.4042e-5,273.432,,typesafe/jev-1.13-20260917,gen-dec-1789843898-5T5Pebvk67GyEb2a87G2,,1d16b25dcca8,2026-09-19T18:51:40+0000
362,S400-363,SCOPUS_ID:0027732493,10.1093/ije/22.Supplement_2.S113,Sources of discrepancies between a job exposure matrix and a case by case expert assessment for occupational exposure to formaldehyde and wood-dust,International Journal Of Epidemiology,[],FALSE,,FALSE,,,,,,,TRUE,0.21,FALSE,no,0.21,0.59,1788,50,7.5096e-5,386.23600000000005,,typesafe/jev-1.13-20260917,gen-dec-1789843898-69iuCcM09IW6AoX0mIL7,,1d16b25dcca8,2026-09-19T18:51:40+0000
363,S400-364,SCOPUS_ID:0037308475,10.2105/AJPH.93.2.307,Hysterectomy prevalence by hispanic ethnicity: Evidence from a national survey,American Journal Of Public Health,[],FALSE,,FALSE,,,,,,,TRUE,0.07,FALSE,no,0,0.99,1616,50,6.7872e-5,286.238,,typesafe/jev-1.13-20260917,gen-dec-1789843898-ZwDHfJfCrqDBz90cGppv,,1d16b25dcca8,2026-09-19T18:51:40+0000
364,S400-365,SCOPUS_ID:0034118036,10.1136/jech.54.5.333,Weather and the risk of sudden infant death syndrome: The effect of wind,Journal Of Epidemiology And Community Health,[],FALSE,,FALSE,,,,,,,TRUE,0.04,FALSE,no,0,1,1654,50,6.9468e-5,538.0840000000001,,typesafe/jev-1.13-20260917,gen-dec-1789843898-0pvOkNY2xqfaQg09AGhw,,1d16b25dcca8,2026-09-19T18:51:40+0000
365,S400-366,SCOPUS_ID:85137301338,10.1007/s10654-022-00907-z,Temporal trends in calls for suicide attempts to poison control centers in France during the COVID-19 pandemic: a nationwide study,European Journal Of Epidemiology,"['Adolescent', 'Age', 'Attempted suicide', 'COVID-19', 'Gender', 'Poison Control Center', 'Surveillance']",TRUE,,FALSE,"borderline, the conclusion is about monitoring",!!!,,,FALSE,,TRUE,0.3,FALSE,no,0.21,0.58,1705,50,7.161e-5,322.32,,typesafe/jev-1.13-20260917,gen-dec-1789843898-89VpoYxzXVTHqtuwV49S,,1d16b25dcca8,2026-09-19T18:51:40+0000
366,S400-367,SCOPUS_ID:0034895821,10.2105/AJPH.91.8.1276,Adolescent sexual orientation and suicide risk: Evidence from a national study,American Journal Of Public Health,[],FALSE,,FALSE,,,,,,,TRUE,0.04,FALSE,no,0,1,1522,50,6.3924e-5,288.078,,typesafe/jev-1.13-20260917,gen-dec-1789843898-wjkDGKx5BuKZo4Jr905o,,1d16b25dcca8,2026-09-19T18:51:40+0000
367,S400-368,SCOPUS_ID:0025062447,10.1093/oxfordjournals.aje.a115489,"Self-evaluated health and mortality among the elderly in New Haven, Connecticut, and Iowa and Washington counties, Iowa, 1982-1986",American Journal Of Epidemiology,"['Aged', 'Chronic disease', 'Health surveys', 'Mortality', 'Prospective studies']",FALSE,,FALSE,,,,,,,TRUE,0.04,FALSE,no,0,1,1741,50,7.3122e-5,360.88,,typesafe/jev-1.13-20260917,gen-dec-1789843898-f4QsfrhkcOrMDguQel66,,1d16b25dcca8,2026-09-19T18:51:40+0000
368,S400-369,SCOPUS_ID:85070606772,10.2105/AJPH.2019.305171,"Included, but deportable: A new public health approach to policies that criminalize and integrate immigrants",American Journal Of Public Health,[],TRUE,non-emperical,TRUE,,,,,,,TRUE,0.45,FALSE,no,0.37,0.26,1573,50,6.6066e-5,292.762,,typesafe/jev-1.13-20260917,gen-dec-1789843898-pW8HnsdQUcTQjx7mwJQO,,1d16b25dcca8,2026-09-19T18:51:40+0000
369,S400-370,SCOPUS_ID:77957280907,10.1136/jech.2009.088476,Does socio-economic status predict grip strength in older Europeans? Results from the SHARE study in non-institutionalised men and women aged 50+,Journal Of Epidemiology And Community Health,[],FALSE,,FALSE,,,,,,,TRUE,0.03,FALSE,no,0,1,1729,50,7.2618e-5,310.959,,typesafe/jev-1.13-20260917,gen-dec-1789843898-F7BjM6m4FFIpd99oi5Hg,,1d16b25dcca8,2026-09-19T18:51:40+0000
370,S400-371,SCOPUS_ID:0029094918,10.1097/00001648-199509000-00013,Cutaneous melanoma in women. V. Characteristics of those who tan and those who burn when exposed to summer sun,Epidemiology,"['Melanoma', 'Nevus', 'Pigmentation', 'Race', 'Sunburn', 'Sunlight', 'Ultraviolet rays']",FALSE,,FALSE,,,,,,,TRUE,0.03,FALSE,no,0,1,1582,50,6.6444e-5,289.897,,typesafe/jev-1.13-20260917,gen-dec-1789843898-tMJegtn4Rk087mOeW0Zh,,1d16b25dcca8,2026-09-19T18:51:40+0000
371,S400-372,SCOPUS_ID:85148668904,10.1016/j.ypmed.2023.107437,The first nicotine product tried is associated with current multiple nicotine product use and nicotine dependence among a nationally representative sample of U.S. youths,Preventive Medicine,"['Adolescents', 'E-cigarettes', 'Multiple nicotine product use', 'Nicotine dependence', 'Polytobacco use', 'Smoking devices', 'Tobacco']",FALSE,target seemed to be research,FALSE,,,,,,,TRUE,0.27,FALSE,no,0.12,0.76,1733,50,7.2786e-5,294.52,,typesafe/jev-1.13-20260917,gen-dec-1789843898-P9zw5u5cU0OKUSIDXp3h,,1d16b25dcca8,2026-09-19T18:51:40+0000
372,S400-373,SCOPUS_ID:0348010397,10.1093/aje/kwg274,Sources of Variability in Blood Pressure Measurement using the Dinamap PRO 100 Automated Oscillometric Device,American Journal Of Epidemiology,"['Blood pressure', 'Epidemiologic methods', 'Equipment and supplies', 'Observer variation', 'Oscillometry', 'Research design']",FALSE,,FALSE,,,,,,,TRUE,0.03,FALSE,no,0,1,1720,50,7.224e-5,265.218,,typesafe/jev-1.13-20260917,gen-dec-1789843898-uWB4o2mWDKZ2HgfeC1Ky,,1d16b25dcca8,2026-09-19T18:51:40+0000
373,S400-374,SCOPUS_ID:33845671785,10.1093/aje/kwj330,Nutrient intake and risk of non-Hodgkin's lymphoma,American Journal Of Epidemiology,"['Case-control studies', 'Diet', 'Fatty acids', 'Lymphoma', 'Non-Hodgkin', 'Nutrition', 'Vitamin D']",FALSE,,FALSE,,,,,,,TRUE,0.03,FALSE,no,0,1,1695,50,7.119e-5,287.76099999999997,,typesafe/jev-1.13-20260917,gen-dec-1789843898-TslPckrLwIQmTkL0rlU1,,1d16b25dcca8,2026-09-19T18:51:40+0000
374,S400-375,SCOPUS_ID:0028218149,10.1093/oxfordjournals.aje.a117011,Melanocytic Nevi in children: I. Anatomic sites and demographic and host factors,American Journal Of Epidemiology,"['Ethnic groups', 'Eye color', 'Hair color', 'Melanoma', 'Nevus', 'Skin pigmentation', 'Social class']",FALSE,,FALSE,,,,,,,TRUE,0.02,FALSE,no,0,1,1726,50,7.2492e-5,456.58,,typesafe/jev-1.13-20260917,gen-dec-1789843898-7xxUxtJd4I0ACFDPDdnG,,1d16b25dcca8,2026-09-19T18:51:40+0000
375,S400-376,SCOPUS_ID:84894498259,10.1016/j.ypmed.2014.01.019,An emerging adolescent health risk: Caffeinated energy drink consumption patterns among high school students,Preventive Medicine,"['Caffeinated energy drinks', 'College students', 'Health risk', 'High school students', 'Mental health', 'Prevalence']",FALSE,,FALSE,,,,,,,TRUE,0.08,FALSE,no,0.01,0.99,1598,50,6.7116e-5,255.786,,typesafe/jev-1.13-20260917,gen-dec-1789843898-kkE3nOCb5mtyAaB949q5,,1d16b25dcca8,2026-09-19T18:51:40+0000
376,S400-377,SCOPUS_ID:84952629734,10.1016/j.amepre.2015.06.015,Effect of Community Volunteering on Physical Activity: A Randomized Controlled Trial,American Journal Of Preventive Medicine,[],FALSE,,FALSE,,,,,,,TRUE,0.07,FALSE,no,0,0.99,1722,50,7.2324e-5,331.69599999999997,,typesafe/jev-1.13-20260917,gen-dec-1789843898-lBly1kzmTDnvPLqP6Svn,,1d16b25dcca8,2026-09-19T18:51:40+0000
377,S400-378,SCOPUS_ID:81555226637,10.2105/AJPH.2011.300355,Community health workers' perspectives on their contribution to rural health and well-being in Iran,American Journal Of Public Health,[],TRUE,,TRUE,,,,,,,TRUE,0.07,FALSE,no,0,1,1569,50,6.5898e-5,256.48900000000003,,typesafe/jev-1.13-20260917,gen-dec-1789843898-6i7YVuuGq4of9QfgoO08,,1d16b25dcca8,2026-09-19T18:51:40+0000
378,S400-379,SCOPUS_ID:85014529008,10.2105/AJPH.2017.303653,Parent-centered prevention of risky behaviors among hispanic youths in Florida,American Journal Of Public Health,[],TRUE,,TRUE,,,,,,,TRUE,0.12,FALSE,no,0.02,0.96,1609,50,6.7578e-5,293.3,,typesafe/jev-1.13-20260917,gen-dec-1789843898-rgZHnsMF1CluKvLaoDmf,,1d16b25dcca8,2026-09-19T18:51:40+0000
379,S400-380,SCOPUS_ID:84865695664,10.1016/j.amepre.2012.05.025,YMCA commit to quit: Randomized trial outcomes,American Journal Of Preventive Medicine,[],FALSE,,FALSE,,,,,,,TRUE,0.04,FALSE,no,0,1,1845,50,7.749e-5,231.638,,typesafe/jev-1.13-20260917,gen-dec-1789843898-5qnbrwkIAxpCmPn9dsDT,,1d16b25dcca8,2026-09-19T18:51:40+0000
380,S400-381,SCOPUS_ID:0029938965,10.2105/AJPH.86.4.533,The health insurance status of US latino women: A profile from the 1982-1984 HHANES,American Journal Of Public Health,[],FALSE,,FALSE,,,,,,,TRUE,0.98,TRUE,yes,1,1,1610,50,6.762e-5,266.13,,typesafe/jev-1.13-20260917,gen-dec-1789843898-j7fr16GROgm57oLZCvmr,,1d16b25dcca8,2026-09-19T18:51:40+0000
381,S400-382,SCOPUS_ID:0028901996,10.1016/s0749-3797(18)30485-9,Drug use prevalence in a rural school-age population: The New Hampshire survey,American Journal Of Preventive Medicine,[],FALSE,,FALSE,,,,,,,TRUE,0.03,FALSE,no,0,1,1574,50,6.6108e-5,321.738,,typesafe/jev-1.13-20260917,gen-dec-1789843898-XtZsnUAtfXbd6vBPKwVN,,1d16b25dcca8,2026-09-19T18:51:40+0000
382,S400-383,SCOPUS_ID:0027184614,10.1093/ije/22.4.666,Smoking cessation and changes in respiratory symptoms in two populations followed for 13 years,International Journal Of Epidemiology,[],FALSE,,FALSE,,,,,,,TRUE,0.03,FALSE,no,0,1,1543,50,6.4806e-5,347.796,,typesafe/jev-1.13-20260917,gen-dec-1789843898-4Vh9wQ0PidFPjipXdrAb,,1d16b25dcca8,2026-09-19T18:51:40+0000
383,S400-384,SCOPUS_ID:84862529617,10.2105/AJPH.2011.300460,Implementing rapid HIV testing with or without risk-reduction counseling in drug treatment centers: Results of a randomized trial,American Journal Of Public Health,[],FALSE,,FALSE,,,,,,,TRUE,0.18,FALSE,no,0.05,0.91,1695,50,7.119e-5,337.635,,typesafe/jev-1.13-20260917,gen-dec-1789843898-vhwYc8euxFwsdAYOqhMJ,,1d16b25dcca8,2026-09-19T18:51:40+0000
384,S400-385,SCOPUS_ID:0346724559,10.1093/eurpub/13.4.334,Unusually strong association between education and mortality in young adults in a community with a high rate of injection-drug users,European Journal Of Public Health,"['Education', 'Leading causes of death', 'Mortality', 'Young adults']",FALSE,,FALSE,,,,,,,TRUE,0.04,FALSE,no,0,1,1628,50,6.8376e-5,275.331,,typesafe/jev-1.13-20260917,gen-dec-1789843898-ZkpLCkl3hAiyXrwMJ4I7,,1d16b25dcca8,2026-09-19T18:51:40+0000
385,S400-386,SCOPUS_ID:5644266333,10.1016/j.amepre.2004.07.005,The association between length of residence and obesity among Hispanic immigrants,American Journal Of Preventive Medicine,[],TRUE,,TRUE,,,,,,,TRUE,0.8,TRUE,yes,0.94,0.87,1681,50,7.0602e-5,285.38,,typesafe/jev-1.13-20260917,gen-dec-1789843898-U3r0BLcqfz35pM5X3gK7,,1d16b25dcca8,2026-09-19T18:51:40+0000
386,S400-387,SCOPUS_ID:84891721281,10.2105/AJPH.2012.301091,"Smoking and risk of coronary heart disease in younger, middle-aged, and older adults",American Journal Of Public Health,[],TRUE,,FALSE,this is just a description of the results,!!!,,,FALSE,,TRUE,0.85,TRUE,yes,0.98,0.95,1672,50,7.0224e-5,329.65299999999996,,typesafe/jev-1.13-20260917,gen-dec-1789843899-gXFQ7fEJ5Ismvs745vPB,,1d16b25dcca8,2026-09-19T18:51:40+0000
387,S400-388,SCOPUS_ID:85152705375,10.1016/j.amepre.2023.03.008,Racial/Ethnic Disparities in Mental Healthcare in Youth With Incarcerated Parents,American Journal Of Preventive Medicine,[],TRUE,,TRUE,,,,,,,TRUE,0.94,TRUE,yes,1,0.99,1813,50,7.6146e-5,518.156,,typesafe/jev-1.13-20260917,gen-dec-1789843899-1Xdd7t2Z356cJJC7fswz,,1d16b25dcca8,2026-09-19T18:51:40+0000
388,S400-389,SCOPUS_ID:12344261745,10.1093/ije/dyh284,Maternal calcium supplementation and cardiovascular risk factors in twin offspring,International Journal Of Epidemiology,"['Calcium', 'Cardiovascular disease', 'Children', 'Lipids', 'Pregnancy']",TRUE,,TRUE,,,,,,,TRUE,0.61,TRUE,yes,0.72,0.44,1821,50,7.6482e-5,307.533,,typesafe/jev-1.13-20260917,gen-dec-1789843899-kaNw04ttE3EQBtxAmTp4,,1d16b25dcca8,2026-09-19T18:51:40+0000
389,S400-390,SCOPUS_ID:0034073172,10.1093/eurpub/10.1.68,"Disease-related distress among insulin-treated diabetic patients: Associations with health status, psychosocial factors and self-care practices",European Journal Of Public Health,"['Diabetes cognitions', 'Diabetes distress', 'Health status', 'Insulin-treated diabetes', 'Social support']",TRUE,,TRUE,,,,,,,TRUE,0.71,TRUE,yes,0.89,0.78,1688,50,7.0896e-5,404.89799999999997,,typesafe/jev-1.13-20260917,gen-dec-1789843899-KCRMkKKuK6JaRAkJ9dAH,,1d16b25dcca8,2026-09-19T18:51:40+0000
390,S400-391,SCOPUS_ID:85124166197,10.1016/j.ypmed.2022.106981,Valuing the cross-sector benefits from improving youth health to drive investment in place-based preventive interventions in the US: A simulation modeling study,Preventive Medicine,"['Child health', 'Health policy', 'Healthcare financing', 'Mental health', 'Prevention']",TRUE,,TRUE,,,,,,,TRUE,0.96,TRUE,yes,1,1,1667,50,7.0014e-5,260.861,,typesafe/jev-1.13-20260917,gen-dec-1789843899-s9zmG6iv7Q5TzDOrG5nY,,1d16b25dcca8,2026-09-19T18:51:40+0000
391,S400-392,SCOPUS_ID:47949122155,10.1016/j.ypmed.2008.05.006,Physical activity as a strategy for maintaining tobacco abstinence: A randomized trial,Preventive Medicine,"['Pedometer', 'Physical activity', 'Randomized trial', 'Relapse prevention', 'Smoking cessation']",FALSE,,FALSE,,,,,,,TRUE,0.08,FALSE,no,0.01,0.99,1935,50,8.127e-5,283.694,,typesafe/jev-1.13-20260917,gen-dec-1789843899-BDM6evVv41tyLG2w4tcp,,1d16b25dcca8,2026-09-19T18:51:40+0000
392,S400-393,SCOPUS_ID:84905649813,10.1093/ije/dyu051,Do population-based interventions widen or narrow socioeconomic inequalities? The case of breastfeeding promotion,International Journal Of Epidemiology,"['Breastfeeding', 'Cognitive functioning', 'Health inequalities', 'Randomized intervention trials']",FALSE,,FALSE,,,,,,,TRUE,0.04,FALSE,no,0,1,1827,50,7.6734e-5,270.69,,typesafe/jev-1.13-20260917,gen-dec-1789843899-JRzXiN7Ya0brlJnrCOYf,,1d16b25dcca8,2026-09-19T18:51:40+0000
393,S400-394,SCOPUS_ID:0027454355,10.1006/pmed.1993.1068,"Dietary fat, calories, and fiber in colon cancer",Preventive Medicine,[],FALSE,non-emperical,FALSE,,,,,,,TRUE,0.03,FALSE,no,0,1,1497,50,6.2874e-5,273.22200000000004,,typesafe/jev-1.13-20260917,gen-dec-1789843899-yuZTkc5ZYrgGXPiWaMJn,,1d16b25dcca8,2026-09-19T18:51:40+0000
394,S400-395,SCOPUS_ID:33846042221,10.1016/j.ypmed.2006.07.016,Lower risk of death from gastric cancer among participants of gastric cancer screening in Japan: A population-based cohort study,Preventive Medicine,"['Cohort study', 'Gastric cancer', 'Gastric cancer screening', 'Japanese']",FALSE,,FALSE,,,,,,,TRUE,0.06,FALSE,no,0,1,1658,50,6.9636e-5,311.46000000000004,,typesafe/jev-1.13-20260917,gen-dec-1789843899-tAyElmimohuBtpXZ5xhm,,1d16b25dcca8,2026-09-19T18:51:40+0000
395,S400-396,SCOPUS_ID:0041834522,10.1093/aje/kwg184,"Wine, liquor, beer, and mortality",American Journal Of Epidemiology,"['Alcohol drinking', 'Alcoholic beverages', 'Beer', 'Mortality', 'Risk', 'Wine']",FALSE,,FALSE,,,,,,,TRUE,0.03,FALSE,no,0,1,1646,50,6.9132e-5,302.684,,typesafe/jev-1.13-20260917,gen-dec-1789843899-SYCRtHzHvSOjxAS1W6Qy,,1d16b25dcca8,2026-09-19T18:51:40+0000
396,S400-397,SCOPUS_ID:0029941114,10.1093/oxfordjournals.aje.a008709,NHLBI Family Heart Study: Objectives and design,American Journal Of Epidemiology,"['coronary heart disease', 'genetics', 'hypertension', 'risk factors']",FALSE,non-emperical,FALSE,,,,,,,TRUE,0.02,FALSE,no,0,1,1655,50,6.951e-5,263.618,,typesafe/jev-1.13-20260917,gen-dec-1789843899-lsq0u8ogSNV97nxD7qq0,,1d16b25dcca8,2026-09-19T18:51:40+0000
397,S400-398,SCOPUS_ID:33745658835,10.2105/AJPH.2005.062224,Effect of educational level and minority status on nursing home choice after hospital discharge,American Journal Of Public Health,[],TRUE,,TRUE,"borderline, I was not sure what the  policy implication was",,,,,,TRUE,0.64,TRUE,yes,0.74,0.48,1623,50,6.8166e-5,242.083,,typesafe/jev-1.13-20260917,gen-dec-1789843899-NJaxiidsfltYYWHdbOBb,,1d16b25dcca8,2026-09-19T18:51:40+0000
398,S400-399,SCOPUS_ID:78649935623,10.1016/j.amepre.2010.09.009,Characteristics and prevalence of tobacco use among somali youth in minnesota,American Journal Of Preventive Medicine,[],TRUE,,TRUE,,,,,,,TRUE,0.89,TRUE,yes,0.99,0.98,1774,50,7.4508e-5,333.142,,typesafe/jev-1.13-20260917,gen-dec-1789843899-cFquRtZwvGRXm5d2kks5,,1d16b25dcca8,2026-09-19T18:51:40+0000
399,S400-400,SCOPUS_ID:84875174408,10.2105/AJPH.2012.301016,Improving the environmental quality component of the county health rankings model,American Journal Of Public Health,[],TRUE,,FALSE,the recommendaiotn is about research (more data),!!!,,,FALSE,,TRUE,0.21,FALSE,no,0.07,0.86,1592,50,6.6864e-5,264.962,,typesafe/jev-1.13-20260917,gen-dec-1789843899-VFtgf2S4FIlSGOwN21zL,,1d16b25dcca8,2026-09-19T18:51:40+0000
